t,F,D,P1,P2,T
492.115,0.11776,0.0,100.0,120.0,29.86
492.223,0.12031,0.001,100.0,120.0,29.86
492.323,0.11689,0.002,100.0,120.0,29.88
492.423,0.11884,0.004,100.0,120.0,29.88
492.523,0.11508,0.005,100.0,120.0,29.88
492.623,0.11603,0.007,100.0,120.0,29.86
492.723,0.11886,0.009,100.0,120.0,29.86
492.823,0.11434,0.011,100.0,120.0,29.86
492.923,0.11358,0.013,100.0,120.0,29.88
493.023,0.11498,0.014,100.0,120.0,29.88
493.123,0.12401,0.016,100.0,120.0,29.88
493.223,0.12058,0.018,100.0,120.0,29.9
493.323,0.11378,0.02,100.0,120.0,29.9
493.423,0.11938,0.021,100.0,120.0,29.9
493.523,0.12026,0.023,100.0,120.0,29.84
493.623,0.118,0.025,100.0,120.0,29.84
493.723,0.10986,0.027,100.0,120.0,29.84
493.823,0.11473,0.028,100.0,120.0,29.79
493.923,0.12182,0.03,100.0,120.0,29.79
494.023,0.12,0.032,100.0,120.0,29.79
494.123,0.11608,0.034,100.0,120.0,29.74
494.223,0.11515,0.036,100.0,120.0,29.74
494.323,0.12134,0.037,100.0,120.0,29.74
494.423,0.1183,0.039,100.0,120.0,29.75
494.522,0.1212,0.041,100.0,120.0,29.75
494.623,0.11775,0.043,100.0,120.0,29.75
494.723,0.11621,0.044,100.0,120.0,29.71
494.823,0.11584,0.046,100.0,120.0,29.71
494.923,0.11614,0.048,100.0,120.0,29.71
495.023,0.11484,0.05,100.0,120.0,29.75
495.123,0.11956,0.052,100.0,120.0,29.75
495.223,0.11965,0.053,100.0,120.0,29.75
495.323,0.11985,0.055,100.0,120.0,29.75
495.423,0.12402,0.057,100.0,120.0,29.75
495.523,0.1196,0.059,100.0,120.0,29.75
495.623,0.11548,0.06,100.0,120.0,29.79
495.723,0.11548,0.062,100.0,120.0,29.79
495.823,0.11947,0.064,100.0,120.0,29.79
495.923,0.11938,0.066,100.0,120.0,29.78
496.023,0.12311,0.068,100.0,120.0,29.78
496.123,0.12583,0.069,100.0,120.0,29.78
496.223,0.12136,0.071,100.0,120.0,29.78
496.323,0.12113,0.073,100.0,120.0,29.78
496.423,0.11969,0.075,100.0,120.0,29.78
496.523,0.12155,0.076,100.0,120.0,29.77
496.623,0.12234,0.078,100.0,120.0,29.77
496.724,0.12365,0.08,100.0,120.0,29.77
496.823,0.12123,0.082,100.0,120.0,29.85
496.923,0.1269,0.084,100.0,120.0,29.85
497.023,0.12798,0.085,100.0,120.0,29.85
497.123,0.12236,0.087,100.0,120.0,29.94
497.223,0.13021,0.089,100.0,120.0,29.94
497.323,0.1289,0.091,100.0,120.0,29.94
497.423,0.12834,0.092,100.0,120.0,29.99
497.523,0.12173,0.094,100.0,120.0,29.99
497.623,0.12598,0.096,100.0,120.0,29.99
497.722,0.12303,0.098,100.0,120.0,29.99
497.823,0.13126,0.1,100.0,120.0,29.99
497.923,0.13766,0.101,100.0,120.0,29.99
498.023,0.13664,0.103,100.0,120.0,30.03
498.123,0.13057,0.105,100.0,120.0,30.03
498.223,0.13038,0.107,100.0,120.0,30.03
498.324,0.11791,0.108,100.0,120.0,30.03
498.423,0.118,0.11,100.0,120.0,30.03
498.523,0.12354,0.112,100.0,120.0,30.03
498.623,0.12213,0.114,100.0,120.0,29.98
498.723,0.12169,0.116,100.0,120.0,29.98
498.823,0.12102,0.117,100.0,120.0,29.98
498.923,0.1246,0.119,100.0,120.0,30.02
499.023,0.12385,0.121,100.0,120.0,30.02
499.123,0.12412,0.123,100.0,120.0,30.02
499.223,0.12083,0.125,100.0,120.0,30.02
499.323,0.12474,0.126,100.0,120.0,30.02
499.423,0.12352,0.128,100.0,120.0,30.02
499.524,0.1283,0.13,100.0,120.0,29.98
499.623,0.13319,0.132,100.0,120.0,29.98
499.723,0.13044,0.133,100.0,120.0,29.98
499.823,0.13368,0.135,100.0,120.0,30.02
499.923,0.12502,0.137,100.0,120.0,30.02
500.023,0.12787,0.139,100.0,120.0,30.02
500.123,0.13204,0.141,100.0,120.0,30.02
500.223,0.12822,0.142,100.0,120.0,30.02
500.323,0.12957,0.144,100.0,120.0,30.02
500.423,0.13478,0.146,100.0,120.0,30.01
500.523,0.12911,0.148,100.0,120.0,30.01
500.623,0.12873,0.149,100.0,120.0,30.01
500.723,0.13057,0.151,100.0,120.0,30.01
500.823,0.12884,0.153,100.0,120.0,30.01
500.922,0.12615,0.155,100.0,120.0,30.01
501.023,0.13334,0.157,100.0,120.0,29.97
501.123,0.12704,0.158,100.0,120.0,29.97
501.223,0.13005,0.16,100.0,120.0,29.97
501.323,0.12299,0.162,100.0,120.0,29.98
501.423,0.126,0.164,100.0,120.0,29.98
501.523,0.12077,0.166,100.0,120.0,29.98
501.623,0.12187,0.167,100.0,120.0,30.02
501.723,0.12758,0.169,100.0,120.0,30.02
501.823,0.12432,0.171,100.0,120.0,30.02
501.923,0.12548,0.173,100.0,120.0,30.05
502.023,0.13444,0.174,100.0,120.0,30.05
502.123,0.13586,0.176,100.0,120.0,30.05
502.223,0.13341,0.178,100.0,120.0,30.04
502.323,0.12859,0.18,100.0,120.0,30.04
502.423,0.13171,0.182,100.0,120.0,30.04
502.523,0.13248,0.183,100.0,120.0,30.0
502.623,0.13759,0.185,100.0,120.0,30.0
502.723,0.13035,0.187,100.0,120.0,30.0
502.823,0.1275,0.189,100.0,120.0,30.04
502.923,0.13453,0.19,100.0,120.0,30.04
503.023,0.13658,0.192,100.0,120.0,30.04
503.123,0.13152,0.194,100.0,120.0,30.03
503.223,0.13425,0.196,100.0,120.0,30.03
503.323,0.13952,0.198,100.0,120.0,30.03
503.423,0.13955,0.199,100.0,120.0,30.07
503.523,0.13974,0.201,100.0,120.0,30.07
503.623,0.14139,0.203,100.0,120.0,30.07
503.723,0.13905,0.205,100.0,120.0,30.09
503.823,0.13473,0.206,100.0,120.0,30.09
503.923,0.12991,0.208,100.0,120.0,30.09
504.023,0.12798,0.21,100.0,120.0,30.12
504.122,0.13204,0.212,100.0,120.0,30.12
504.223,0.12886,0.214,100.0,120.0,30.12
504.323,0.1353,0.215,100.0,120.0,30.02
504.423,0.13872,0.217,100.0,120.0,30.02
504.523,0.14127,0.219,100.0,120.0,30.02
504.623,0.13684,0.221,100.0,120.0,29.98
504.723,0.13321,0.222,100.0,120.0,29.98
504.823,0.13456,0.224,100.0,120.0,29.98
504.923,0.14304,0.226,100.0,120.0,30.02
505.023,0.13931,0.228,100.0,120.0,30.02
505.123,0.13208,0.23,100.0,120.0,30.02
505.223,0.13824,0.231,100.0,120.0,30.09
505.323,0.13604,0.233,100.0,120.0,30.09
505.423,0.13582,0.235,100.0,120.0,30.09
505.523,0.14006,0.237,100.0,120.0,30.04
505.623,0.14143,0.238,100.0,120.0,30.04
505.723,0.13227,0.24,100.0,120.0,30.04
505.823,0.13909,0.242,100.0,120.0,30.0
505.923,0.14408,0.244,100.0,120.0,30.0
506.023,0.1355,0.246,100.0,120.0,30.0
506.123,0.13206,0.247,100.0,120.0,30.0
506.223,0.13833,0.249,100.0,120.0,30.0
506.323,0.13682,0.251,100.0,120.0,30.0
506.423,0.14761,0.253,100.0,120.0,30.07
506.523,0.14772,0.254,100.0,120.0,30.07
506.623,0.14583,0.256,100.0,120.0,30.07
506.723,0.13988,0.258,100.0,120.0,30.1
506.823,0.13462,0.26,100.0,120.0,30.1
506.923,0.14487,0.262,100.0,120.0,30.1
507.023,0.14507,0.263,100.0,120.0,30.01
507.123,0.14775,0.265,100.0,120.0,30.01
507.223,0.13795,0.267,100.0,120.0,30.01
507.322,0.13484,0.269,100.0,120.0,30.01
507.423,0.14322,0.27,100.0,120.0,30.01
507.523,0.1404,0.272,100.0,120.0,30.01
507.623,0.14284,0.274,100.0,120.0,30.01
507.723,0.14132,0.276,100.0,120.0,30.01
507.823,0.13682,0.278,100.0,120.0,30.01
507.923,0.13943,0.279,100.0,120.0,30.01
508.023,0.13748,0.281,100.0,120.0,30.01
508.123,0.14274,0.283,100.0,120.0,30.01
508.223,0.13958,0.285,100.0,120.0,30.04
508.323,0.14266,0.286,100.0,120.0,30.04
508.423,0.14377,0.288,100.0,120.0,30.04
508.523,0.14007,0.29,100.0,120.0,30.0
508.623,0.14033,0.292,100.0,120.0,30.0
508.723,0.147,0.294,100.0,120.0,30.0
508.823,0.14501,0.295,100.0,120.0,30.04
508.923,0.14387,0.297,100.0,120.0,30.04
509.023,0.13891,0.299,100.0,120.0,30.04
509.123,0.1411,0.301,100.0,120.0,29.99
509.223,0.14531,0.303,100.0,120.0,29.99
509.323,0.14534,0.304,100.0,120.0,29.99
509.423,0.15013,0.306,100.0,120.0,29.99
509.523,0.1497,0.308,100.0,120.0,29.99
509.623,0.14893,0.31,100.0,120.0,29.99
509.723,0.15109,0.311,100.0,120.0,29.92
509.823,0.14975,0.313,100.0,120.0,29.92
509.923,0.14851,0.315,100.0,120.0,29.92
510.023,0.14433,0.317,100.0,120.0,29.89
510.123,0.14795,0.319,100.0,120.0,29.89
510.223,0.14065,0.32,100.0,120.0,29.89
510.323,0.13499,0.322,100.0,120.0,29.91
510.423,0.14768,0.324,100.0,120.0,29.91
510.522,0.14531,0.326,100.0,120.0,29.91
510.623,0.13769,0.327,100.0,120.0,29.92
510.724,0.14064,0.329,100.0,120.0,29.92
510.823,0.14637,0.331,100.0,120.0,29.92
510.923,0.14697,0.333,100.0,120.0,29.94
511.023,0.14574,0.335,100.0,120.0,29.94
511.123,0.14518,0.336,100.0,120.0,29.94
511.223,0.14663,0.338,100.0,120.0,29.91
511.323,0.14589,0.34,100.0,120.0,29.91
511.423,0.15055,0.342,100.0,120.0,29.91
511.523,0.14668,0.343,100.0,120.0,29.92
511.623,0.14774,0.345,100.0,120.0,29.92
511.723,0.14741,0.347,100.0,120.0,29.92
511.823,0.15059,0.349,100.0,120.0,29.9
511.923,0.15029,0.351,100.0,120.0,29.9
512.023,0.14407,0.352,100.0,120.0,29.9
512.123,0.14625,0.354,100.0,120.0,29.87
512.223,0.14403,0.356,100.0,120.0,29.87
512.323,0.14901,0.358,100.0,120.0,29.87
512.423,0.15023,0.359,100.0,120.0,29.86
512.523,0.14593,0.361,100.0,120.0,29.86
512.624,0.1473,0.363,100.0,120.0,29.86
512.723,0.14652,0.365,100.0,120.0,29.84
512.823,0.14544,0.367,100.0,120.0,29.84
512.923,0.15235,0.368,100.0,120.0,29.84
513.023,0.15763,0.37,100.0,120.0,29.9
513.123,0.15541,0.372,100.0,120.0,29.9
513.223,0.14722,0.374,100.0,120.0,29.9
513.323,0.15008,0.375,100.0,120.0,29.92
513.423,0.15571,0.377,100.0,120.0,29.92
513.523,0.14787,0.379,100.0,120.0,29.92
513.623,0.15236,0.381,100.0,120.0,29.89
513.722,0.15402,0.383,100.0,120.0,29.89
513.823,0.1538,0.384,100.0,120.0,29.89
513.923,0.14963,0.386,100.0,120.0,29.87
514.023,0.15159,0.388,100.0,120.0,29.87
514.123,0.14749,0.39,100.0,120.0,29.87
514.223,0.15252,0.391,100.0,120.0,29.85
514.323,0.15335,0.393,100.0,120.0,29.85
514.423,0.15103,0.395,100.0,120.0,29.85
514.523,0.14993,0.397,100.0,120.0,29.91
514.623,0.15647,0.399,100.0,120.0,29.91
514.723,0.15362,0.4,100.0,120.0,29.91
514.824,0.15322,0.402,100.0,120.0,29.92
514.923,0.14669,0.404,100.0,120.0,29.92
515.023,0.14742,0.406,100.0,120.0,29.92
515.123,0.14894,0.407,100.0,120.0,29.97
515.223,0.14873,0.409,100.0,120.0,29.97
515.323,0.15016,0.411,100.0,120.0,29.97
515.423,0.15183,0.413,100.0,120.0,29.9
515.523,0.14277,0.415,100.0,120.0,29.9
515.623,0.14431,0.416,100.0,120.0,29.9
515.723,0.15036,0.418,100.0,120.0,29.88
515.823,0.14929,0.42,100.0,120.0,29.88
515.923,0.14913,0.422,100.0,120.0,29.88
516.023,0.15791,0.423,100.0,120.0,29.86
516.123,0.15346,0.425,100.0,120.0,29.86
516.223,0.15356,0.427,100.0,120.0,29.86
516.323,0.15658,0.429,100.0,120.0,29.81
516.423,0.15919,0.431,100.0,120.0,29.81
516.523,0.15293,0.432,100.0,120.0,29.81
516.623,0.15432,0.434,100.0,120.0,29.84
516.723,0.15334,0.436,100.0,120.0,29.84
516.823,0.15252,0.438,100.0,120.0,29.84
516.922,0.14984,0.439,100.0,120.0,29.9
517.023,0.14632,0.441,100.0,120.0,29.9
517.123,0.15042,0.443,100.0,120.0,29.9
517.223,0.15172,0.445,100.0,120.0,29.95
517.323,0.14699,0.447,100.0,120.0,29.95
517.424,0.15386,0.448,100.0,120.0,29.95
517.524,0.15479,0.45,100.0,120.0,30.0
517.624,0.1489,0.452,100.0,120.0,30.0
517.724,0.1566,0.454,100.0,120.0,30.0
517.825,0.15684,0.455,100.0,120.0,30.0
517.924,0.14946,0.457,100.0,120.0,30.0
518.024,0.15173,0.459,100.0,120.0,30.0
518.124,0.15209,0.461,100.0,120.0,29.96
518.224,0.16276,0.463,100.0,120.0,29.96
518.324,0.16201,0.464,100.0,120.0,29.96
518.424,0.15401,0.466,100.0,120.0,29.89
518.524,0.15134,0.468,100.0,120.0,29.89
518.624,0.1534,0.47,100.0,120.0,29.89
518.724,0.15835,0.472,100.0,120.0,29.83
518.824,0.1542,0.473,100.0,120.0,29.83
518.924,0.15082,0.475,100.0,120.0,29.83
519.024,0.14996,0.477,100.0,120.0,29.82
519.124,0.14964,0.479,100.0,120.0,29.82
519.224,0.15059,0.48,100.0,120.0,29.82
519.324,0.15206,0.482,100.0,120.0,29.81
519.424,0.15458,0.484,100.0,120.0,29.81
519.524,0.15166,0.486,100.0,120.0,29.81
519.624,0.15028,0.488,100.0,120.0,29.84
519.724,0.1577,0.489,100.0,120.0,29.84
519.824,0.15425,0.491,100.0,120.0,29.84
519.925,0.14914,0.493,100.0,120.0,29.86
520.025,0.15361,0.495,100.0,120.0,29.86
520.125,0.15645,0.497,100.0,120.0,29.86
520.225,0.15627,0.498,100.0,120.0,29.92
520.325,0.15633,0.5,100.0,120.0,29.92
520.425,0.14717,0.502,100.0,120.0,29.92
520.525,0.15156,0.504,100.0,120.0,29.89
520.625,0.15917,0.505,100.0,120.0,29.89
520.725,0.15879,0.507,100.0,120.0,29.89
520.825,0.15059,0.509,100.0,120.0,29.95
520.925,0.14844,0.511,100.0,120.0,29.95
521.025,0.1537,0.513,100.0,120.0,29.95
521.125,0.15809,0.514,100.0,120.0,29.99
521.225,0.15543,0.516,100.0,120.0,29.99
521.325,0.15765,0.518,100.0,120.0,29.99
521.425,0.15787,0.52,100.0,120.0,30.07
521.525,0.15824,0.521,100.0,120.0,30.07
521.625,0.15737,0.523,100.0,120.0,30.07
521.725,0.15521,0.525,100.0,120.0,30.02
521.825,0.15264,0.527,100.0,120.0,30.02
521.925,0.14529,0.529,100.0,120.0,30.02
522.025,0.15312,0.53,100.0,120.0,30.09
522.125,0.15395,0.532,100.0,120.0,30.09
522.225,0.15647,0.534,100.0,120.0,30.09
522.325,0.15824,0.536,100.0,120.0,30.04
522.425,0.15716,0.537,100.0,120.0,30.04
522.525,0.15711,0.539,100.0,120.0,30.04
522.625,0.15129,0.541,100.0,120.0,30.04
522.725,0.15927,0.543,100.0,120.0,30.04
522.826,0.16177,0.545,100.0,120.0,30.04
522.926,0.1581,0.546,100.0,120.0,30.03
523.026,0.15065,0.548,100.0,120.0,30.03
523.126,0.15384,0.55,100.0,120.0,30.03
523.226,0.1544,0.552,100.0,120.0,30.03
523.326,0.15976,0.553,100.0,120.0,30.03
523.426,0.15763,0.555,100.0,120.0,30.03
523.526,0.15239,0.557,100.0,120.0,30.06
523.626,0.15489,0.559,100.0,120.0,30.06
523.726,0.15548,0.561,100.0,120.0,30.06
523.826,0.16144,0.562,100.0,120.0,30.05
523.926,0.16637,0.564,100.0,120.0,30.05
524.026,0.15883,0.566,100.0,120.0,30.05
524.126,0.14774,0.568,100.0,120.0,30.01
524.226,0.1579,0.57,100.0,120.0,30.01
524.326,0.15174,0.571,100.0,120.0,30.01
524.426,0.15615,0.573,100.0,120.0,29.97
524.526,0.15678,0.575,100.0,120.0,29.97
524.626,0.15964,0.577,100.0,120.0,29.97
524.726,0.15159,0.578,100.0,120.0,29.97
524.825,0.16147,0.58,100.0,120.0,29.97
524.926,0.16158,0.582,100.0,120.0,29.97
525.026,0.15104,0.584,100.0,120.0,29.94
525.126,0.15071,0.586,100.0,120.0,29.94
525.226,0.15447,0.587,100.0,120.0,29.94
525.326,0.16376,0.589,100.0,120.0,29.95
525.426,0.15282,0.591,100.0,120.0,29.95
525.526,0.15085,0.593,100.0,120.0,29.95
525.626,0.15089,0.595,100.0,120.0,29.99
525.727,0.15463,0.596,100.0,120.0,29.99
525.827,0.15562,0.598,100.0,120.0,29.99
525.927,0.15629,0.6,100.0,120.0,29.92
526.027,0.15475,0.602,100.0,120.0,29.92
526.127,0.15557,0.603,100.0,120.0,29.92
526.227,0.1537,0.605,100.0,120.0,29.93
526.327,0.15851,0.607,100.0,120.0,29.93
526.427,0.16825,0.609,100.0,120.0,29.93
526.527,0.16831,0.611,100.0,120.0,29.94
526.627,0.15792,0.612,100.0,120.0,29.94
526.727,0.15548,0.614,100.0,120.0,29.94
526.827,0.15665,0.616,100.0,120.0,29.95
526.927,0.15773,0.618,100.0,120.0,29.95
527.027,0.15186,0.619,100.0,120.0,29.95
527.127,0.15967,0.621,100.0,120.0,29.96
527.227,0.1561,0.623,100.0,120.0,29.96
527.327,0.14457,0.625,100.0,120.0,29.96
527.427,0.14799,0.627,100.0,120.0,29.93
527.527,0.15728,0.628,100.0,120.0,29.93
527.627,0.16044,0.63,100.0,120.0,29.93
527.727,0.1575,0.632,100.0,120.0,29.94
527.827,0.15685,0.634,100.0,120.0,29.94
527.927,0.15422,0.635,100.0,120.0,29.94
528.027,0.15783,0.637,100.0,120.0,29.91
528.127,0.15572,0.639,100.0,120.0,29.91
528.227,0.15566,0.641,100.0,120.0,29.91
528.327,0.16113,0.643,100.0,120.0,29.92
528.427,0.16183,0.644,100.0,120.0,29.92
528.527,0.15587,0.646,100.0,120.0,29.92
528.627,0.16113,0.648,100.0,120.0,29.93
528.727,0.16057,0.65,100.0,120.0,29.93
528.826,0.14978,0.652,100.0,120.0,29.93
528.927,0.16067,0.653,100.0,120.0,29.87
529.027,0.15598,0.655,100.0,120.0,29.87
529.127,0.15669,0.657,100.0,120.0,29.87
529.227,0.15481,0.659,100.0,120.0,29.93
529.327,0.16237,0.66,100.0,120.0,29.93
529.427,0.16233,0.662,100.0,120.0,29.93
529.527,0.16073,0.664,100.0,120.0,29.9
529.627,0.16491,0.666,100.0,120.0,29.9
529.727,0.15604,0.668,100.0,120.0,29.9
529.827,0.1498,0.669,100.0,120.0,29.84
529.927,0.15751,0.671,100.0,120.0,29.84
530.027,0.16201,0.673,100.0,120.0,29.84
530.127,0.15767,0.675,100.0,120.0,29.86
530.227,0.15993,0.676,100.0,120.0,29.86
530.327,0.16268,0.678,100.0,120.0,29.86
530.427,0.15645,0.68,100.0,120.0,29.88
530.527,0.15049,0.682,100.0,120.0,29.88
530.627,0.14624,0.684,100.0,120.0,29.88
530.727,0.15605,0.685,100.0,120.0,29.86
530.827,0.16277,0.687,100.0,120.0,29.86
530.927,0.1604,0.689,100.0,120.0,29.86
531.027,0.15296,0.691,100.0,120.0,29.88
531.128,0.15275,0.693,100.0,120.0,29.88
531.227,0.15983,0.694,100.0,120.0,29.88
531.328,0.16086,0.696,100.0,120.0,29.83
531.427,0.16254,0.698,100.0,120.0,29.83
531.527,0.15703,0.7,100.0,120.0,29.83
531.627,0.1518,0.701,100.0,120.0,29.82
531.727,0.15677,0.703,100.0,120.0,29.82
531.827,0.15512,0.705,100.0,120.0,29.82
531.927,0.15635,0.707,100.0,120.0,29.81
532.026,0.15401,0.709,100.0,120.0,29.81
532.127,0.15561,0.71,100.0,120.0,29.81
532.227,0.15909,0.712,100.0,120.0,29.76
532.327,0.15661,0.714,100.0,120.0,29.76
532.427,0.15228,0.716,100.0,120.0,29.76
532.527,0.14679,0.718,100.0,120.0,29.83
532.627,0.15466,0.719,100.0,120.0,29.83
532.728,0.16183,0.721,100.0,120.0,29.83
532.827,0.15876,0.723,100.0,120.0,29.86
532.927,0.15631,0.725,100.0,120.0,29.86
533.027,0.15966,0.726,100.0,120.0,29.86
533.127,0.15659,0.728,100.0,120.0,29.84
533.227,0.14729,0.73,100.0,120.0,29.84
533.328,0.15346,0.732,100.0,120.0,29.84
533.427,0.15851,0.734,100.0,120.0,29.87
533.527,0.15879,0.735,100.0,120.0,29.87
533.628,0.15538,0.737,100.0,120.0,29.87
533.727,0.15296,0.739,100.0,120.0,29.81
533.827,0.1592,0.741,100.0,120.0,29.81
533.927,0.15962,0.743,100.0,120.0,29.81
534.027,0.15469,0.744,100.0,120.0,29.88
534.127,0.16769,0.746,100.0,120.0,29.88
534.227,0.16276,0.748,100.0,120.0,29.88
534.327,0.15942,0.75,100.0,120.0,29.9
534.427,0.15388,0.751,100.0,120.0,29.9
534.527,0.15341,0.753,100.0,120.0,29.9
534.628,0.15671,0.755,100.0,120.0,29.95
534.727,0.1581,0.757,100.0,120.0,29.95
534.827,0.16313,0.759,100.0,120.0,29.95
534.927,0.15915,0.76,100.0,120.0,29.99
535.027,0.15325,0.762,100.0,120.0,29.99
535.127,0.15392,0.764,100.0,120.0,29.99
535.226,0.15797,0.766,100.0,120.0,29.99
535.327,0.16163,0.768,100.0,120.0,29.99
535.427,0.16255,0.769,100.0,120.0,29.99
535.527,0.15444,0.771,100.0,120.0,29.92
535.627,0.15781,0.773,100.0,120.0,29.92
535.727,0.16105,0.775,100.0,120.0,29.92
535.828,0.15963,0.777,100.0,120.0,29.93
535.927,0.16414,0.778,100.0,120.0,29.93
536.027,0.16409,0.78,100.0,120.0,29.93
536.127,0.16369,0.782,100.0,120.0,29.98
536.227,0.1568,0.784,100.0,120.0,29.98
536.328,0.15585,0.785,100.0,120.0,29.98
536.427,0.15742,0.787,100.0,120.0,29.95
536.527,0.16137,0.789,100.0,120.0,29.95
536.627,0.15984,0.791,100.0,120.0,29.95
536.727,0.15572,0.793,100.0,120.0,29.92
536.827,0.15546,0.794,100.0,120.0,29.92
536.927,0.15714,0.796,100.0,120.0,29.92
537.027,0.16107,0.798,100.0,120.0,29.97
537.127,0.15547,0.8,100.0,120.0,29.97
537.227,0.14777,0.802,100.0,120.0,29.97
537.327,0.15196,0.803,100.0,120.0,29.97
537.427,0.15773,0.805,100.0,120.0,29.97
537.527,0.15933,0.807,100.0,120.0,29.97
537.627,0.1542,0.809,100.0,120.0,29.98
537.727,0.15871,0.811,100.0,120.0,29.98
537.827,0.16412,0.812,100.0,120.0,29.98
537.927,0.16339,0.814,100.0,120.0,29.98
538.027,0.1615,0.816,100.0,120.0,29.98
538.127,0.15591,0.818,100.0,120.0,29.98
538.227,0.15198,0.819,100.0,120.0,29.94
538.328,0.15299,0.821,100.0,120.0,29.94
538.426,0.15637,0.823,100.0,120.0,29.94
538.527,0.15824,0.825,100.0,120.0,29.99
538.627,0.16174,0.827,100.0,120.0,29.99
538.727,0.14979,0.828,100.0,120.0,29.99
538.827,0.15053,0.83,100.0,120.0,29.99
538.927,0.15535,0.832,100.0,120.0,29.99
539.027,0.1596,0.834,100.0,120.0,29.99
539.127,0.15877,0.836,100.0,120.0,30.03
539.227,0.15959,0.837,100.0,120.0,30.03
539.327,0.15847,0.839,100.0,120.0,30.03
539.427,0.16033,0.841,100.0,120.0,30.03
539.527,0.15786,0.843,100.0,120.0,30.03
539.627,0.1562,0.845,100.0,120.0,30.03
539.727,0.15879,0.846,100.0,120.0,30.02
539.827,0.16164,0.848,100.0,120.0,30.02
539.927,0.15781,0.85,100.0,120.0,30.02
540.027,0.1648,0.852,100.0,120.0,30.02
540.127,0.1621,0.854,100.0,120.0,30.02
540.228,0.16163,0.855,100.0,120.0,30.02
540.327,0.159,0.857,100.0,120.0,30.02
540.427,0.15615,0.859,100.0,120.0,30.02
540.527,0.15255,0.861,100.0,120.0,30.02
540.627,0.1495,0.862,100.0,120.0,30.01
540.727,0.15176,0.864,100.0,120.0,30.01
540.827,0.15246,0.866,100.0,120.0,30.01
540.927,0.16161,0.868,100.0,120.0,30.01
541.027,0.1601,0.87,100.0,120.0,30.01
541.127,0.1632,0.871,100.0,120.0,30.01
541.227,0.16383,0.873,100.0,120.0,30.05
541.327,0.15999,0.875,100.0,120.0,30.05
541.427,0.15272,0.877,100.0,120.0,30.05
541.527,0.15311,0.878,100.0,120.0,30.08
541.626,0.15748,0.88,100.0,120.0,30.08
541.727,0.15023,0.882,100.0,120.0,30.08
541.827,0.15502,0.884,100.0,120.0,30.07
541.927,0.14931,0.886,100.0,120.0,30.07
542.027,0.15077,0.887,100.0,120.0,30.07
542.127,0.15771,0.889,100.0,120.0,30.09
542.227,0.16825,0.891,100.0,120.0,30.09
542.327,0.16265,0.893,100.0,120.0,30.09
542.427,0.16123,0.895,100.0,120.0,30.08
542.527,0.15892,0.896,100.0,120.0,30.08
542.627,0.15851,0.898,100.0,120.0,30.08
542.727,0.15771,0.9,100.0,120.0,30.03
542.827,0.15388,0.902,100.0,120.0,30.03
542.927,0.15833,0.903,100.0,120.0,30.03
543.027,0.15984,0.905,100.0,120.0,30.03
543.127,0.14875,0.907,100.0,120.0,30.03
543.227,0.15252,0.909,100.0,120.0,30.03
543.327,0.15457,0.911,100.0,120.0,30.02
543.427,0.15468,0.912,100.0,120.0,30.02
543.527,0.15988,0.914,100.0,120.0,30.02
543.627,0.15941,0.916,100.0,120.0,30.06
543.727,0.15794,0.918,100.0,120.0,30.06
543.827,0.16027,0.919,100.0,120.0,30.06
543.927,0.15435,0.921,100.0,120.0,30.01
544.027,0.1558,0.923,100.0,120.0,30.01
544.127,0.15633,0.925,100.0,120.0,30.01
544.227,0.15613,0.927,100.0,120.0,29.93
544.327,0.15876,0.928,100.0,120.0,29.93
544.427,0.15669,0.93,100.0,120.0,29.93
544.527,0.15139,0.932,100.0,120.0,29.94
544.627,0.15488,0.934,100.0,120.0,29.94
544.727,0.15794,0.935,100.0,120.0,29.94
544.826,0.15916,0.937,100.0,120.0,29.99
544.927,0.15125,0.939,100.0,120.0,29.99
545.027,0.15856,0.941,100.0,120.0,29.99
545.127,0.16719,0.943,100.0,120.0,29.99
545.227,0.16287,0.944,100.0,120.0,29.99
545.327,0.15789,0.946,100.0,120.0,29.99
545.427,0.16116,0.948,100.0,120.0,30.03
545.528,0.15812,0.95,100.0,120.0,30.03
545.627,0.16586,0.952,100.0,120.0,30.03
545.727,0.15919,0.953,100.0,120.0,30.06
545.827,0.161,0.955,100.0,120.0,30.06
545.927,0.16432,0.957,100.0,120.0,30.06
546.027,0.16243,0.959,100.0,120.0,30.05
546.127,0.15883,0.961,100.0,120.0,30.05
546.227,0.16279,0.962,100.0,120.0,30.05
546.327,0.16303,0.964,100.0,120.0,30.05
546.427,0.15682,0.966,100.0,120.0,30.05
546.527,0.16157,0.968,100.0,120.0,30.05
546.628,0.16529,0.969,100.0,120.0,30.08
546.727,0.15904,0.971,100.0,120.0,30.08
546.827,0.16167,0.973,100.0,120.0,30.08
546.927,0.16372,0.975,100.0,120.0,30.06
547.027,0.16259,0.977,100.0,120.0,30.06
547.127,0.16296,0.978,100.0,120.0,30.06
547.227,0.16469,0.98,100.0,120.0,30.02
547.328,0.16273,0.982,100.0,120.0,30.02
547.427,0.15897,0.984,100.0,120.0,30.02
547.527,0.16348,0.986,100.0,120.0,29.94
547.627,0.16093,0.987,100.0,120.0,29.94
547.727,0.15736,0.989,100.0,120.0,29.94
547.827,0.16379,0.991,100.0,120.0,29.91
547.927,0.15862,0.993,100.0,120.0,29.91
548.026,0.16132,0.995,100.0,120.0,29.91
548.127,0.15655,0.996,100.0,120.0,29.96
548.227,0.15266,0.998,100.0,120.0,29.96
548.327,0.15225,1.0,100.0,120.0,29.96
548.427,0.15757,1.002,100.0,120.0,29.89
548.527,0.16067,1.003,100.0,120.0,29.89
548.627,0.16436,1.005,100.0,120.0,29.89
548.727,0.16113,1.007,100.0,120.0,29.83
548.827,0.15957,1.009,100.0,120.0,29.83
548.927,0.16227,1.011,100.0,120.0,29.83
549.027,0.16083,1.012,100.0,120.0,29.86
549.127,0.15642,1.014,100.0,120.0,29.86
549.227,0.16185,1.016,100.0,120.0,29.86
549.327,0.15736,1.018,100.0,120.0,29.92
549.428,0.16329,1.02,100.0,120.0,29.92
549.527,0.1633,1.021,100.0,120.0,29.92
549.627,0.15932,1.023,100.0,120.0,29.89
549.727,0.16081,1.025,100.0,120.0,29.89
549.827,0.15532,1.027,100.0,120.0,29.89
549.927,0.14587,1.029,100.0,120.0,29.91
550.027,0.15259,1.03,100.0,120.0,29.91
550.127,0.1584,1.032,100.0,120.0,29.91
550.227,0.15769,1.034,100.0,120.0,30.0
550.327,0.16312,1.036,100.0,120.0,30.0
550.427,0.15661,1.037,100.0,120.0,30.0
550.527,0.15261,1.039,100.0,120.0,30.04
550.627,0.15839,1.041,100.0,120.0,30.04
550.728,0.15945,1.043,100.0,120.0,30.04
550.827,0.15264,1.045,100.0,120.0,29.99
550.927,0.16028,1.046,100.0,120.0,29.99
551.028,0.16067,1.048,100.0,120.0,29.99
551.127,0.16257,1.05,100.0,120.0,29.96
551.226,0.16391,1.052,100.0,120.0,29.96
551.327,0.16236,1.054,100.0,120.0,29.96
551.427,0.15581,1.055,100.0,120.0,29.96
551.527,0.15858,1.057,100.0,120.0,29.96
551.627,0.15372,1.059,100.0,120.0,29.96
551.727,0.15605,1.061,100.0,120.0,30.01
551.827,0.16274,1.062,100.0,120.0,30.01
551.927,0.16143,1.064,100.0,120.0,30.01
552.027,0.15974,1.066,100.0,120.0,30.0
552.127,0.16187,1.068,100.0,120.0,30.0
552.228,0.15458,1.07,100.0,120.0,30.0
552.327,0.15459,1.071,100.0,120.0,29.97
552.427,0.15902,1.073,100.0,120.0,29.97
552.527,0.16094,1.075,100.0,120.0,29.97
552.627,0.15523,1.077,100.0,120.0,29.97
552.727,0.15525,1.078,100.0,120.0,29.97
552.827,0.15895,1.08,100.0,120.0,29.97
552.927,0.15528,1.082,100.0,120.0,29.9
553.027,0.15322,1.084,100.0,120.0,29.9
553.127,0.15465,1.086,100.0,120.0,29.9
553.227,0.1481,1.087,100.0,120.0,29.88
553.327,0.15016,1.089,100.0,120.0,29.88
553.427,0.15585,1.091,100.0,120.0,29.88
553.527,0.16252,1.093,100.0,120.0,29.93
553.627,0.16025,1.095,100.0,120.0,29.93
553.727,0.15917,1.096,100.0,120.0,29.93
553.827,0.15597,1.098,100.0,120.0,29.98
553.927,0.15316,1.1,100.0,120.0,29.98
554.027,0.15503,1.102,100.0,120.0,29.98
554.127,0.15709,1.103,100.0,120.0,29.95
554.227,0.15452,1.105,100.0,120.0,29.95
554.327,0.15955,1.107,100.0,120.0,29.95
554.426,0.15975,1.109,100.0,120.0,29.95
554.527,0.15738,1.111,100.0,120.0,29.95
554.628,0.15584,1.112,100.0,120.0,29.95
554.728,0.15373,1.114,100.0,120.0,29.89
554.827,0.15871,1.116,100.0,120.0,29.89
554.927,0.16482,1.118,100.0,120.0,29.89
555.027,0.16346,1.12,100.0,120.0,29.9
555.127,0.15563,1.121,100.0,120.0,29.9
555.227,0.15628,1.123,100.0,120.0,29.9
555.327,0.15475,1.125,100.0,120.0,29.92
555.428,0.15256,1.127,100.0,120.0,29.92
555.527,0.1654,1.129,100.0,120.0,29.92
555.627,0.1612,1.13,100.0,120.0,29.89
555.727,0.16621,1.132,100.0,120.0,29.89
555.827,0.1621,1.134,100.0,120.0,29.89
555.927,0.16239,1.136,100.0,120.0,29.91
556.027,0.15785,1.138,100.0,120.0,29.91
556.127,0.15468,1.139,100.0,120.0,29.91
556.227,0.15973,1.141,100.0,120.0,29.96
556.327,0.15901,1.143,100.0,120.0,29.96
556.427,0.16017,1.145,100.0,120.0,29.96
556.527,0.16132,1.146,100.0,120.0,29.89
556.627,0.15965,1.148,100.0,120.0,29.89
556.727,0.15967,1.15,100.0,120.0,29.89
556.827,0.15793,1.152,100.0,120.0,29.91
556.927,0.15766,1.154,100.0,120.0,29.91
557.027,0.15904,1.155,100.0,120.0,29.91
557.127,0.16193,1.157,100.0,120.0,29.92
557.227,0.16078,1.159,100.0,120.0,29.92
557.327,0.16276,1.161,100.0,120.0,29.92
557.427,0.16287,1.163,100.0,120.0,29.9
557.527,0.16385,1.164,100.0,120.0,29.9
557.626,0.14964,1.166,100.0,120.0,29.9
557.727,0.14784,1.168,100.0,120.0,29.84
557.827,0.15915,1.17,100.0,120.0,29.84
557.927,0.15573,1.171,100.0,120.0,29.84
558.027,0.15551,1.173,100.0,120.0,29.82
558.127,0.15767,1.175,100.0,120.0,29.82
558.227,0.16382,1.177,100.0,120.0,29.82
558.327,0.16293,1.179,100.0,120.0,29.85
558.427,0.16075,1.18,100.0,120.0,29.85
558.527,0.15807,1.182,100.0,120.0,29.85
558.627,0.16024,1.184,100.0,120.0,29.91
558.727,0.15669,1.186,100.0,120.0,29.91
558.827,0.15365,1.188,100.0,120.0,29.91
558.927,0.15209,1.189,100.0,120.0,29.92
559.027,0.15268,1.191,100.0,120.0,29.92
559.127,0.15885,1.193,100.0,120.0,29.92
559.227,0.15905,1.195,100.0,120.0,29.9
559.327,0.15904,1.196,100.0,120.0,29.9
559.427,0.1571,1.198,100.0,120.0,29.9
559.527,0.15672,1.2,100.0,120.0,29.91
559.627,0.16206,1.202,100.0,120.0,29.91
559.727,0.1617,1.204,100.0,120.0,29.91
559.827,0.15829,1.205,100.0,120.0,29.89
559.927,0.16083,1.207,100.0,120.0,29.89
560.027,0.16093,1.209,100.0,120.0,29.89
560.127,0.15652,1.211,100.0,120.0,29.87
560.227,0.15861,1.212,100.0,120.0,29.87
560.327,0.16602,1.214,100.0,120.0,29.87
560.427,0.16063,1.216,100.0,120.0,29.89
560.527,0.14677,1.218,100.0,120.0,29.89
560.627,0.14471,1.22,100.0,120.0,29.89
560.727,0.16177,1.221,100.0,120.0,29.87
560.826,0.16348,1.223,100.0,120.0,29.87
560.927,0.16671,1.225,100.0,120.0,29.87
561.027,0.16767,1.227,100.0,120.0,29.89
561.127,0.16653,1.229,100.0,120.0,29.89
561.227,0.16132,1.23,100.0,120.0,29.89
561.327,0.16416,1.232,100.0,120.0,29.87
561.427,0.16329,1.234,100.0,120.0,29.87
561.527,0.16304,1.236,100.0,120.0,29.87
561.627,0.15693,1.237,100.0,120.0,29.92
561.727,0.15635,1.239,100.0,120.0,29.92
561.827,0.16196,1.241,100.0,120.0,29.92
561.927,0.1595,1.243,100.0,120.0,29.9
562.027,0.16742,1.245,100.0,120.0,29.9
562.127,0.16045,1.246,100.0,120.0,29.9
562.227,0.16033,1.248,100.0,120.0,29.88
562.327,0.16843,1.25,100.0,120.0,29.88
562.427,0.16634,1.252,100.0,120.0,29.88
562.527,0.17061,1.254,100.0,120.0,29.89
562.627,0.16781,1.255,100.0,120.0,29.89
562.727,0.16992,1.257,100.0,120.0,29.89
562.827,0.16829,1.259,100.0,120.0,29.87
562.927,0.17042,1.261,100.0,120.0,29.87
563.027,0.1697,1.262,100.0,120.0,29.87
563.127,0.17336,1.264,100.0,120.0,29.93
563.227,0.17589,1.266,100.0,120.0,29.93
563.327,0.18157,1.268,100.0,120.0,29.93
563.428,0.18817,1.27,100.0,120.0,29.9
563.527,0.18756,1.271,100.0,120.0,29.9
563.627,0.18807,1.273,100.0,120.0,29.9
563.727,0.18853,1.275,100.0,120.0,29.95
563.827,0.1927,1.277,100.0,120.0,29.95
563.927,0.19198,1.279,100.0,120.0,29.95
564.026,0.19569,1.28,100.0,120.0,29.85
564.127,0.20096,1.282,100.0,120.0,29.85
564.227,0.19891,1.284,100.0,120.0,29.85
564.327,0.20017,1.286,100.0,120.0,29.83
564.427,0.19849,1.287,100.0,120.0,29.83
564.527,0.20212,1.289,100.0,120.0,29.83
564.627,0.20058,1.291,100.0,120.0,29.78
564.727,0.20653,1.293,100.0,120.0,29.78
564.827,0.20688,1.295,100.0,120.0,29.78
564.927,0.21205,1.296,100.0,120.0,29.78
565.027,0.21365,1.298,100.0,120.0,29.78
565.127,0.21569,1.3,100.0,120.0,29.78
565.227,0.22003,1.302,100.0,120.0,29.85
565.327,0.21318,1.304,100.0,120.0,29.85
565.427,0.21447,1.305,100.0,120.0,29.85
565.527,0.22415,1.307,100.0,120.0,29.87
565.627,0.22832,1.309,100.0,120.0,29.87
565.727,0.21993,1.311,100.0,120.0,29.87
565.827,0.22076,1.312,100.0,120.0,29.82
565.927,0.2312,1.314,100.0,120.0,29.82
566.027,0.23001,1.316,100.0,120.0,29.82
566.127,0.231,1.318,100.0,120.0,29.84
566.227,0.24022,1.32,100.0,120.0,29.84
566.327,0.23868,1.321,100.0,120.0,29.84
566.427,0.23908,1.323,100.0,120.0,29.87
566.527,0.24044,1.325,100.0,120.0,29.87
566.627,0.23888,1.327,100.0,120.0,29.87
566.727,0.24354,1.329,100.0,120.0,29.85
566.827,0.24365,1.33,100.0,120.0,29.85
566.927,0.24392,1.332,100.0,120.0,29.85
567.027,0.24992,1.334,100.0,120.0,29.83
567.127,0.25058,1.336,100.0,120.0,29.83
567.226,0.25376,1.338,100.0,120.0,29.83
567.327,0.25005,1.339,100.0,120.0,29.86
567.427,0.25325,1.341,100.0,120.0,29.86
567.527,0.25003,1.343,100.0,120.0,29.86
567.627,0.25728,1.345,100.0,120.0,29.81
567.727,0.25768,1.347,100.0,120.0,29.81
567.827,0.25494,1.348,100.0,120.0,29.81
567.927,0.25737,1.35,100.0,120.0,29.8
568.027,0.26456,1.352,100.0,120.0,29.8
568.127,0.26874,1.354,100.0,120.0,29.8
568.227,0.26778,1.356,100.0,120.0,29.87
568.327,0.26684,1.357,100.0,120.0,29.87
568.427,0.27092,1.359,100.0,120.0,29.87
568.527,0.27303,1.361,100.0,120.0,29.96
568.628,0.27411,1.363,100.0,120.0,29.96
568.727,0.27841,1.364,100.0,120.0,29.96
568.827,0.27331,1.366,100.0,120.0,29.93
568.927,0.2782,1.368,100.0,120.0,29.93
569.027,0.27982,1.37,100.0,120.0,29.93
569.128,0.28178,1.372,100.0,120.0,29.86
569.227,0.28522,1.373,100.0,120.0,29.86
569.327,0.28774,1.375,100.0,120.0,29.86
569.427,0.29026,1.377,100.0,120.0,29.96
569.527,0.29073,1.379,100.0,120.0,29.96
569.627,0.29023,1.381,100.0,120.0,29.96
569.727,0.29317,1.382,100.0,120.0,30.0
569.827,0.2994,1.384,100.0,120.0,30.0
569.927,0.29864,1.386,100.0,120.0,30.0
570.027,0.3027,1.388,100.0,120.0,30.0
570.127,0.30216,1.389,100.0,120.0,30.0
570.227,0.30562,1.391,100.0,120.0,30.0
570.327,0.30473,1.393,100.0,120.0,29.93
570.426,0.30536,1.395,100.0,120.0,29.93
570.527,0.30883,1.397,100.0,120.0,29.93
570.627,0.312,1.398,100.0,120.0,29.94
570.727,0.3152,1.4,100.0,120.0,29.94
570.827,0.32127,1.402,100.0,120.0,29.94
570.927,0.32229,1.404,100.0,120.0,29.91
571.027,0.32047,1.405,100.0,120.0,29.91
571.127,0.3119,1.407,100.0,120.0,29.91
571.227,0.32414,1.409,100.0,120.0,29.89
571.327,0.33199,1.411,100.0,120.0,29.89
571.427,0.32958,1.413,100.0,120.0,29.89
571.527,0.3222,1.414,100.0,120.0,29.87
571.627,0.32621,1.416,100.0,120.0,29.87
571.727,0.32726,1.418,100.0,120.0,29.87
571.827,0.33527,1.42,100.0,120.0,29.89
571.927,0.33547,1.422,100.0,120.0,29.89
572.027,0.33771,1.423,100.0,120.0,29.89
572.127,0.34001,1.425,100.0,120.0,29.83
572.227,0.34032,1.427,100.0,120.0,29.83
572.327,0.34648,1.429,100.0,120.0,29.83
572.427,0.34747,1.431,100.0,120.0,29.74
572.527,0.35031,1.432,100.0,120.0,29.74
572.627,0.34853,1.434,100.0,120.0,29.74
572.727,0.34739,1.436,100.0,120.0,29.74
572.827,0.34405,1.438,100.0,120.0,29.74
572.927,0.35058,1.439,100.0,120.0,29.74
573.027,0.36199,1.441,100.0,120.0,29.71
573.127,0.36535,1.443,100.0,120.0,29.71
573.227,0.35942,1.445,100.0,120.0,29.71
573.327,0.35807,1.447,100.0,120.0,29.71
573.427,0.36058,1.448,100.0,120.0,29.71
573.528,0.36811,1.45,100.0,120.0,29.71
573.628,0.36392,1.452,100.0,120.0,29.76
573.727,0.36849,1.454,100.0,120.0,29.76
573.828,0.36963,1.456,100.0,120.0,29.76
573.927,0.36911,1.457,100.0,120.0,29.79
574.027,0.37788,1.459,100.0,120.0,29.79
574.127,0.37735,1.461,100.0,120.0,29.79
574.227,0.37612,1.463,100.0,120.0,29.79
574.327,0.37869,1.465,100.0,120.0,29.79
574.427,0.38176,1.466,100.0,120.0,29.79
574.527,0.38656,1.468,100.0,120.0,29.82
574.627,0.3858,1.47,100.0,120.0,29.82
574.727,0.38414,1.472,100.0,120.0,29.82
574.827,0.38515,1.473,100.0,120.0,29.88
574.927,0.38734,1.475,100.0,120.0,29.88
575.027,0.39371,1.477,100.0,120.0,29.88
575.127,0.39666,1.479,100.0,120.0,29.9
575.227,0.39958,1.481,100.0,120.0,29.9
575.327,0.4002,1.482,100.0,120.0,29.9
575.427,0.40069,1.484,100.0,120.0,29.88
575.527,0.39835,1.486,100.0,120.0,29.88
575.627,0.40248,1.488,100.0,120.0,29.88
575.727,0.40985,1.49,100.0,120.0,29.86
575.827,0.40997,1.491,100.0,120.0,29.86
575.927,0.40622,1.493,100.0,120.0,29.86
576.027,0.40974,1.495,100.0,120.0,29.88
576.127,0.41607,1.497,100.0,120.0,29.88
576.227,0.41845,1.499,100.0,120.0,29.88
576.327,0.42065,1.5,100.0,120.0,29.9
576.427,0.41716,1.502,100.0,120.0,29.9
576.527,0.41437,1.504,100.0,120.0,29.9
576.627,0.41992,1.506,100.0,120.0,29.91
576.727,0.42519,1.508,100.0,120.0,29.91
576.826,0.42846,1.509,100.0,120.0,29.91
576.927,0.42973,1.511,100.0,120.0,29.89
577.027,0.43166,1.513,100.0,120.0,29.89
577.127,0.43118,1.515,100.0,120.0,29.89
577.227,0.42902,1.516,100.0,120.0,29.83
577.327,0.43177,1.518,100.0,120.0,29.83
577.427,0.43566,1.52,100.0,120.0,29.83
577.527,0.43473,1.522,100.0,120.0,29.86
577.627,0.43921,1.524,100.0,120.0,29.86
577.727,0.44353,1.525,100.0,120.0,29.86
577.827,0.45111,1.527,100.0,120.0,29.88
577.927,0.45215,1.529,100.0,120.0,29.88
578.028,0.44784,1.531,100.0,120.0,29.88
578.127,0.4472,1.533,100.0,120.0,29.9
578.227,0.44774,1.534,100.0,120.0,29.9
578.327,0.45534,1.536,100.0,120.0,29.9
578.427,0.46144,1.538,100.0,120.0,29.91
578.527,0.46135,1.54,100.0,120.0,29.91
578.627,0.45795,1.541,100.0,120.0,29.91
578.727,0.46225,1.543,100.0,120.0,29.89
578.827,0.47079,1.545,100.0,120.0,29.89
578.927,0.46934,1.547,100.0,120.0,29.89
579.027,0.46685,1.549,100.0,120.0,29.87
579.127,0.47907,1.55,100.0,120.0,29.87
579.227,0.47805,1.552,100.0,120.0,29.87
579.327,0.47817,1.554,100.0,120.0,29.85
579.427,0.48127,1.556,100.0,120.0,29.85
579.527,0.48198,1.558,100.0,120.0,29.85
579.628,0.47801,1.559,100.0,120.0,29.83
579.727,0.48044,1.561,100.0,120.0,29.83
579.827,0.48895,1.563,100.0,120.0,29.83
579.927,0.49329,1.565,100.0,120.0,29.78
580.028,0.49426,1.566,100.0,120.0,29.78
580.127,0.49644,1.568,100.0,120.0,29.78
580.227,0.49717,1.57,100.0,120.0,29.74
580.327,0.50686,1.572,100.0,120.0,29.74
580.427,0.50333,1.574,100.0,120.0,29.74
580.527,0.50312,1.575,100.0,120.0,29.78
580.627,0.50826,1.577,100.0,120.0,29.78
580.727,0.51403,1.579,100.0,120.0,29.78
580.828,0.51374,1.581,100.0,120.0,29.81
580.927,0.51143,1.583,100.0,120.0,29.81
581.027,0.50661,1.584,100.0,120.0,29.81
581.127,0.51239,1.586,100.0,120.0,29.8
581.227,0.51822,1.588,100.0,120.0,29.8
581.327,0.52497,1.59,100.0,120.0,29.8
581.427,0.53139,1.592,100.0,120.0,29.8
581.527,0.52564,1.593,100.0,120.0,29.8
581.627,0.52475,1.595,100.0,120.0,29.8
581.727,0.52607,1.597,100.0,120.0,29.75
581.827,0.52619,1.599,100.0,120.0,29.75
581.927,0.53238,1.601,100.0,120.0,29.75
582.027,0.53937,1.602,100.0,120.0,29.79
582.127,0.54064,1.604,100.0,120.0,29.79
582.227,0.54265,1.606,100.0,120.0,29.79
582.327,0.53953,1.608,100.0,120.0,29.78
582.427,0.53837,1.609,100.0,120.0,29.78
582.527,0.54713,1.611,100.0,120.0,29.78
582.627,0.54788,1.613,100.0,120.0,29.78
582.727,0.55195,1.615,100.0,120.0,29.78
582.827,0.55412,1.617,100.0,120.0,29.78
582.927,0.55324,1.618,100.0,120.0,29.74
583.027,0.5545,1.62,100.0,120.0,29.74
583.127,0.5561,1.622,100.0,120.0,29.74
583.226,0.56933,1.624,100.0,120.0,29.78
583.327,0.56903,1.626,100.0,120.0,29.78
583.427,0.5618,1.627,100.0,120.0,29.78
583.527,0.56132,1.629,100.0,120.0,29.81
583.627,0.56784,1.631,100.0,120.0,29.81
583.727,0.57053,1.633,100.0,120.0,29.81
583.827,0.57862,1.634,100.0,120.0,29.88
583.927,0.5812,1.636,100.0,120.0,29.88
584.027,0.58099,1.638,100.0,120.0,29.88
584.127,0.58425,1.64,100.0,120.0,29.82
584.227,0.58109,1.642,100.0,120.0,29.82
584.327,0.57975,1.643,100.0,120.0,29.82
584.427,0.5787,1.645,100.0,120.0,29.85
584.527,0.5821,1.647,100.0,120.0,29.85
584.627,0.59568,1.649,100.0,120.0,29.85
584.727,0.59494,1.651,100.0,120.0,29.87
584.827,0.59241,1.652,100.0,120.0,29.87
584.927,0.59806,1.654,100.0,120.0,29.87
585.027,0.60032,1.656,100.0,120.0,29.85
585.127,0.60642,1.658,100.0,120.0,29.85
585.227,0.60685,1.66,100.0,120.0,29.85
585.327,0.59808,1.661,100.0,120.0,29.91
585.427,0.59819,1.663,100.0,120.0,29.91
585.527,0.60815,1.665,100.0,120.0,29.91
585.627,0.6094,1.667,100.0,120.0,29.92
585.727,0.60897,1.669,100.0,120.0,29.92
585.827,0.60923,1.67,100.0,120.0,29.92
585.927,0.61436,1.672,100.0,120.0,29.86
586.027,0.61532,1.674,100.0,120.0,29.86
586.127,0.61337,1.676,100.0,120.0,29.86
586.227,0.60752,1.677,100.0,120.0,29.88
586.327,0.60859,1.679,100.0,120.0,29.88
586.426,0.61402,1.681,100.0,120.0,29.88
586.527,0.61808,1.683,100.0,120.0,29.86
586.627,0.62468,1.685,100.0,120.0,29.86
586.727,0.62221,1.686,100.0,120.0,29.86
586.827,0.62469,1.688,100.0,120.0,29.81
586.927,0.62995,1.69,100.0,120.0,29.81
587.027,0.63135,1.692,100.0,120.0,29.81
587.127,0.62636,1.694,100.0,120.0,29.87
587.227,0.63236,1.695,100.0,120.0,29.87
587.327,0.63298,1.697,100.0,120.0,29.87
587.427,0.63086,1.699,100.0,120.0,29.82
587.527,0.62941,1.701,100.0,120.0,29.82
587.627,0.63029,1.702,100.0,120.0,29.82
587.727,0.63243,1.704,100.0,120.0,29.85
587.827,0.63193,1.706,100.0,120.0,29.85
587.927,0.63165,1.708,100.0,120.0,29.85
588.027,0.63292,1.71,100.0,120.0,29.79
588.127,0.62573,1.711,100.0,120.0,29.79
588.228,0.63174,1.713,100.0,120.0,29.79
588.327,0.64226,1.715,100.0,120.0,29.79
588.427,0.63895,1.717,100.0,120.0,29.79
588.527,0.63508,1.718,100.0,120.0,29.79
588.627,0.63676,1.72,100.0,120.0,29.78
588.727,0.63441,1.722,100.0,120.0,29.78
588.828,0.63973,1.724,100.0,120.0,29.78
588.927,0.64025,1.726,100.0,120.0,29.81
589.027,0.63761,1.727,100.0,120.0,29.81
589.127,0.64032,1.729,100.0,120.0,29.81
589.227,0.64178,1.731,100.0,120.0,29.84
589.327,0.6398,1.733,100.0,120.0,29.84
589.428,0.64207,1.735,100.0,120.0,29.84
589.527,0.63906,1.736,100.0,120.0,29.83
589.626,0.64727,1.738,100.0,120.0,29.83
589.727,0.64272,1.74,100.0,120.0,29.83
589.827,0.64215,1.742,100.0,120.0,29.78
589.927,0.64332,1.743,100.0,120.0,29.78
590.027,0.64422,1.745,100.0,120.0,29.78
590.127,0.64448,1.747,100.0,120.0,29.77
590.227,0.6459,1.749,100.0,120.0,29.77
590.327,0.65236,1.751,100.0,120.0,29.77
590.427,0.64849,1.752,100.0,120.0,29.81
590.527,0.64479,1.754,100.0,120.0,29.81
590.627,0.64821,1.756,100.0,120.0,29.81
590.727,0.63944,1.758,100.0,120.0,29.87
590.828,0.64082,1.76,100.0,120.0,29.87
590.927,0.64748,1.761,100.0,120.0,29.87
591.027,0.65041,1.763,100.0,120.0,29.89
591.127,0.64993,1.765,100.0,120.0,29.89
591.227,0.65381,1.767,100.0,120.0,29.89
591.327,0.6537,1.769,100.0,120.0,29.87
591.427,0.6512,1.77,100.0,120.0,29.87
591.527,0.64814,1.772,100.0,120.0,29.87
591.627,0.65027,1.774,100.0,120.0,29.93
591.727,0.65084,1.776,100.0,120.0,29.93
591.827,0.65182,1.778,100.0,120.0,29.93
591.927,0.65655,1.779,100.0,120.0,29.94
592.027,0.6513,1.781,100.0,120.0,29.94
592.127,0.65361,1.783,100.0,120.0,29.94
592.227,0.65418,1.785,100.0,120.0,29.95
592.327,0.65107,1.786,100.0,120.0,29.95
592.427,0.65649,1.788,100.0,120.0,29.95
592.527,0.6531,1.79,100.0,120.0,29.96
592.627,0.65698,1.792,100.0,120.0,29.96
592.727,0.65908,1.794,100.0,120.0,29.96
592.826,0.65275,1.795,100.0,120.0,29.96
592.927,0.64901,1.797,100.0,120.0,29.96
593.027,0.64977,1.799,100.0,120.0,29.96
593.127,0.65938,1.801,100.0,120.0,29.93
593.227,0.65578,1.803,100.0,120.0,29.93
593.327,0.65205,1.804,100.0,120.0,29.93
593.427,0.65656,1.806,100.0,120.0,29.94
593.527,0.66108,1.808,100.0,120.0,29.94
593.627,0.65688,1.81,100.0,120.0,29.94
593.727,0.65922,1.812,100.0,120.0,29.95
593.827,0.65703,1.813,100.0,120.0,29.95
593.927,0.65373,1.815,100.0,120.0,29.95
594.028,0.65513,1.817,100.0,120.0,29.88
594.127,0.6568,1.819,100.0,120.0,29.88
594.227,0.6609,1.821,100.0,120.0,29.88
594.327,0.6669,1.822,100.0,120.0,29.94
594.427,0.66261,1.824,100.0,120.0,29.94
594.527,0.66225,1.826,100.0,120.0,29.94
594.627,0.66342,1.828,100.0,120.0,29.95
594.727,0.66362,1.829,100.0,120.0,29.95
594.827,0.6587,1.831,100.0,120.0,29.95
594.927,0.65732,1.833,100.0,120.0,29.88
595.027,0.65858,1.835,100.0,120.0,29.88
595.127,0.66217,1.837,100.0,120.0,29.88
595.227,0.66146,1.838,100.0,120.0,29.86
595.327,0.66245,1.84,100.0,120.0,29.86
595.427,0.6591,1.842,100.0,120.0,29.86
595.527,0.65977,1.844,100.0,120.0,29.88
595.627,0.66071,1.846,100.0,120.0,29.88
595.727,0.65639,1.847,100.0,120.0,29.88
595.827,0.65855,1.849,100.0,120.0,29.9
595.927,0.67025,1.851,100.0,120.0,29.9
596.026,0.66518,1.853,100.0,120.0,29.9
596.127,0.65737,1.855,100.0,120.0,29.95
596.227,0.65866,1.856,100.0,120.0,29.95
596.327,0.66473,1.858,100.0,120.0,29.95
596.427,0.66453,1.86,100.0,120.0,30.0
596.527,0.66123,1.862,100.0,120.0,30.0
596.627,0.65938,1.863,100.0,120.0,30.0
596.727,0.66537,1.865,100.0,120.0,30.03
596.827,0.66627,1.867,100.0,120.0,30.03
596.927,0.66741,1.869,100.0,120.0,30.03
597.027,0.66656,1.871,100.0,120.0,29.99
597.127,0.6665,1.872,100.0,120.0,29.99
597.227,0.66925,1.874,100.0,120.0,29.99
597.327,0.67077,1.876,100.0,120.0,29.99
597.427,0.6638,1.878,100.0,120.0,29.99
597.527,0.66836,1.88,100.0,120.0,29.99
597.627,0.66609,1.881,100.0,120.0,30.03
597.727,0.66708,1.883,100.0,120.0,30.03
597.827,0.66502,1.885,100.0,120.0,30.03
597.927,0.66988,1.887,100.0,120.0,29.95
598.027,0.67028,1.889,100.0,120.0,29.95
598.127,0.66796,1.89,100.0,120.0,29.95
598.227,0.66076,1.892,100.0,120.0,29.96
598.327,0.6647,1.894,100.0,120.0,29.96
598.427,0.66839,1.896,100.0,120.0,29.96
598.527,0.66935,1.897,100.0,120.0,29.93
598.627,0.66649,1.899,100.0,120.0,29.93
598.727,0.66995,1.901,100.0,120.0,29.93
598.827,0.66823,1.903,100.0,120.0,29.9
598.927,0.66738,1.905,100.0,120.0,29.9
599.027,0.6662,1.906,100.0,120.0,29.9
599.127,0.66966,1.908,100.0,120.0,29.92
599.226,0.6649,1.91,100.0,120.0,29.92
599.327,0.66852,1.912,100.0,120.0,29.92
599.427,0.66968,1.914,100.0,120.0,29.89
599.527,0.67496,1.915,100.0,120.0,29.89
599.627,0.67507,1.917,100.0,120.0,29.89
599.727,0.67336,1.919,100.0,120.0,29.91
599.827,0.66647,1.921,100.0,120.0,29.91
599.927,0.66898,1.922,100.0,120.0,29.91
600.027,0.6723,1.924,100.0,120.0,29.85
600.127,0.67292,1.926,100.0,120.0,29.85
600.227,0.67049,1.928,100.0,120.0,29.85
600.327,0.66804,1.93,100.0,120.0,29.91
600.427,0.67578,1.931,100.0,120.0,29.91
600.527,0.67486,1.933,100.0,120.0,29.91
600.627,0.66382,1.935,100.0,120.0,29.92
600.727,0.66766,1.937,100.0,120.0,29.92
600.827,0.67172,1.939,100.0,120.0,29.92
600.927,0.67079,1.94,100.0,120.0,29.97
601.027,0.67151,1.942,100.0,120.0,29.97
601.127,0.67754,1.944,100.0,120.0,29.97
601.227,0.66942,1.946,100.0,120.0,29.97
601.328,0.67578,1.947,100.0,120.0,29.97
601.427,0.679,1.949,100.0,120.0,29.97
601.527,0.67342,1.951,100.0,120.0,30.02
601.627,0.67422,1.953,100.0,120.0,30.02
601.727,0.67765,1.955,100.0,120.0,30.02
601.827,0.68299,1.956,100.0,120.0,30.05
601.927,0.6827,1.958,100.0,120.0,30.05
602.027,0.68119,1.96,100.0,120.0,30.05
602.127,0.67814,1.962,100.0,120.0,30.04
602.227,0.67888,1.963,100.0,120.0,30.04
602.327,0.68032,1.965,100.0,120.0,30.04
602.426,0.678,1.967,100.0,120.0,30.0
602.527,0.68423,1.969,100.0,120.0,30.0
602.627,0.68178,1.971,100.0,120.0,30.0
602.727,0.68269,1.972,100.0,120.0,30.0
602.827,0.67543,1.974,100.0,120.0,30.0
602.927,0.67596,1.976,100.0,120.0,30.0
603.027,0.688,1.978,100.0,120.0,30.0
603.127,0.68768,1.98,100.0,120.0,30.0
603.227,0.68459,1.981,100.0,120.0,30.0
603.327,0.68838,1.983,100.0,120.0,30.0
603.427,0.67867,1.985,100.0,120.0,30.0
603.527,0.68236,1.987,100.0,120.0,30.0
603.627,0.6866,1.988,100.0,120.0,30.0
603.727,0.6897,1.99,100.0,120.0,30.0
603.827,0.68398,1.992,100.0,120.0,30.0
603.928,0.68356,1.994,100.0,120.0,29.96
604.027,0.67906,1.996,100.0,120.0,29.96
604.127,0.68135,1.997,100.0,120.0,29.96
604.227,0.68103,1.999,100.0,120.0,29.97
604.327,0.68189,2.001,100.0,120.0,29.97
604.427,0.67927,2.003,100.0,120.0,29.97
604.527,0.68379,2.005,100.0,120.0,29.97
604.627,0.68728,2.006,100.0,120.0,29.97
604.727,0.68269,2.008,100.0,120.0,29.97
604.827,0.68141,2.01,100.0,120.0,29.98
604.927,0.68369,2.012,100.0,120.0,29.98
605.027,0.68403,2.014,100.0,120.0,29.98
605.127,0.68114,2.015,100.0,120.0,29.94
605.227,0.68116,2.017,100.0,120.0,29.94
605.327,0.68279,2.019,100.0,120.0,29.94
605.427,0.68253,2.021,100.0,120.0,29.91
605.527,0.6836,2.022,100.0,120.0,29.91
605.626,0.6913,2.024,100.0,120.0,29.91
605.727,0.68798,2.026,100.0,120.0,29.85
605.827,0.68764,2.028,100.0,120.0,29.85
605.927,0.68464,2.03,100.0,120.0,29.85
606.027,0.68156,2.031,100.0,120.0,29.91
606.127,0.68651,2.033,100.0,120.0,29.91
606.227,0.69217,2.035,100.0,120.0,29.91
606.327,0.68329,2.037,100.0,120.0,29.85
606.427,0.68319,2.039,100.0,120.0,29.85
606.527,0.68674,2.04,100.0,120.0,29.85
606.627,0.68985,2.042,100.0,120.0,29.87
606.727,0.68545,2.044,100.0,120.0,29.87
606.827,0.68047,2.046,100.0,120.0,29.87
606.927,0.68243,2.047,100.0,120.0,29.89
607.027,0.68638,2.049,100.0,120.0,29.89
607.128,0.68529,2.051,100.0,120.0,29.89
607.227,0.6919,2.053,100.0,120.0,29.91
607.327,0.69543,2.055,100.0,120.0,29.91
607.427,0.6942,2.056,100.0,120.0,29.91
607.527,0.69361,2.058,100.0,120.0,29.96
607.627,0.68396,2.06,100.0,120.0,29.96
607.727,0.69023,2.062,100.0,120.0,29.96
607.827,0.6907,2.063,100.0,120.0,29.93
607.928,0.68975,2.065,100.0,120.0,29.93
608.027,0.69486,2.067,100.0,120.0,29.93
608.127,0.69563,2.069,100.0,120.0,29.94
608.227,0.69759,2.071,100.0,120.0,29.94
608.327,0.69718,2.072,100.0,120.0,29.94
608.427,0.69226,2.074,100.0,120.0,29.95
608.527,0.68824,2.076,100.0,120.0,29.95
608.627,0.69171,2.078,100.0,120.0,29.95
608.727,0.68929,2.08,100.0,120.0,29.99
608.826,0.68938,2.081,100.0,120.0,29.99
608.928,0.69623,2.083,100.0,120.0,29.99
609.027,0.69976,2.085,100.0,120.0,30.03
609.127,0.69602,2.087,100.0,120.0,30.03
609.227,0.68899,2.088,100.0,120.0,30.03
609.327,0.68902,2.09,100.0,120.0,30.03
609.427,0.68892,2.092,100.0,120.0,30.03
609.527,0.69459,2.094,100.0,120.0,30.03
609.627,0.69748,2.096,100.0,120.0,29.95
609.727,0.69218,2.097,100.0,120.0,29.95
609.827,0.69198,2.099,100.0,120.0,29.95
609.927,0.6941,2.101,100.0,120.0,29.96
610.027,0.68833,2.103,100.0,120.0,29.96
610.127,0.69029,2.105,100.0,120.0,29.96
610.228,0.69828,2.106,100.0,120.0,29.96
610.327,0.70088,2.108,100.0,120.0,29.96
610.427,0.69502,2.11,100.0,120.0,29.96
610.527,0.69025,2.112,100.0,120.0,29.97
610.627,0.69197,2.113,100.0,120.0,29.97
610.727,0.69779,2.115,100.0,120.0,29.97
610.827,0.69663,2.117,100.0,120.0,29.97
610.927,0.69383,2.119,100.0,120.0,29.97
611.027,0.69743,2.121,100.0,120.0,29.97
611.127,0.69717,2.122,100.0,120.0,30.01
611.227,0.70101,2.124,100.0,120.0,30.01
611.328,0.70076,2.126,100.0,120.0,30.01
611.427,0.69626,2.128,100.0,120.0,30.09
611.527,0.69141,2.129,100.0,120.0,30.09
611.627,0.6954,2.131,100.0,120.0,30.09
611.727,0.6955,2.133,100.0,120.0,30.11
611.827,0.69397,2.135,100.0,120.0,30.11
611.927,0.69665,2.137,100.0,120.0,30.11
612.026,0.70145,2.138,100.0,120.0,30.09
612.127,0.70105,2.14,100.0,120.0,30.09
612.227,0.70003,2.142,100.0,120.0,30.09
612.327,0.69832,2.144,100.0,120.0,30.08
612.427,0.69896,2.146,100.0,120.0,30.08
612.527,0.7004,2.147,100.0,120.0,30.08
612.627,0.7017,2.149,100.0,120.0,30.11
612.727,0.70409,2.151,100.0,120.0,30.11
612.827,0.70591,2.153,100.0,120.0,30.11
612.927,0.70311,2.154,100.0,120.0,30.09
613.027,0.69973,2.156,100.0,120.0,30.09
613.127,0.70143,2.158,100.0,120.0,30.09
613.227,0.6943,2.16,100.0,120.0,30.11
613.327,0.69645,2.162,100.0,120.0,30.11
613.427,0.69844,2.163,100.0,120.0,30.11
613.527,0.69709,2.165,100.0,120.0,30.1
613.627,0.69823,2.167,100.0,120.0,30.1
613.728,0.70331,2.169,100.0,120.0,30.1
613.827,0.69952,2.171,100.0,120.0,30.08
613.927,0.69969,2.172,100.0,120.0,30.08
614.027,0.70408,2.174,100.0,120.0,30.08
614.127,0.70187,2.176,100.0,120.0,30.11
614.227,0.70415,2.178,100.0,120.0,30.11
614.327,0.70208,2.18,100.0,120.0,30.11
614.427,0.70507,2.181,100.0,120.0,30.09
614.527,0.70982,2.183,100.0,120.0,30.09
614.627,0.70751,2.185,100.0,120.0,30.09
614.727,0.70394,2.187,100.0,120.0,30.15
614.827,0.70531,2.189,100.0,120.0,30.15
614.927,0.70674,2.19,100.0,120.0,30.15
615.027,0.70358,2.192,100.0,120.0,30.17
615.127,0.70644,2.194,100.0,120.0,30.17
615.226,0.71124,2.196,100.0,120.0,30.17
615.327,0.7034,2.197,100.0,120.0,30.18
615.427,0.69934,2.199,100.0,120.0,30.18
615.527,0.70307,2.201,100.0,120.0,30.18
615.627,0.7076,2.203,100.0,120.0,30.15
615.727,0.70797,2.205,100.0,120.0,30.15
615.827,0.70379,2.206,100.0,120.0,30.15
615.927,0.7035,2.208,100.0,120.0,30.2
616.027,0.71029,2.21,100.0,120.0,30.2
616.127,0.7031,2.212,100.0,120.0,30.2
616.227,0.70516,2.214,100.0,120.0,30.17
616.327,0.70733,2.215,100.0,120.0,30.17
616.427,0.70233,2.217,100.0,120.0,30.17
616.527,0.70046,2.219,100.0,120.0,30.15
616.627,0.70464,2.221,100.0,120.0,30.15
616.727,0.70975,2.223,100.0,120.0,30.15
616.827,0.71041,2.224,100.0,120.0,30.16
616.927,0.71128,2.226,100.0,120.0,30.16
617.027,0.71291,2.228,100.0,120.0,30.16
617.127,0.71272,2.23,100.0,120.0,30.1
617.227,0.70435,2.232,100.0,120.0,30.1
617.327,0.71186,2.233,100.0,120.0,30.1
617.427,0.71299,2.235,100.0,120.0,30.09
617.527,0.71075,2.237,100.0,120.0,30.09
617.627,0.70762,2.239,100.0,120.0,30.09
617.727,0.70657,2.24,100.0,120.0,30.11
617.827,0.70746,2.242,100.0,120.0,30.11
617.927,0.70594,2.244,100.0,120.0,30.11
618.027,0.70759,2.246,100.0,120.0,30.09
618.127,0.7097,2.248,100.0,120.0,30.09
618.227,0.70707,2.249,100.0,120.0,30.09
618.327,0.70604,2.251,100.0,120.0,30.12
618.426,0.71073,2.253,100.0,120.0,30.12
618.527,0.70908,2.255,100.0,120.0,30.12
618.627,0.7092,2.257,100.0,120.0,30.14
618.727,0.70544,2.258,100.0,120.0,30.14
618.828,0.70646,2.26,100.0,120.0,30.14
618.927,0.71206,2.262,100.0,120.0,30.15
619.027,0.71216,2.264,100.0,120.0,30.15
619.127,0.7089,2.265,100.0,120.0,30.15
619.227,0.70793,2.267,100.0,120.0,30.17
619.327,0.70654,2.269,100.0,120.0,30.17
619.427,0.71229,2.271,100.0,120.0,30.17
619.527,0.71701,2.273,100.0,120.0,30.18
619.627,0.71292,2.274,100.0,120.0,30.18
619.727,0.71319,2.276,100.0,120.0,30.18
619.827,0.71462,2.278,100.0,120.0,30.27
619.927,0.70959,2.28,100.0,120.0,30.27
620.027,0.70984,2.282,100.0,120.0,30.27
620.127,0.71578,2.283,100.0,120.0,30.3
620.227,0.70784,2.285,100.0,120.0,30.3
620.327,0.70536,2.287,100.0,120.0,30.3
620.427,0.70834,2.289,100.0,120.0,30.29
620.527,0.70845,2.291,100.0,120.0,30.29
620.627,0.71346,2.292,100.0,120.0,30.29
620.727,0.71468,2.294,100.0,120.0,30.29
620.827,0.71319,2.296,100.0,120.0,30.29
620.927,0.7168,2.298,100.0,120.0,30.29
621.027,0.71362,2.3,100.0,120.0,30.32
621.127,0.70884,2.301,100.0,120.0,30.32
621.227,0.71066,2.303,100.0,120.0,30.32
621.327,0.71688,2.305,100.0,120.0,30.23
621.427,0.71499,2.307,100.0,120.0,30.23
621.527,0.71633,2.308,100.0,120.0,30.23
621.626,0.71776,2.31,100.0,120.0,30.2
621.727,0.71508,2.312,100.0,120.0,30.2
621.827,0.71921,2.314,100.0,120.0,30.2
621.927,0.70889,2.316,100.0,120.0,30.24
622.027,0.71943,2.317,100.0,120.0,30.24
622.127,0.7267,2.319,100.0,120.0,30.24
622.227,0.7238,2.321,100.0,120.0,30.28
622.327,0.72036,2.323,100.0,120.0,30.28
622.427,0.71788,2.325,100.0,120.0,30.28
622.527,0.71568,2.326,100.0,120.0,30.24
622.628,0.71369,2.328,100.0,120.0,30.24
622.727,0.71947,2.33,100.0,120.0,30.24
622.827,0.7215,2.332,100.0,120.0,30.24
622.927,0.71438,2.334,100.0,120.0,30.24
623.027,0.71193,2.335,100.0,120.0,30.24
623.127,0.71702,2.337,100.0,120.0,30.21
623.227,0.72217,2.339,100.0,120.0,30.21
623.327,0.7198,2.341,100.0,120.0,30.21
623.428,0.71413,2.342,100.0,120.0,30.17
623.527,0.71551,2.344,100.0,120.0,30.17
623.627,0.72062,2.346,100.0,120.0,30.17
623.727,0.71904,2.348,100.0,120.0,30.19
623.827,0.71984,2.35,100.0,120.0,30.19
623.927,0.7215,2.351,100.0,120.0,30.19
624.027,0.72386,2.353,100.0,120.0,30.2
624.127,0.72183,2.355,100.0,120.0,30.2
624.227,0.71911,2.357,100.0,120.0,30.2
624.327,0.71894,2.359,100.0,120.0,30.13
624.427,0.71681,2.36,100.0,120.0,30.13
624.527,0.71783,2.362,100.0,120.0,30.13
624.627,0.72765,2.364,100.0,120.0,30.18
624.727,0.72674,2.366,100.0,120.0,30.18
624.826,0.72012,2.368,100.0,120.0,30.18
624.927,0.72662,2.369,100.0,120.0,30.19
625.027,0.7251,2.371,100.0,120.0,30.19
625.127,0.71997,2.373,100.0,120.0,30.19
625.227,0.72375,2.375,100.0,120.0,30.2
625.327,0.72537,2.377,100.0,120.0,30.2
625.427,0.72482,2.378,100.0,120.0,30.2
625.527,0.71688,2.38,100.0,120.0,30.21
625.627,0.71674,2.382,100.0,120.0,30.21
625.727,0.71762,2.384,100.0,120.0,30.21
625.827,0.72013,2.386,100.0,120.0,30.14
625.927,0.72326,2.387,100.0,120.0,30.14
626.027,0.72129,2.389,100.0,120.0,30.14
626.127,0.72057,2.391,100.0,120.0,30.16
626.227,0.71757,2.393,100.0,120.0,30.16
626.327,0.71731,2.394,100.0,120.0,30.16
626.427,0.72267,2.396,100.0,120.0,30.17
626.527,0.72,2.398,100.0,120.0,30.17
626.627,0.72065,2.4,100.0,120.0,30.17
626.727,0.7252,2.402,100.0,120.0,30.22
626.827,0.72521,2.403,100.0,120.0,30.22
626.927,0.72331,2.405,100.0,120.0,30.22
627.027,0.71928,2.407,100.0,120.0,30.22
627.127,0.72784,2.409,100.0,120.0,30.22
627.227,0.73231,2.41,100.0,120.0,30.22
627.327,0.72678,2.412,100.0,120.0,30.23
627.427,0.72731,2.414,100.0,120.0,30.23
627.527,0.72412,2.416,100.0,120.0,30.23
627.627,0.72604,2.418,100.0,120.0,30.31
627.727,0.72428,2.419,100.0,120.0,30.31
627.827,0.72238,2.421,100.0,120.0,30.31
627.927,0.72322,2.423,100.0,120.0,30.19
628.026,0.7212,2.425,100.0,120.0,30.19
628.127,0.72753,2.427,100.0,120.0,30.19
628.227,0.73094,2.428,100.0,120.0,30.2
628.327,0.72554,2.43,100.0,120.0,30.2
628.427,0.72449,2.432,100.0,120.0,30.2
628.527,0.72758,2.434,100.0,120.0,30.17
628.628,0.72732,2.435,100.0,120.0,30.17
628.727,0.73436,2.437,100.0,120.0,30.17
628.827,0.72579,2.439,100.0,120.0,30.18
628.927,0.7275,2.441,100.0,120.0,30.18
629.027,0.72625,2.443,100.0,120.0,30.18
629.127,0.72732,2.444,100.0,120.0,30.15
629.227,0.729,2.446,100.0,120.0,30.15
629.327,0.72522,2.448,100.0,120.0,30.15
629.427,0.72827,2.45,100.0,120.0,30.2
629.527,0.72256,2.452,100.0,120.0,30.2
629.627,0.72604,2.453,100.0,120.0,30.2
629.727,0.72613,2.455,100.0,120.0,30.17
629.827,0.73314,2.457,100.0,120.0,30.17
629.927,0.73191,2.459,100.0,120.0,30.17
630.027,0.72897,2.46,100.0,120.0,30.22
630.127,0.73017,2.462,100.0,120.0,30.22
630.227,0.72799,2.464,100.0,120.0,30.22
630.327,0.72785,2.466,100.0,120.0,30.3
630.427,0.72546,2.468,100.0,120.0,30.3
630.527,0.72346,2.469,100.0,120.0,30.3
630.627,0.7306,2.471,100.0,120.0,30.26
630.727,0.72559,2.473,100.0,120.0,30.26
630.827,0.72693,2.475,100.0,120.0,30.26
630.927,0.73234,2.477,100.0,120.0,30.26
631.027,0.73327,2.478,100.0,120.0,30.26
631.127,0.73435,2.48,100.0,120.0,30.26
631.226,0.73434,2.482,100.0,120.0,30.22
631.327,0.73217,2.484,100.0,120.0,30.22
631.427,0.73209,2.486,100.0,120.0,30.22
631.527,0.72812,2.487,100.0,120.0,30.22
631.627,0.73155,2.489,100.0,120.0,30.22
631.727,0.73513,2.491,100.0,120.0,30.22
631.827,0.73326,2.493,100.0,120.0,30.19
631.927,0.72788,2.494,100.0,120.0,30.19
632.027,0.73086,2.496,100.0,120.0,30.19
632.127,0.73412,2.498,100.0,120.0,30.27
632.228,0.73567,2.5,100.0,120.0,30.27
632.327,0.7314,2.502,100.0,120.0,30.27
632.427,0.73204,2.503,100.0,120.0,30.31
632.527,0.73063,2.505,100.0,120.0,30.31
632.627,0.73527,2.507,100.0,120.0,30.31
632.727,0.7368,2.509,100.0,120.0,30.3
632.827,0.74008,2.511,100.0,120.0,30.3
632.927,0.73435,2.512,100.0,120.0,30.3
633.027,0.73243,2.514,100.0,120.0,30.25
633.127,0.73454,2.516,100.0,120.0,30.25
633.227,0.73977,2.518,100.0,120.0,30.25
633.327,0.73527,2.519,100.0,120.0,30.22
633.427,0.73008,2.521,100.0,120.0,30.22
633.527,0.73436,2.523,100.0,120.0,30.22
633.627,0.7366,2.525,100.0,120.0,30.22
633.728,0.73566,2.527,100.0,120.0,30.22
633.827,0.73485,2.528,100.0,120.0,30.22
633.927,0.735,2.53,100.0,120.0,30.23
634.027,0.74039,2.532,100.0,120.0,30.23
634.127,0.74119,2.534,100.0,120.0,30.23
634.227,0.73636,2.536,100.0,120.0,30.23
634.327,0.73556,2.537,100.0,120.0,30.23
634.426,0.73796,2.539,100.0,120.0,30.23
634.527,0.74158,2.541,100.0,120.0,30.27
634.627,0.74313,2.543,100.0,120.0,30.27
634.727,0.74073,2.544,100.0,120.0,30.27
634.827,0.73465,2.546,100.0,120.0,30.3
634.928,0.73723,2.548,100.0,120.0,30.3
635.027,0.74002,2.55,100.0,120.0,30.3
635.127,0.73776,2.552,100.0,120.0,30.3
635.227,0.73,2.553,100.0,120.0,30.3
635.327,0.73344,2.555,100.0,120.0,30.3
635.427,0.73519,2.557,100.0,120.0,30.29
635.527,0.73677,2.559,100.0,120.0,30.29
635.627,0.74069,2.561,100.0,120.0,30.29
635.727,0.74341,2.562,100.0,120.0,30.28
635.827,0.74365,2.564,100.0,120.0,30.28
635.927,0.73916,2.566,100.0,120.0,30.28
636.027,0.73798,2.568,100.0,120.0,30.28
636.127,0.7361,2.57,100.0,120.0,30.28
636.227,0.73624,2.571,100.0,120.0,30.28
636.328,0.7346,2.573,100.0,120.0,30.31
636.427,0.73843,2.575,100.0,120.0,30.31
636.527,0.73959,2.577,100.0,120.0,30.31
636.627,0.73834,2.579,100.0,120.0,30.23
636.727,0.73875,2.58,100.0,120.0,30.23
636.827,0.74568,2.582,100.0,120.0,30.23
636.927,0.74061,2.584,100.0,120.0,30.31
637.027,0.74273,2.586,100.0,120.0,30.31
637.127,0.74207,2.587,100.0,120.0,30.31
637.227,0.74259,2.589,100.0,120.0,30.26
637.328,0.73792,2.591,100.0,120.0,30.26
637.427,0.73526,2.593,100.0,120.0,30.26
637.527,0.74201,2.595,100.0,120.0,30.33
637.626,0.74554,2.596,100.0,120.0,30.33
637.727,0.74229,2.598,100.0,120.0,30.33
637.827,0.7398,2.6,100.0,120.0,30.36
637.927,0.73966,2.602,100.0,120.0,30.36
638.027,0.74119,2.604,100.0,120.0,30.36
638.127,0.74549,2.605,100.0,120.0,30.3
638.227,0.74528,2.607,100.0,120.0,30.3
638.327,0.74282,2.609,100.0,120.0,30.3
638.427,0.73744,2.611,100.0,120.0,30.33
638.527,0.74089,2.613,100.0,120.0,30.33
638.627,0.74268,2.614,100.0,120.0,30.33
638.727,0.73696,2.616,100.0,120.0,30.32
638.827,0.74015,2.618,100.0,120.0,30.32
638.927,0.7413,2.62,100.0,120.0,30.32
639.027,0.73928,2.622,100.0,120.0,30.31
639.127,0.74199,2.623,100.0,120.0,30.31
639.227,0.74038,2.625,100.0,120.0,30.31
639.327,0.73863,2.627,100.0,120.0,30.34
639.427,0.74092,2.629,100.0,120.0,30.34
639.527,0.74219,2.63,100.0,120.0,30.34
639.627,0.74059,2.632,100.0,120.0,30.33
639.727,0.73699,2.634,100.0,120.0,30.33
639.827,0.7385,2.636,100.0,120.0,30.33
639.927,0.74391,2.638,100.0,120.0,30.28
640.027,0.74322,2.639,100.0,120.0,30.28
640.127,0.74241,2.641,100.0,120.0,30.28
640.227,0.74117,2.643,100.0,120.0,30.27
640.327,0.74006,2.645,100.0,120.0,30.27
640.427,0.74242,2.647,100.0,120.0,30.27
640.527,0.74787,2.648,100.0,120.0,30.27
640.628,0.7453,2.65,100.0,120.0,30.27
640.727,0.74903,2.652,100.0,120.0,30.27
640.826,0.7493,2.654,100.0,120.0,30.34
640.927,0.74864,2.655,100.0,120.0,30.34
641.027,0.74447,2.657,100.0,120.0,30.34
641.127,0.74607,2.659,100.0,120.0,30.4
641.227,0.74096,2.661,100.0,120.0,30.4
641.327,0.74088,2.663,100.0,120.0,30.4
641.427,0.74815,2.664,100.0,120.0,30.34
641.527,0.75076,2.666,100.0,120.0,30.34
641.627,0.74549,2.668,100.0,120.0,30.34
641.727,0.7487,2.67,100.0,120.0,30.33
641.827,0.74064,2.672,100.0,120.0,30.33
641.927,0.7473,2.673,100.0,120.0,30.33
642.027,0.75388,2.675,100.0,120.0,30.32
642.127,0.74531,2.677,100.0,120.0,30.32
642.227,0.74541,2.679,100.0,120.0,30.32
642.327,0.74877,2.68,100.0,120.0,30.31
642.427,0.74604,2.682,100.0,120.0,30.31
642.527,0.74378,2.684,100.0,120.0,30.31
642.627,0.74852,2.686,100.0,120.0,30.26
642.727,0.74475,2.688,100.0,120.0,30.26
642.827,0.74238,2.689,100.0,120.0,30.26
642.927,0.74538,2.691,100.0,120.0,30.26
643.027,0.7496,2.693,100.0,120.0,30.26
643.127,0.75429,2.695,100.0,120.0,30.26
643.227,0.75144,2.697,100.0,120.0,30.26
643.327,0.74121,2.698,100.0,120.0,30.26
643.427,0.74266,2.7,100.0,120.0,30.26
643.527,0.74841,2.702,100.0,120.0,30.29
643.627,0.74901,2.704,100.0,120.0,30.29
643.727,0.7485,2.706,100.0,120.0,30.29
643.827,0.74238,2.707,100.0,120.0,30.21
643.927,0.7515,2.709,100.0,120.0,30.21
644.026,0.74977,2.711,100.0,120.0,30.21
644.127,0.74564,2.713,100.0,120.0,30.18
644.227,0.75058,2.715,100.0,120.0,30.18
644.328,0.75396,2.716,100.0,120.0,30.18
644.427,0.75176,2.718,100.0,120.0,30.15
644.527,0.75078,2.72,100.0,120.0,30.15
644.627,0.74668,2.722,100.0,120.0,30.15
644.727,0.74511,2.723,100.0,120.0,30.21
644.827,0.74531,2.725,100.0,120.0,30.21
644.927,0.74529,2.727,100.0,120.0,30.21
645.027,0.751,2.729,100.0,120.0,30.21
645.127,0.74844,2.731,100.0,120.0,30.21
645.227,0.74581,2.732,100.0,120.0,30.21
645.327,0.74793,2.734,100.0,120.0,30.22
645.427,0.75169,2.736,100.0,120.0,30.22
645.527,0.74762,2.738,100.0,120.0,30.22
645.627,0.74754,2.739,100.0,120.0,30.26
645.727,0.74857,2.741,100.0,120.0,30.26
645.827,0.74873,2.743,100.0,120.0,30.26
645.927,0.74501,2.745,100.0,120.0,30.26
646.027,0.74378,2.747,100.0,120.0,30.26
646.127,0.74652,2.748,100.0,120.0,30.26
646.227,0.75425,2.75,100.0,120.0,30.29
646.327,0.75636,2.752,100.0,120.0,30.29
646.427,0.75059,2.754,100.0,120.0,30.29
646.528,0.7511,2.756,100.0,120.0,30.33
646.627,0.74769,2.757,100.0,120.0,30.33
646.727,0.74694,2.759,100.0,120.0,30.33
646.827,0.7487,2.761,100.0,120.0,30.31
646.927,0.7509,2.763,100.0,120.0,30.31
647.027,0.75535,2.764,100.0,120.0,30.31
647.127,0.75693,2.766,100.0,120.0,30.34
647.226,0.7528,2.768,100.0,120.0,30.34
647.327,0.7516,2.77,100.0,120.0,30.34
647.427,0.75115,2.772,100.0,120.0,30.33
647.527,0.75551,2.773,100.0,120.0,30.33
647.627,0.76095,2.775,100.0,120.0,30.33
647.727,0.75709,2.777,100.0,120.0,30.35
647.827,0.75228,2.779,100.0,120.0,30.35
647.927,0.74845,2.781,100.0,120.0,30.35
648.027,0.75279,2.782,100.0,120.0,30.34
648.127,0.75351,2.784,100.0,120.0,30.34
648.227,0.7486,2.786,100.0,120.0,30.34
648.327,0.7515,2.788,100.0,120.0,30.4
648.427,0.75442,2.789,100.0,120.0,30.4
648.527,0.75446,2.791,100.0,120.0,30.4
648.627,0.75214,2.793,100.0,120.0,30.42
648.727,0.75203,2.795,100.0,120.0,30.42
648.827,0.75138,2.797,100.0,120.0,30.42
648.927,0.75458,2.798,100.0,120.0,30.47
649.027,0.75099,2.8,100.0,120.0,30.47
649.127,0.75006,2.802,100.0,120.0,30.47
649.227,0.7483,2.804,100.0,120.0,30.47
649.327,0.74987,2.805,100.0,120.0,30.47
649.428,0.75362,2.807,100.0,120.0,30.47
649.527,0.7551,2.809,100.0,120.0,30.44
649.627,0.75694,2.811,100.0,120.0,30.44
649.727,0.75785,2.812,100.0,120.0,30.44
649.827,0.7618,2.814,100.0,120.0,30.45
649.927,0.75502,2.816,100.0,120.0,30.45
650.027,0.75073,2.818,100.0,120.0,30.45
650.127,0.7511,2.82,100.0,120.0,30.45
650.227,0.75574,2.821,100.0,120.0,30.45
650.327,0.75657,2.823,100.0,120.0,30.45
650.426,0.75569,2.825,100.0,120.0,30.42
650.527,0.75061,2.827,100.0,120.0,30.42
650.627,0.7508,2.829,100.0,120.0,30.42
650.727,0.76019,2.83,100.0,120.0,30.44
650.827,0.75834,2.832,100.0,120.0,30.44
650.927,0.75493,2.834,100.0,120.0,30.44
651.027,0.75565,2.836,100.0,120.0,30.41
651.127,0.74727,2.837,100.0,120.0,30.41
651.227,0.74829,2.839,100.0,120.0,30.41
651.327,0.75318,2.841,100.0,120.0,30.42
651.427,0.7575,2.843,100.0,120.0,30.42
651.527,0.75595,2.844,100.0,120.0,30.42
651.627,0.75781,2.846,100.0,120.0,30.43
651.727,0.75821,2.848,100.0,120.0,30.43
651.827,0.75689,2.85,100.0,120.0,30.43
651.927,0.75045,2.852,100.0,120.0,30.44
652.027,0.75594,2.853,100.0,120.0,30.44
652.127,0.75735,2.855,100.0,120.0,30.44
652.227,0.75681,2.857,100.0,120.0,30.49
652.327,0.75648,2.859,100.0,120.0,30.49
652.427,0.76044,2.861,100.0,120.0,30.49
652.527,0.75841,2.862,100.0,120.0,30.49
652.627,0.76363,2.864,100.0,120.0,30.49
652.727,0.76183,2.866,100.0,120.0,30.49
652.827,0.7554,2.868,100.0,120.0,30.49
652.927,0.74944,2.869,100.0,120.0,30.49
653.027,0.7536,2.871,100.0,120.0,30.49
653.127,0.75359,2.873,100.0,120.0,30.49
653.227,0.75381,2.875,100.0,120.0,30.49
653.327,0.75708,2.877,100.0,120.0,30.49
653.427,0.75534,2.878,100.0,120.0,30.46
653.527,0.75405,2.88,100.0,120.0,30.46
653.626,0.75584,2.882,100.0,120.0,30.46
653.727,0.75673,2.884,100.0,120.0,30.46
653.827,0.76114,2.885,100.0,120.0,30.46
653.927,0.76267,2.887,100.0,120.0,30.46
654.027,0.76227,2.889,100.0,120.0,30.39
654.127,0.76377,2.891,100.0,120.0,30.39
654.227,0.76008,2.893,100.0,120.0,30.39
654.327,0.75885,2.894,100.0,120.0,30.41
654.427,0.75587,2.896,100.0,120.0,30.41
654.528,0.7567,2.898,100.0,120.0,30.41
654.627,0.75821,2.9,100.0,120.0,30.42
654.727,0.75597,2.901,100.0,120.0,30.42
654.827,0.76038,2.903,100.0,120.0,30.42
654.927,0.76187,2.905,100.0,120.0,30.47
655.027,0.76605,2.907,100.0,120.0,30.47
655.127,0.75938,2.908,100.0,120.0,30.47
655.227,0.75347,2.91,100.0,120.0,30.44
655.327,0.75841,2.912,100.0,120.0,30.44
655.427,0.75547,2.914,100.0,120.0,30.44
655.527,0.75686,2.916,100.0,120.0,30.45
655.627,0.75712,2.917,100.0,120.0,30.45
655.727,0.75894,2.919,100.0,120.0,30.45
655.827,0.75788,2.921,100.0,120.0,30.42
655.927,0.7591,2.923,100.0,120.0,30.42
656.027,0.75632,2.924,100.0,120.0,30.42
656.127,0.75878,2.926,100.0,120.0,30.43
656.227,0.75914,2.928,100.0,120.0,30.43
656.327,0.7611,2.93,100.0,120.0,30.43
656.427,0.7592,2.932,100.0,120.0,30.44
656.527,0.75838,2.933,100.0,120.0,30.44
656.627,0.75943,2.935,100.0,120.0,30.44
656.727,0.75635,2.937,100.0,120.0,30.37
656.826,0.76031,2.939,100.0,120.0,30.37
656.927,0.7582,2.94,100.0,120.0,30.37
657.027,0.75735,2.942,100.0,120.0,30.36
657.127,0.76314,2.944,100.0,120.0,30.36
657.227,0.75731,2.946,100.0,120.0,30.36
657.327,0.76164,2.948,100.0,120.0,30.38
657.427,0.75904,2.949,100.0,120.0,30.38
657.527,0.75712,2.951,100.0,120.0,30.38
657.627,0.75876,2.953,100.0,120.0,30.36
657.727,0.7605,2.955,100.0,120.0,30.36
657.827,0.76571,2.956,100.0,120.0,30.36
657.927,0.76342,2.958,100.0,120.0,30.38
658.027,0.76762,2.96,100.0,120.0,30.38
658.127,0.76656,2.962,100.0,120.0,30.38
658.227,0.7633,2.964,100.0,120.0,30.4
658.327,0.76224,2.965,100.0,120.0,30.4
658.427,0.76599,2.967,100.0,120.0,30.4
658.527,0.76207,2.969,100.0,120.0,30.45
658.627,0.76709,2.971,100.0,120.0,30.45
658.727,0.7654,2.972,100.0,120.0,30.45
658.827,0.76224,2.974,100.0,120.0,30.46
658.927,0.76608,2.976,100.0,120.0,30.46
659.027,0.76511,2.978,100.0,120.0,30.46
659.127,0.75923,2.98,100.0,120.0,30.46
659.227,0.75715,2.981,100.0,120.0,30.46
659.327,0.76443,2.983,100.0,120.0,30.46
659.427,0.76136,2.985,100.0,120.0,30.43
659.527,0.76475,2.987,100.0,120.0,30.43
659.627,0.76685,2.988,100.0,120.0,30.43
659.727,0.76915,2.99,100.0,120.0,30.44
659.827,0.76825,2.992,100.0,120.0,30.44
659.927,0.76609,2.994,100.0,120.0,30.44
660.026,0.76095,2.996,100.0,120.0,30.45
660.127,0.76691,2.997,100.0,120.0,30.45
660.227,0.76756,2.999,100.0,120.0,30.45
660.327,0.77533,3.001,100.0,120.0,30.5
660.427,0.77211,3.003,100.0,120.0,30.5
660.527,0.76386,3.004,100.0,120.0,30.5
660.627,0.77002,3.006,100.0,120.0,30.5
660.727,0.7628,3.008,100.0,120.0,30.5
660.827,0.76088,3.01,100.0,120.0,30.5
660.927,0.76294,3.012,100.0,120.0,30.53
661.027,0.76027,3.013,100.0,120.0,30.53
661.127,0.76819,3.015,100.0,120.0,30.53
661.227,0.76097,3.017,100.0,120.0,30.57
661.327,0.76222,3.019,100.0,120.0,30.57
661.427,0.76583,3.02,100.0,120.0,30.57
661.527,0.76516,3.022,100.0,120.0,30.56
661.627,0.7641,3.024,100.0,120.0,30.56
661.727,0.76551,3.026,100.0,120.0,30.56
661.827,0.76477,3.028,100.0,120.0,30.51
661.927,0.76515,3.029,100.0,120.0,30.51
662.027,0.77299,3.031,100.0,120.0,30.51
662.127,0.76648,3.033,100.0,120.0,30.51
662.227,0.76599,3.035,100.0,120.0,30.51
662.327,0.7663,3.037,100.0,120.0,30.51
662.427,0.76796,3.038,100.0,120.0,30.51
662.527,0.76133,3.04,100.0,120.0,30.51
662.628,0.7632,3.042,100.0,120.0,30.51
662.727,0.76418,3.044,100.0,120.0,30.54
662.827,0.767,3.045,100.0,120.0,30.54
662.927,0.77092,3.047,100.0,120.0,30.54
663.027,0.76538,3.049,100.0,120.0,30.58
663.127,0.76647,3.051,100.0,120.0,30.58
663.226,0.76892,3.053,100.0,120.0,30.58
663.327,0.769,3.054,100.0,120.0,30.6
663.427,0.77062,3.056,100.0,120.0,30.6
663.527,0.76539,3.058,100.0,120.0,30.6
663.627,0.76619,3.06,100.0,120.0,30.59
663.727,0.76573,3.062,100.0,120.0,30.59
663.828,0.76596,3.063,100.0,120.0,30.59
663.927,0.7649,3.065,100.0,120.0,30.57
664.027,0.7649,3.067,100.0,120.0,30.57
664.127,0.76327,3.069,100.0,120.0,30.57
664.227,0.76852,3.07,100.0,120.0,30.6
664.327,0.77584,3.072,100.0,120.0,30.6
664.427,0.7742,3.074,100.0,120.0,30.6
664.527,0.77117,3.076,100.0,120.0,30.62
664.627,0.76993,3.078,100.0,120.0,30.62
664.727,0.76859,3.079,100.0,120.0,30.62
664.827,0.77547,3.081,100.0,120.0,30.64
664.927,0.77207,3.083,100.0,120.0,30.64
665.028,0.7661,3.085,100.0,120.0,30.64
665.127,0.76836,3.086,100.0,120.0,30.7
665.227,0.77739,3.088,100.0,120.0,30.7
665.327,0.77477,3.09,100.0,120.0,30.7
665.427,0.7735,3.092,100.0,120.0,30.67
665.527,0.77124,3.094,100.0,120.0,30.67
665.627,0.77394,3.095,100.0,120.0,30.67
665.727,0.77288,3.097,100.0,120.0,30.6
665.827,0.77495,3.099,100.0,120.0,30.6
665.927,0.7768,3.101,100.0,120.0,30.6
666.027,0.77735,3.102,100.0,120.0,30.63
666.127,0.76896,3.104,100.0,120.0,30.63
666.227,0.76527,3.106,100.0,120.0,30.63
666.327,0.76664,3.108,100.0,120.0,30.64
666.426,0.77706,3.109,100.0,120.0,30.64
666.527,0.77172,3.111,100.0,120.0,30.64
666.627,0.76782,3.113,100.0,120.0,30.66
666.727,0.77105,3.115,100.0,120.0,30.66
666.827,0.77232,3.117,100.0,120.0,30.66
666.927,0.77098,3.118,100.0,120.0,30.67
667.027,0.77244,3.12,100.0,120.0,30.67
667.127,0.76988,3.122,100.0,120.0,30.67
667.227,0.76971,3.124,100.0,120.0,30.72
667.327,0.76609,3.125,100.0,120.0,30.72
667.427,0.75886,3.127,100.0,120.0,30.72
667.527,0.76956,3.129,100.0,120.0,30.73
667.627,0.77545,3.131,100.0,120.0,30.73
667.727,0.77886,3.133,100.0,120.0,30.73
667.827,0.77265,3.134,100.0,120.0,30.66
667.927,0.76573,3.136,100.0,120.0,30.66
668.027,0.77241,3.138,100.0,120.0,30.66
668.127,0.77321,3.14,100.0,120.0,30.59
668.227,0.7771,3.142,100.0,120.0,30.59
668.327,0.77288,3.143,100.0,120.0,30.59
668.427,0.76679,3.145,100.0,120.0,30.62
668.527,0.76881,3.147,100.0,120.0,30.62
668.627,0.77124,3.149,100.0,120.0,30.62
668.727,0.77257,3.15,100.0,120.0,30.64
668.827,0.77443,3.152,100.0,120.0,30.64
668.927,0.77343,3.154,100.0,120.0,30.64
669.027,0.76899,3.156,100.0,120.0,30.62
669.127,0.77017,3.157,100.0,120.0,30.62
669.227,0.77165,3.159,100.0,120.0,30.62
669.327,0.78168,3.161,100.0,120.0,30.64
669.427,0.77479,3.163,100.0,120.0,30.64
669.528,0.77056,3.165,100.0,120.0,30.64
669.626,0.77324,3.166,100.0,120.0,30.65
669.727,0.77689,3.168,100.0,120.0,30.65
669.827,0.77745,3.17,100.0,120.0,30.65
669.927,0.76875,3.172,100.0,120.0,30.71
670.027,0.76828,3.174,100.0,120.0,30.71
670.127,0.77178,3.175,100.0,120.0,30.71
670.227,0.77087,3.177,100.0,120.0,30.71
670.327,0.77399,3.179,100.0,120.0,30.71
670.427,0.76686,3.181,100.0,120.0,30.71
670.527,0.76525,3.182,100.0,120.0,30.76
670.627,0.77174,3.184,100.0,120.0,30.76
670.727,0.77245,3.186,100.0,120.0,30.76
670.827,0.77706,3.188,100.0,120.0,30.72
670.927,0.77477,3.19,100.0,120.0,30.72
671.027,0.76396,3.191,100.0,120.0,30.72
671.127,0.76872,3.193,100.0,120.0,30.72
671.227,0.76935,3.195,100.0,120.0,30.72
671.327,0.777,3.197,100.0,120.0,30.72
671.427,0.77157,3.198,100.0,120.0,30.69
671.527,0.77033,3.2,100.0,120.0,30.69
671.627,0.77283,3.202,100.0,120.0,30.69
671.727,0.76914,3.204,100.0,120.0,30.7
671.827,0.76943,3.206,100.0,120.0,30.7
671.927,0.77316,3.207,100.0,120.0,30.7
672.027,0.77461,3.209,100.0,120.0,30.74
672.127,0.77434,3.211,100.0,120.0,30.74
672.227,0.7788,3.213,100.0,120.0,30.74
672.327,0.7777,3.214,100.0,120.0,30.74
672.427,0.77435,3.216,100.0,120.0,30.74
672.527,0.77574,3.218,100.0,120.0,30.74
672.627,0.77603,3.22,100.0,120.0,30.75
672.727,0.77168,3.222,100.0,120.0,30.75
672.826,0.77173,3.223,100.0,120.0,30.75
672.927,0.77611,3.225,100.0,120.0,30.75
673.027,0.77775,3.227,100.0,120.0,30.75
673.127,0.77514,3.229,100.0,120.0,30.75
673.227,0.77664,3.23,100.0,120.0,30.75
673.327,0.77393,3.232,100.0,120.0,30.75
673.427,0.77384,3.234,100.0,120.0,30.75
673.527,0.77684,3.236,100.0,120.0,30.75
673.627,0.77747,3.238,100.0,120.0,30.75
673.727,0.78047,3.239,100.0,120.0,30.75
673.827,0.77459,3.241,100.0,120.0,30.75
673.927,0.77519,3.243,100.0,120.0,30.75
674.027,0.77622,3.245,100.0,120.0,30.75
674.127,0.77757,3.246,100.0,120.0,30.79
674.227,0.77671,3.248,100.0,120.0,30.79
674.327,0.77478,3.25,100.0,120.0,30.79
674.427,0.77374,3.252,100.0,120.0,30.82
674.527,0.77574,3.254,100.0,120.0,30.82
674.627,0.77057,3.255,100.0,120.0,30.82
674.727,0.78214,3.257,100.0,120.0,30.84
674.827,0.78098,3.259,100.0,120.0,30.84
674.927,0.77322,3.261,100.0,120.0,30.84
675.027,0.7725,3.262,100.0,120.0,30.79
675.127,0.77799,3.264,100.0,120.0,30.79
675.227,0.76921,3.266,100.0,120.0,30.79
675.327,0.77262,3.268,100.0,120.0,30.79
675.427,0.77554,3.269,100.0,120.0,30.79
675.528,0.77524,3.271,100.0,120.0,30.79
675.627,0.77926,3.273,100.0,120.0,30.78
675.727,0.77863,3.275,100.0,120.0,30.78
675.827,0.77588,3.277,100.0,120.0,30.78
675.927,0.77226,3.278,100.0,120.0,30.81
676.026,0.77244,3.28,100.0,120.0,30.81
676.127,0.77943,3.282,100.0,120.0,30.81
676.227,0.78316,3.284,100.0,120.0,30.77
676.327,0.78199,3.285,100.0,120.0,30.77
676.427,0.78028,3.287,100.0,120.0,30.77
676.527,0.78169,3.289,100.0,120.0,30.84
676.627,0.78505,3.291,100.0,120.0,30.84
676.727,0.77738,3.293,100.0,120.0,30.84
676.827,0.77475,3.294,100.0,120.0,30.9
676.927,0.7815,3.296,100.0,120.0,30.9
677.027,0.77939,3.298,100.0,120.0,30.9
677.127,0.78067,3.3,100.0,120.0,30.88
677.227,0.78067,3.301,100.0,120.0,30.88
677.327,0.78192,3.303,100.0,120.0,30.88
677.427,0.77986,3.305,100.0,120.0,30.9
677.527,0.77809,3.307,100.0,120.0,30.9
677.627,0.77467,3.309,100.0,120.0,30.9
677.727,0.78209,3.31,100.0,120.0,30.95
677.827,0.77973,3.312,100.0,120.0,30.95
677.927,0.77215,3.314,100.0,120.0,30.95
678.027,0.77803,3.316,100.0,120.0,30.92
678.127,0.78009,3.317,100.0,120.0,30.92
678.227,0.7774,3.319,100.0,120.0,30.92
678.327,0.77545,3.321,100.0,120.0,30.89
678.427,0.77531,3.323,100.0,120.0,30.89
678.527,0.78177,3.325,100.0,120.0,30.89
678.627,0.77635,3.326,100.0,120.0,30.91
678.727,0.77365,3.328,100.0,120.0,30.91
678.827,0.77548,3.33,100.0,120.0,30.91
678.927,0.77687,3.332,100.0,120.0,30.85
679.027,0.77518,3.333,100.0,120.0,30.85
679.127,0.77774,3.335,100.0,120.0,30.85
679.226,0.77886,3.337,100.0,120.0,30.91
679.327,0.77571,3.339,100.0,120.0,30.91
679.427,0.7774,3.34,100.0,120.0,30.91
679.527,0.7785,3.342,100.0,120.0,30.85
679.627,0.77255,3.344,100.0,120.0,30.85
679.727,0.78096,3.346,100.0,120.0,30.85
679.827,0.77914,3.348,100.0,120.0,30.8
679.927,0.78035,3.349,100.0,120.0,30.8
680.027,0.78021,3.351,100.0,120.0,30.8
680.127,0.78019,3.353,100.0,120.0,30.83
680.227,0.77888,3.355,100.0,120.0,30.83
680.327,0.78326,3.356,100.0,120.0,30.83
680.427,0.7865,3.358,100.0,120.0,30.85
680.527,0.78224,3.36,100.0,120.0,30.85
680.627,0.77186,3.362,100.0,120.0,30.85
680.727,0.77843,3.363,100.0,120.0,30.91
680.827,0.777,3.365,100.0,120.0,30.91
680.927,0.78737,3.367,100.0,120.0,30.91
681.027,0.78515,3.369,100.0,120.0,30.93
681.127,0.78186,3.371,100.0,120.0,30.93
681.227,0.78247,3.372,100.0,120.0,30.93
681.327,0.78121,3.374,100.0,120.0,30.97
681.427,0.7818,3.376,100.0,120.0,30.97
681.527,0.7795,3.378,100.0,120.0,30.97
681.627,0.77649,3.379,100.0,120.0,31.02
681.727,0.77731,3.381,100.0,120.0,31.02
681.827,0.7766,3.383,100.0,120.0,31.02
681.928,0.77787,3.385,100.0,120.0,31.05
682.027,0.78017,3.387,100.0,120.0,31.05
682.127,0.78155,3.388,100.0,120.0,31.05
682.227,0.78675,3.39,100.0,120.0,31.08
682.327,0.77771,3.392,100.0,120.0,31.08
682.426,0.78066,3.394,100.0,120.0,31.08
682.527,0.78023,3.395,100.0,120.0,31.07
682.627,0.78033,3.397,100.0,120.0,31.07
682.728,0.78119,3.399,100.0,120.0,31.07
682.827,0.77986,3.401,100.0,120.0,31.02
682.927,0.77583,3.403,100.0,120.0,31.02
683.027,0.7794,3.404,100.0,120.0,31.02
683.127,0.78222,3.406,100.0,120.0,30.98
683.227,0.77773,3.408,100.0,120.0,30.98
683.327,0.77853,3.41,100.0,120.0,30.98
683.427,0.78265,3.411,100.0,120.0,30.98
683.527,0.78467,3.413,100.0,120.0,30.98
683.627,0.78801,3.415,100.0,120.0,30.98
683.727,0.77913,3.417,100.0,120.0,30.91
683.827,0.77915,3.418,100.0,120.0,30.91
683.927,0.78505,3.42,100.0,120.0,30.91
684.027,0.78372,3.422,100.0,120.0,30.89
684.127,0.78158,3.424,100.0,120.0,30.89
684.227,0.78462,3.426,100.0,120.0,30.89
684.327,0.78958,3.427,100.0,120.0,30.87
684.427,0.78808,3.429,100.0,120.0,30.87
684.527,0.78189,3.431,100.0,120.0,30.87
684.627,0.77719,3.433,100.0,120.0,30.89
684.727,0.78236,3.434,100.0,120.0,30.89
684.827,0.78242,3.436,100.0,120.0,30.89
684.927,0.78474,3.438,100.0,120.0,30.83
685.027,0.7843,3.44,100.0,120.0,30.83
685.128,0.78473,3.442,100.0,120.0,30.83
685.227,0.78404,3.443,100.0,120.0,30.85
685.327,0.781,3.445,100.0,120.0,30.85
685.427,0.78369,3.447,100.0,120.0,30.85
685.527,0.78619,3.449,100.0,120.0,30.91
685.626,0.78502,3.45,100.0,120.0,30.91
685.727,0.78289,3.452,100.0,120.0,30.91
685.828,0.77844,3.454,100.0,120.0,30.93
685.927,0.78559,3.456,100.0,120.0,30.93
686.027,0.78946,3.458,100.0,120.0,30.93
686.127,0.79019,3.459,100.0,120.0,30.97
686.227,0.78956,3.461,100.0,120.0,30.97
686.327,0.78204,3.463,100.0,120.0,30.97
686.427,0.78113,3.465,100.0,120.0,30.94
686.527,0.78912,3.466,100.0,120.0,30.94
686.627,0.78336,3.468,100.0,120.0,30.94
686.727,0.78546,3.47,100.0,120.0,30.91
686.827,0.78104,3.472,100.0,120.0,30.91
686.927,0.77863,3.473,100.0,120.0,30.91
687.027,0.78332,3.475,100.0,120.0,30.93
687.127,0.78322,3.477,100.0,120.0,30.93
687.227,0.77948,3.479,100.0,120.0,30.93
687.327,0.78896,3.481,100.0,120.0,30.94
687.427,0.784,3.482,100.0,120.0,30.94
687.528,0.78445,3.484,100.0,120.0,30.94
687.627,0.78876,3.486,100.0,120.0,30.98
687.727,0.79273,3.488,100.0,120.0,30.98
687.827,0.78969,3.489,100.0,120.0,30.98
687.927,0.78829,3.491,100.0,120.0,30.91
688.027,0.78765,3.493,100.0,120.0,30.91
688.127,0.78437,3.495,100.0,120.0,30.91
688.227,0.78492,3.497,100.0,120.0,30.92
688.327,0.78768,3.498,100.0,120.0,30.92
688.427,0.78285,3.5,100.0,120.0,30.92
688.527,0.78731,3.502,100.0,120.0,30.86
688.627,0.78407,3.504,100.0,120.0,30.86
688.727,0.78553,3.505,100.0,120.0,30.86
688.826,0.78754,3.507,100.0,120.0,30.84
688.927,0.78675,3.509,100.0,120.0,30.84
689.027,0.78479,3.511,100.0,120.0,30.84
689.127,0.78381,3.512,100.0,120.0,30.79
689.227,0.78605,3.514,100.0,120.0,30.79
689.327,0.78279,3.516,100.0,120.0,30.79
689.427,0.78419,3.518,100.0,120.0,30.82
689.527,0.78847,3.52,100.0,120.0,30.82
689.627,0.78797,3.521,100.0,120.0,30.82
689.727,0.78558,3.523,100.0,120.0,30.85
689.827,0.78404,3.525,100.0,120.0,30.85
689.927,0.78128,3.527,100.0,120.0,30.85
690.027,0.78328,3.529,100.0,120.0,30.87
690.127,0.78781,3.53,100.0,120.0,30.87
690.227,0.7895,3.532,100.0,120.0,30.87
690.328,0.78987,3.534,100.0,120.0,30.89
690.427,0.78542,3.536,100.0,120.0,30.89
690.527,0.78502,3.537,100.0,120.0,30.89
690.627,0.79221,3.539,100.0,120.0,30.87
690.727,0.78973,3.541,100.0,120.0,30.87
690.827,0.78423,3.543,100.0,120.0,30.87
690.927,0.78501,3.545,100.0,120.0,30.85
691.027,0.79136,3.546,100.0,120.0,30.85
691.127,0.79269,3.548,100.0,120.0,30.85
691.226,0.78522,3.55,100.0,120.0,30.87
691.327,0.78215,3.552,100.0,120.0,30.87
691.427,0.78501,3.553,100.0,120.0,30.87
691.527,0.78418,3.555,100.0,120.0,30.93
691.627,0.79037,3.557,100.0,120.0,30.93
691.727,0.79362,3.559,100.0,120.0,30.93
691.827,0.79203,3.561,100.0,120.0,30.94
691.927,0.78931,3.562,100.0,120.0,30.94
692.026,0.78989,3.564,100.0,120.0,30.94
692.127,0.79019,3.566,100.0,120.0,30.88
692.227,0.79067,3.568,100.0,120.0,30.88
692.327,0.78421,3.569,100.0,120.0,30.88
692.427,0.79239,3.571,100.0,120.0,30.86
692.527,0.78682,3.573,100.0,120.0,30.86
692.627,0.78603,3.575,100.0,120.0,30.86
692.727,0.78707,3.577,100.0,120.0,30.8
692.827,0.78812,3.578,100.0,120.0,30.8
692.927,0.78916,3.58,100.0,120.0,30.8
693.027,0.78768,3.582,100.0,120.0,30.83
693.127,0.79714,3.584,100.0,120.0,30.83
693.227,0.79204,3.585,100.0,120.0,30.83
693.327,0.78909,3.587,100.0,120.0,30.9
693.427,0.79305,3.589,100.0,120.0,30.9
693.527,0.78948,3.591,100.0,120.0,30.9
693.627,0.786,3.593,100.0,120.0,30.95
693.727,0.7874,3.594,100.0,120.0,30.95
693.827,0.78821,3.596,100.0,120.0,30.95
693.927,0.78472,3.598,100.0,120.0,30.92
694.027,0.78233,3.6,100.0,120.0,30.92
694.128,0.7885,3.601,100.0,120.0,30.92
694.227,0.79303,3.603,100.0,120.0,31.01
694.327,0.79513,3.605,100.0,120.0,31.01
694.427,0.79015,3.607,100.0,120.0,31.01
694.527,0.78172,3.609,100.0,120.0,31.0
694.627,0.78013,3.61,100.0,120.0,31.0
694.727,0.78951,3.612,100.0,120.0,31.0
694.827,0.79227,3.614,100.0,120.0,31.0
694.927,0.79193,3.616,100.0,120.0,31.0
695.027,0.79112,3.617,100.0,120.0,31.0
695.127,0.79509,3.619,100.0,120.0,30.97
695.226,0.79079,3.621,100.0,120.0,30.97
695.327,0.78997,3.623,100.0,120.0,30.97
695.427,0.79249,3.625,100.0,120.0,30.97
695.527,0.79531,3.626,100.0,120.0,30.97
695.627,0.79166,3.628,100.0,120.0,30.97
695.727,0.78459,3.63,100.0,120.0,31.05
695.828,0.78737,3.632,100.0,120.0,31.05
695.927,0.78648,3.633,100.0,120.0,31.05
696.027,0.78913,3.635,100.0,120.0,31.01
696.127,0.7928,3.637,100.0,120.0,31.01
696.227,0.79328,3.639,100.0,120.0,31.01
696.327,0.79024,3.641,100.0,120.0,31.04
696.427,0.79556,3.642,100.0,120.0,31.04
696.527,0.79048,3.644,100.0,120.0,31.04
696.627,0.78666,3.646,100.0,120.0,31.04
696.727,0.78846,3.648,100.0,120.0,31.04
696.827,0.79059,3.649,100.0,120.0,31.04
696.927,0.78841,3.651,100.0,120.0,31.03
697.027,0.78988,3.653,100.0,120.0,31.03
697.127,0.79263,3.655,100.0,120.0,31.03
697.227,0.78835,3.657,100.0,120.0,31.03
697.327,0.78263,3.658,100.0,120.0,31.03
697.427,0.78573,3.66,100.0,120.0,31.03
697.527,0.78852,3.662,100.0,120.0,31.1
697.627,0.78734,3.664,100.0,120.0,31.1
697.727,0.79533,3.665,100.0,120.0,31.1
697.827,0.79212,3.667,100.0,120.0,31.04
697.927,0.78952,3.669,100.0,120.0,31.04
698.027,0.78844,3.671,100.0,120.0,31.04
698.127,0.7924,3.673,100.0,120.0,31.08
698.227,0.79086,3.674,100.0,120.0,31.08
698.327,0.78973,3.676,100.0,120.0,31.08
698.426,0.78846,3.678,100.0,120.0,31.03
698.527,0.79197,3.68,100.0,120.0,31.03
698.627,0.79405,3.681,100.0,120.0,31.03
698.727,0.79734,3.683,100.0,120.0,31.02
698.827,0.7924,3.685,100.0,120.0,31.02
698.927,0.78922,3.687,100.0,120.0,31.02
699.027,0.79464,3.689,100.0,120.0,31.06
699.127,0.79638,3.69,100.0,120.0,31.06
699.227,0.79239,3.692,100.0,120.0,31.06
699.327,0.79062,3.694,100.0,120.0,31.09
699.427,0.79115,3.696,100.0,120.0,31.09
699.527,0.79436,3.697,100.0,120.0,31.09
699.627,0.79951,3.699,100.0,120.0,31.11
699.727,0.79861,3.701,100.0,120.0,31.11
699.827,0.79302,3.703,100.0,120.0,31.11
699.927,0.79466,3.705,100.0,120.0,31.09
700.027,0.79298,3.706,100.0,120.0,31.09
700.127,0.79486,3.708,100.0,120.0,31.09
700.227,0.79719,3.71,100.0,120.0,31.08
700.327,0.79141,3.712,100.0,120.0,31.08
700.427,0.79464,3.713,100.0,120.0,31.08
700.528,0.79621,3.715,100.0,120.0,31.11
700.627,0.79659,3.717,100.0,120.0,31.11
700.727,0.7977,3.719,100.0,120.0,31.11
700.827,0.79978,3.721,100.0,120.0,31.09
700.927,0.79586,3.722,100.0,120.0,31.09
701.027,0.7899,3.724,100.0,120.0,31.09
701.127,0.7939,3.726,100.0,120.0,31.08
701.227,0.79047,3.728,100.0,120.0,31.08
701.327,0.79423,3.729,100.0,120.0,31.08
701.427,0.79601,3.731,100.0,120.0,31.03
701.527,0.7981,3.733,100.0,120.0,31.03
701.626,0.79916,3.735,100.0,120.0,31.03
701.727,0.79562,3.737,100.0,120.0,31.1
701.827,0.79323,3.738,100.0,120.0,31.1
701.927,0.79085,3.74,100.0,120.0,31.1
702.027,0.79182,3.742,100.0,120.0,31.08
702.127,0.79008,3.744,100.0,120.0,31.08
702.227,0.80067,3.745,100.0,120.0,31.08
702.327,0.80622,3.747,100.0,120.0,31.11
702.427,0.79205,3.749,100.0,120.0,31.11
702.527,0.79177,3.751,100.0,120.0,31.11
702.627,0.79695,3.752,100.0,120.0,31.05
702.727,0.79629,3.754,100.0,120.0,31.05
702.827,0.79473,3.756,100.0,120.0,31.05
702.927,0.7958,3.758,100.0,120.0,31.08
703.027,0.79371,3.76,100.0,120.0,31.08
703.127,0.79252,3.761,100.0,120.0,31.08
703.227,0.79341,3.763,100.0,120.0,31.11
703.327,0.79317,3.765,100.0,120.0,31.11
703.427,0.79423,3.767,100.0,120.0,31.11
703.527,0.80154,3.769,100.0,120.0,31.06
703.627,0.79704,3.77,100.0,120.0,31.06
703.727,0.79017,3.772,100.0,120.0,31.06
703.827,0.79385,3.774,100.0,120.0,31.05
703.927,0.79306,3.776,100.0,120.0,31.05
704.027,0.79542,3.777,100.0,120.0,31.05
704.127,0.78909,3.779,100.0,120.0,31.04
704.227,0.79461,3.781,100.0,120.0,31.04
704.327,0.79598,3.783,100.0,120.0,31.04
704.427,0.79413,3.785,100.0,120.0,31.03
704.527,0.79062,3.786,100.0,120.0,31.03
704.627,0.7918,3.788,100.0,120.0,31.03
704.727,0.79238,3.79,100.0,120.0,30.95
704.826,0.79544,3.792,100.0,120.0,30.95
704.927,0.79735,3.793,100.0,120.0,30.95
705.027,0.79539,3.795,100.0,120.0,30.96
705.127,0.79479,3.797,100.0,120.0,30.96
705.227,0.79479,3.799,100.0,120.0,30.96
705.327,0.79162,3.801,100.0,120.0,30.97
705.427,0.79819,3.802,100.0,120.0,30.97
705.527,0.79618,3.804,100.0,120.0,30.97
705.627,0.79569,3.806,100.0,120.0,31.01
705.727,0.79052,3.808,100.0,120.0,31.01
705.827,0.7933,3.809,100.0,120.0,31.01
705.927,0.79488,3.811,100.0,120.0,31.05
706.027,0.79609,3.813,100.0,120.0,31.05
706.127,0.79604,3.815,100.0,120.0,31.05
706.227,0.80015,3.817,100.0,120.0,31.08
706.327,0.79408,3.818,100.0,120.0,31.08
706.427,0.78753,3.82,100.0,120.0,31.08
706.527,0.78919,3.822,100.0,120.0,31.14
706.627,0.80092,3.824,100.0,120.0,31.14
706.728,0.79605,3.825,100.0,120.0,31.14
706.827,0.80027,3.827,100.0,120.0,31.16
706.927,0.79571,3.829,100.0,120.0,31.16
707.028,0.79475,3.831,100.0,120.0,31.16
707.127,0.79433,3.833,100.0,120.0,31.17
707.228,0.79578,3.834,100.0,120.0,31.17
707.327,0.79655,3.836,100.0,120.0,31.17
707.427,0.79722,3.838,100.0,120.0,31.14
707.527,0.79833,3.84,100.0,120.0,31.14
707.627,0.79167,3.841,100.0,120.0,31.14
707.727,0.79505,3.843,100.0,120.0,31.2
707.827,0.80325,3.845,100.0,120.0,31.2
707.927,0.803,3.847,100.0,120.0,31.2
708.026,0.79812,3.848,100.0,120.0,31.24
708.127,0.79765,3.85,100.0,120.0,31.24
708.227,0.79428,3.852,100.0,120.0,31.24
708.327,0.79668,3.854,100.0,120.0,31.24
708.427,0.79585,3.856,100.0,120.0,31.24
708.527,0.79331,3.857,100.0,120.0,31.24
708.627,0.79799,3.859,100.0,120.0,31.21
708.727,0.79789,3.861,100.0,120.0,31.21
708.827,0.80083,3.863,100.0,120.0,31.21
708.927,0.80123,3.864,100.0,120.0,31.18
709.027,0.79592,3.866,100.0,120.0,31.18
709.127,0.79426,3.868,100.0,120.0,31.18
709.227,0.79721,3.87,100.0,120.0,31.23
709.327,0.79564,3.872,100.0,120.0,31.23
709.427,0.79307,3.873,100.0,120.0,31.23
709.527,0.78872,3.875,100.0,120.0,31.27
709.627,0.7977,3.877,100.0,120.0,31.27
709.727,0.79105,3.879,100.0,120.0,31.27
709.827,0.79378,3.88,100.0,120.0,31.23
709.927,0.79862,3.882,100.0,120.0,31.23
710.027,0.80011,3.884,100.0,120.0,31.23
710.127,0.7917,3.886,100.0,120.0,31.15
710.227,0.79406,3.888,100.0,120.0,31.15
710.327,0.7967,3.889,100.0,120.0,31.15
710.427,0.80191,3.891,100.0,120.0,31.17
710.527,0.80368,3.893,100.0,120.0,31.17
710.627,0.79955,3.895,100.0,120.0,31.17
710.727,0.79815,3.896,100.0,120.0,31.22
710.827,0.80204,3.898,100.0,120.0,31.22
710.927,0.79561,3.9,100.0,120.0,31.22
711.027,0.79059,3.902,100.0,120.0,31.26
711.127,0.7955,3.903,100.0,120.0,31.26
711.226,0.79954,3.905,100.0,120.0,31.26
711.327,0.80224,3.907,100.0,120.0,31.26
711.427,0.80066,3.909,100.0,120.0,31.26
711.528,0.79509,3.911,100.0,120.0,31.26
711.627,0.79776,3.912,100.0,120.0,31.22
711.727,0.80371,3.914,100.0,120.0,31.22
711.827,0.80192,3.916,100.0,120.0,31.22
711.927,0.80349,3.918,100.0,120.0,31.19
712.027,0.79736,3.919,100.0,120.0,31.19
712.127,0.79533,3.921,100.0,120.0,31.19
712.227,0.79858,3.923,100.0,120.0,31.16
712.327,0.79655,3.925,100.0,120.0,31.16
712.427,0.79596,3.926,100.0,120.0,31.16
712.527,0.7981,3.928,100.0,120.0,31.25
712.627,0.79687,3.93,100.0,120.0,31.25
712.727,0.79815,3.932,100.0,120.0,31.25
712.827,0.80427,3.934,100.0,120.0,31.21
712.927,0.80228,3.935,100.0,120.0,31.21
713.027,0.80094,3.937,100.0,120.0,31.21
713.127,0.79592,3.939,100.0,120.0,31.18
713.227,0.79976,3.941,100.0,120.0,31.18
713.327,0.78953,3.942,100.0,120.0,31.18
713.427,0.78535,3.944,100.0,120.0,31.11
713.527,0.79656,3.946,100.0,120.0,31.11
713.627,0.80402,3.948,100.0,120.0,31.11
713.727,0.80291,3.949,100.0,120.0,31.17
713.827,0.79267,3.951,100.0,120.0,31.17
713.927,0.79805,3.953,100.0,120.0,31.17
714.027,0.79961,3.955,100.0,120.0,31.15
714.127,0.79695,3.957,100.0,120.0,31.15
714.227,0.80028,3.958,100.0,120.0,31.15
714.327,0.79848,3.96,100.0,120.0,31.24
714.426,0.80787,3.962,100.0,120.0,31.24
714.527,0.80149,3.964,100.0,120.0,31.24
714.627,0.79709,3.965,100.0,120.0,31.24
714.727,0.7968,3.967,100.0,120.0,31.24
714.827,0.79959,3.969,100.0,120.0,31.24
714.927,0.80082,3.971,100.0,120.0,31.24
715.027,0.80059,3.972,100.0,120.0,31.24
715.127,0.8027,3.974,100.0,120.0,31.24
715.227,0.80112,3.976,100.0,120.0,31.28
715.327,0.80096,3.978,100.0,120.0,31.28
715.427,0.79972,3.98,100.0,120.0,31.28
715.527,0.79589,3.981,100.0,120.0,31.31
715.627,0.79968,3.983,100.0,120.0,31.31
715.727,0.79845,3.985,100.0,120.0,31.31
715.827,0.79942,3.987,100.0,120.0,31.34
715.927,0.80238,3.988,100.0,120.0,31.34
716.027,0.80428,3.99,100.0,120.0,31.34
716.127,0.80336,3.992,100.0,120.0,31.29
716.227,0.79765,3.994,100.0,120.0,31.29
716.327,0.7953,3.995,100.0,120.0,31.29
716.427,0.80474,3.997,100.0,120.0,31.32
716.527,0.80412,3.999,100.0,120.0,31.32
716.627,0.8005,4.001,100.0,120.0,31.32
716.727,0.80269,4.003,100.0,120.0,31.31
716.827,0.79745,4.004,100.0,120.0,31.31
716.927,0.79281,4.006,100.0,120.0,31.31
717.027,0.79373,4.008,100.0,120.0,31.26
717.127,0.80111,4.01,100.0,120.0,31.26
717.227,0.80144,4.011,100.0,120.0,31.26
717.327,0.80106,4.013,100.0,120.0,31.26
717.428,0.79782,4.015,100.0,120.0,31.26
717.527,0.80009,4.017,100.0,120.0,31.26
717.626,0.79805,4.018,100.0,120.0,31.34
717.727,0.79601,4.02,100.0,120.0,31.34
717.827,0.80696,4.022,100.0,120.0,31.34
717.927,0.80652,4.024,100.0,120.0,31.36
718.027,0.80714,4.026,100.0,120.0,31.36
718.127,0.80649,4.027,100.0,120.0,31.36
718.227,0.80141,4.029,100.0,120.0,31.34
718.327,0.79858,4.031,100.0,120.0,31.34
718.427,0.79828,4.033,100.0,120.0,31.34
718.527,0.79997,4.035,100.0,120.0,31.37
718.627,0.8008,4.036,100.0,120.0,31.37
718.727,0.79696,4.038,100.0,120.0,31.37
718.827,0.80077,4.04,100.0,120.0,31.35
718.927,0.80587,4.042,100.0,120.0,31.35
719.027,0.79981,4.043,100.0,120.0,31.35
719.127,0.80092,4.045,100.0,120.0,31.3
719.227,0.80617,4.047,100.0,120.0,31.3
719.327,0.80978,4.049,100.0,120.0,31.3
719.427,0.80417,4.051,100.0,120.0,31.36
719.527,0.80114,4.052,100.0,120.0,31.36
719.627,0.79727,4.054,100.0,120.0,31.36
719.727,0.80234,4.056,100.0,120.0,31.35
719.827,0.80178,4.058,100.0,120.0,31.35
719.927,0.7998,4.059,100.0,120.0,31.35
720.027,0.80028,4.061,100.0,120.0,31.33
720.127,0.80283,4.063,100.0,120.0,31.33
720.227,0.80289,4.065,100.0,120.0,31.33
720.327,0.79981,4.067,100.0,120.0,31.28
720.427,0.80215,4.068,100.0,120.0,31.28
720.527,0.80195,4.07,100.0,120.0,31.28
720.627,0.79837,4.072,100.0,120.0,31.28
720.727,0.79992,4.074,100.0,120.0,31.28
720.826,0.80397,4.075,100.0,120.0,31.28
720.927,0.80457,4.077,100.0,120.0,31.35
721.027,0.79896,4.079,100.0,120.0,31.35
721.127,0.79704,4.081,100.0,120.0,31.35
721.227,0.80098,4.083,100.0,120.0,31.37
721.327,0.80275,4.084,100.0,120.0,31.37
721.427,0.80003,4.086,100.0,120.0,31.37
721.527,0.79846,4.088,100.0,120.0,31.43
721.627,0.7998,4.09,100.0,120.0,31.43
721.727,0.79552,4.091,100.0,120.0,31.43
721.827,0.79535,4.093,100.0,120.0,31.48
721.927,0.80198,4.095,100.0,120.0,31.48
722.027,0.80569,4.097,100.0,120.0,31.48
722.127,0.80386,4.099,100.0,120.0,31.48
722.227,0.80022,4.1,100.0,120.0,31.48
722.327,0.801,4.102,100.0,120.0,31.48
722.427,0.79669,4.104,100.0,120.0,31.48
722.527,0.79895,4.106,100.0,120.0,31.48
722.627,0.79955,4.107,100.0,120.0,31.48
722.727,0.79925,4.109,100.0,120.0,31.45
722.827,0.807,4.111,100.0,120.0,31.45
722.927,0.80854,4.113,100.0,120.0,31.45
723.027,0.79955,4.115,100.0,120.0,31.42
723.127,0.80121,4.116,100.0,120.0,31.42
723.227,0.80212,4.118,100.0,120.0,31.42
723.327,0.8057,4.12,100.0,120.0,31.43
723.427,0.80653,4.122,100.0,120.0,31.43
723.527,0.80611,4.123,100.0,120.0,31.43
723.627,0.79586,4.125,100.0,120.0,31.37
723.727,0.80092,4.127,100.0,120.0,31.37
723.827,0.80391,4.129,100.0,120.0,31.37
723.927,0.80236,4.131,100.0,120.0,31.35
724.026,0.80425,4.132,100.0,120.0,31.35
724.127,0.8013,4.134,100.0,120.0,31.35
724.227,0.80301,4.136,100.0,120.0,31.26
724.328,0.79948,4.138,100.0,120.0,31.26
724.427,0.79754,4.139,100.0,120.0,31.26
724.527,0.79942,4.141,100.0,120.0,31.26
724.627,0.7993,4.143,100.0,120.0,31.26
724.727,0.80207,4.145,100.0,120.0,31.26
724.827,0.8063,4.147,100.0,120.0,31.26
724.927,0.80816,4.148,100.0,120.0,31.26
725.027,0.80287,4.15,100.0,120.0,31.26
725.127,0.79493,4.152,100.0,120.0,31.26
725.227,0.80312,4.154,100.0,120.0,31.26
725.327,0.79559,4.155,100.0,120.0,31.26
725.427,0.79713,4.157,100.0,120.0,31.22
725.527,0.80307,4.159,100.0,120.0,31.22
725.627,0.80437,4.161,100.0,120.0,31.22
725.727,0.80628,4.163,100.0,120.0,31.26
725.827,0.8047,4.164,100.0,120.0,31.26
725.927,0.80214,4.166,100.0,120.0,31.26
726.027,0.80478,4.168,100.0,120.0,31.22
726.127,0.80879,4.17,100.0,120.0,31.22
726.227,0.8064,4.171,100.0,120.0,31.22
726.327,0.80174,4.173,100.0,120.0,31.26
726.427,0.80522,4.175,100.0,120.0,31.26
726.527,0.80477,4.177,100.0,120.0,31.26
726.627,0.80505,4.179,100.0,120.0,31.3
726.727,0.80563,4.18,100.0,120.0,31.3
726.827,0.80634,4.182,100.0,120.0,31.3
726.927,0.80554,4.184,100.0,120.0,31.29
727.027,0.79922,4.186,100.0,120.0,31.29
727.127,0.80578,4.187,100.0,120.0,31.29
727.228,0.80204,4.189,100.0,120.0,31.32
727.327,0.80247,4.191,100.0,120.0,31.32
727.427,0.80154,4.193,100.0,120.0,31.32
727.527,0.79918,4.195,100.0,120.0,31.35
727.627,0.80554,4.196,100.0,120.0,31.35
727.727,0.80683,4.198,100.0,120.0,31.35
727.827,0.80055,4.2,100.0,120.0,31.37
727.927,0.79745,4.202,100.0,120.0,31.37
728.027,0.7997,4.203,100.0,120.0,31.37
728.127,0.80116,4.205,100.0,120.0,31.35
728.227,0.80122,4.207,100.0,120.0,31.35
728.327,0.80897,4.209,100.0,120.0,31.35
728.427,0.80889,4.21,100.0,120.0,31.41
728.527,0.80799,4.212,100.0,120.0,31.41
728.627,0.80312,4.214,100.0,120.0,31.41
728.727,0.80244,4.216,100.0,120.0,31.43
728.827,0.80156,4.218,100.0,120.0,31.43
728.927,0.80071,4.219,100.0,120.0,31.43
729.027,0.80657,4.221,100.0,120.0,31.36
729.127,0.80472,4.223,100.0,120.0,31.36
729.227,0.80078,4.225,100.0,120.0,31.36
729.327,0.80039,4.227,100.0,120.0,31.38
729.427,0.80492,4.228,100.0,120.0,31.38
729.527,0.807,4.23,100.0,120.0,31.38
729.627,0.80415,4.232,100.0,120.0,31.4
729.727,0.80293,4.234,100.0,120.0,31.4
729.827,0.80753,4.235,100.0,120.0,31.4
729.927,0.80188,4.237,100.0,120.0,31.45
730.027,0.80736,4.239,100.0,120.0,31.45
730.127,0.81152,4.241,100.0,120.0,31.45
730.227,0.81089,4.242,100.0,120.0,31.46
730.327,0.808,4.244,100.0,120.0,31.46
730.426,0.80567,4.246,100.0,120.0,31.46
730.527,0.80424,4.248,100.0,120.0,31.5
730.627,0.80098,4.25,100.0,120.0,31.5
730.727,0.80096,4.251,100.0,120.0,31.5
730.827,0.80362,4.253,100.0,120.0,31.54
730.927,0.80457,4.255,100.0,120.0,31.54
731.027,0.80607,4.257,100.0,120.0,31.54
731.127,0.80457,4.258,100.0,120.0,31.57
731.227,0.80908,4.26,100.0,120.0,31.57
731.327,0.80755,4.262,100.0,120.0,31.57
731.427,0.8093,4.264,100.0,120.0,31.56
731.527,0.80434,4.266,100.0,120.0,31.56
731.627,0.80536,4.267,100.0,120.0,31.56
731.727,0.79927,4.269,100.0,120.0,31.51
731.827,0.80294,4.271,100.0,120.0,31.51
731.927,0.80869,4.273,100.0,120.0,31.51
732.027,0.80664,4.274,100.0,120.0,31.51
732.127,0.80139,4.276,100.0,120.0,31.51
732.227,0.80489,4.278,100.0,120.0,31.51
732.327,0.80768,4.28,100.0,120.0,31.51
732.427,0.80763,4.282,100.0,120.0,31.51
732.527,0.8084,4.283,100.0,120.0,31.51
732.627,0.80439,4.285,100.0,120.0,31.47
732.727,0.8125,4.287,100.0,120.0,31.47
732.827,0.80518,4.289,100.0,120.0,31.47
732.927,0.81133,4.29,100.0,120.0,31.48
733.027,0.81266,4.292,100.0,120.0,31.48
733.127,0.8075,4.294,100.0,120.0,31.48
733.227,0.80266,4.296,100.0,120.0,31.4
733.327,0.81091,4.298,100.0,120.0,31.4
733.427,0.8041,4.299,100.0,120.0,31.4
733.527,0.8045,4.301,100.0,120.0,31.38
733.626,0.80062,4.303,100.0,120.0,31.38
733.727,0.80555,4.305,100.0,120.0,31.38
733.827,0.80709,4.306,100.0,120.0,31.4
733.927,0.80725,4.308,100.0,120.0,31.4
734.027,0.8094,4.31,100.0,120.0,31.4
734.127,0.80641,4.312,100.0,120.0,31.38
734.227,0.80604,4.313,100.0,120.0,31.38
734.327,0.80814,4.315,100.0,120.0,31.38
734.427,0.81303,4.317,100.0,120.0,31.43
734.527,0.81253,4.319,100.0,120.0,31.43
734.627,0.80314,4.321,100.0,120.0,31.43
734.727,0.80312,4.322,100.0,120.0,31.52
734.827,0.80375,4.324,100.0,120.0,31.52
734.927,0.80426,4.326,100.0,120.0,31.52
735.027,0.80806,4.328,100.0,120.0,31.44
735.127,0.80913,4.329,100.0,120.0,31.44
735.227,0.80587,4.331,100.0,120.0,31.44
735.327,0.80078,4.333,100.0,120.0,31.45
735.427,0.80363,4.335,100.0,120.0,31.45
735.527,0.8078,4.337,100.0,120.0,31.45
735.627,0.80752,4.338,100.0,120.0,31.46
735.727,0.80408,4.34,100.0,120.0,31.46
735.827,0.80098,4.342,100.0,120.0,31.46
735.927,0.80327,4.344,100.0,120.0,31.43
736.027,0.80552,4.345,100.0,120.0,31.43
736.127,0.80622,4.347,100.0,120.0,31.43
736.227,0.80855,4.349,100.0,120.0,31.51
736.327,0.80754,4.351,100.0,120.0,31.51
736.427,0.80118,4.353,100.0,120.0,31.51
736.527,0.80501,4.354,100.0,120.0,31.55
736.627,0.80436,4.356,100.0,120.0,31.55
736.727,0.80065,4.358,100.0,120.0,31.55
736.826,0.80301,4.36,100.0,120.0,31.54
736.927,0.80557,4.361,100.0,120.0,31.54
737.027,0.81445,4.363,100.0,120.0,31.54
737.127,0.81545,4.365,100.0,120.0,31.53
737.227,0.80806,4.367,100.0,120.0,31.53
737.327,0.80622,4.369,100.0,120.0,31.53
737.427,0.80864,4.37,100.0,120.0,31.53
737.527,0.81299,4.372,100.0,120.0,31.53
737.627,0.81576,4.374,100.0,120.0,31.53
737.727,0.81312,4.376,100.0,120.0,31.45
737.827,0.81291,4.377,100.0,120.0,31.45
737.927,0.80976,4.379,100.0,120.0,31.45
738.027,0.80444,4.381,100.0,120.0,31.49
738.127,0.80814,4.383,100.0,120.0,31.49
738.227,0.80738,4.384,100.0,120.0,31.49
738.327,0.81054,4.386,100.0,120.0,31.53
738.427,0.80991,4.388,100.0,120.0,31.53
738.527,0.8047,4.39,100.0,120.0,31.53
738.627,0.8034,4.392,100.0,120.0,31.57
738.727,0.80573,4.393,100.0,120.0,31.57
738.828,0.8062,4.395,100.0,120.0,31.57
738.927,0.8073,4.397,100.0,120.0,31.59
739.027,0.80505,4.399,100.0,120.0,31.59
739.127,0.80355,4.401,100.0,120.0,31.59
739.227,0.81308,4.402,100.0,120.0,31.62
739.327,0.81287,4.404,100.0,120.0,31.62
739.427,0.80958,4.406,100.0,120.0,31.62
739.527,0.80969,4.408,100.0,120.0,31.6
739.627,0.80573,4.409,100.0,120.0,31.6
739.727,0.81046,4.411,100.0,120.0,31.6
739.827,0.80673,4.413,100.0,120.0,31.62
739.927,0.80959,4.415,100.0,120.0,31.62
740.026,0.80765,4.417,100.0,120.0,31.62
740.127,0.81125,4.418,100.0,120.0,31.6
740.227,0.8111,4.42,100.0,120.0,31.6
740.327,0.80941,4.422,100.0,120.0,31.6
740.427,0.80679,4.424,100.0,120.0,31.66
740.527,0.80656,4.425,100.0,120.0,31.66
740.627,0.8067,4.427,100.0,120.0,31.66
740.727,0.80651,4.429,100.0,120.0,31.64
740.827,0.80376,4.431,100.0,120.0,31.64
740.927,0.80663,4.433,100.0,120.0,31.64
741.027,0.80784,4.434,100.0,120.0,31.66
741.127,0.80565,4.436,100.0,120.0,31.66
741.227,0.80849,4.438,100.0,120.0,31.66
741.327,0.81306,4.44,100.0,120.0,31.67
741.427,0.81004,4.441,100.0,120.0,31.67
741.527,0.80979,4.443,100.0,120.0,31.67
741.627,0.81069,4.445,100.0,120.0,31.64
741.727,0.81331,4.447,100.0,120.0,31.64
741.827,0.80843,4.449,100.0,120.0,31.64
741.927,0.81023,4.45,100.0,120.0,31.58
742.027,0.80775,4.452,100.0,120.0,31.58
742.127,0.81012,4.454,100.0,120.0,31.58
742.227,0.81346,4.456,100.0,120.0,31.65
742.327,0.80935,4.458,100.0,120.0,31.65
742.427,0.809,4.459,100.0,120.0,31.65
742.527,0.80878,4.461,100.0,120.0,31.63
742.627,0.80889,4.463,100.0,120.0,31.63
742.727,0.80404,4.465,100.0,120.0,31.63
742.827,0.80364,4.466,100.0,120.0,31.68
742.927,0.80407,4.468,100.0,120.0,31.68
743.027,0.80999,4.47,100.0,120.0,31.68
743.127,0.8095,4.472,100.0,120.0,31.65
743.226,0.81041,4.473,100.0,120.0,31.65
743.327,0.80364,4.475,100.0,120.0,31.65
743.427,0.80727,4.477,100.0,120.0,31.67
743.527,0.80982,4.479,100.0,120.0,31.67
743.627,0.80861,4.48,100.0,120.0,31.67
743.727,0.81016,4.482,100.0,120.0,31.68
743.827,0.80821,4.484,100.0,120.0,31.68
743.927,0.80541,4.486,100.0,120.0,31.68
744.027,0.80732,4.488,100.0,120.0,31.69
744.127,0.80988,4.489,100.0,120.0,31.69
744.227,0.81026,4.491,100.0,120.0,31.69
744.327,0.81328,4.493,100.0,120.0,31.7
744.427,0.80901,4.495,100.0,120.0,31.7
744.527,0.80529,4.496,100.0,120.0,31.7
744.627,0.79954,4.498,100.0,120.0,31.67
744.727,0.80114,4.5,100.0,120.0,31.67
744.827,0.80803,4.502,100.0,120.0,31.67
744.927,0.80539,4.504,100.0,120.0,31.68
745.027,0.81064,4.505,100.0,120.0,31.68
745.127,0.80887,4.507,100.0,120.0,31.68
745.227,0.80696,4.509,100.0,120.0,31.62
745.327,0.80462,4.511,100.0,120.0,31.62
745.427,0.81209,4.512,100.0,120.0,31.62
745.527,0.81428,4.514,100.0,120.0,31.56
745.627,0.80577,4.516,100.0,120.0,31.56
745.727,0.80464,4.518,100.0,120.0,31.56
745.827,0.80227,4.52,100.0,120.0,31.55
745.927,0.80115,4.521,100.0,120.0,31.55
746.027,0.81049,4.523,100.0,120.0,31.55
746.127,0.8073,4.525,100.0,120.0,31.66
746.227,0.80833,4.527,100.0,120.0,31.66
746.327,0.80949,4.528,100.0,120.0,31.66
746.426,0.80662,4.53,100.0,120.0,31.6
746.527,0.80306,4.532,100.0,120.0,31.6
746.627,0.80858,4.534,100.0,120.0,31.6
746.727,0.8088,4.536,100.0,120.0,31.51
746.827,0.80809,4.537,100.0,120.0,31.51
746.927,0.80824,4.539,100.0,120.0,31.51
747.027,0.81355,4.541,100.0,120.0,31.54
747.127,0.80517,4.543,100.0,120.0,31.54
747.227,0.80239,4.545,100.0,120.0,31.54
747.327,0.80783,4.546,100.0,120.0,31.61
747.427,0.81424,4.548,100.0,120.0,31.61
747.527,0.80999,4.55,100.0,120.0,31.61
747.627,0.80731,4.552,100.0,120.0,31.63
747.727,0.80745,4.553,100.0,120.0,31.63
747.827,0.80341,4.555,100.0,120.0,31.63
747.927,0.79955,4.557,100.0,120.0,31.65
748.027,0.80395,4.559,100.0,120.0,31.65
748.127,0.80837,4.561,100.0,120.0,31.65
748.227,0.8058,4.562,100.0,120.0,31.7
748.327,0.80417,4.564,100.0,120.0,31.7
748.427,0.80863,4.566,100.0,120.0,31.7
748.527,0.81477,4.568,100.0,120.0,31.75
748.627,0.81426,4.569,100.0,120.0,31.75
748.728,0.81026,4.571,100.0,120.0,31.75
748.827,0.80627,4.573,100.0,120.0,31.75
748.927,0.81099,4.575,100.0,120.0,31.75
749.027,0.81264,4.577,100.0,120.0,31.75
749.127,0.80776,4.578,100.0,120.0,31.79
749.227,0.81284,4.58,100.0,120.0,31.79
749.327,0.80578,4.582,100.0,120.0,31.79
749.427,0.80115,4.584,100.0,120.0,31.71
749.527,0.81018,4.585,100.0,120.0,31.71
749.626,0.80805,4.587,100.0,120.0,31.71
749.727,0.81089,4.589,100.0,120.0,31.71
749.827,0.8111,4.591,100.0,120.0,31.71
749.927,0.81142,4.593,100.0,120.0,31.71
750.027,0.81262,4.594,100.0,120.0,31.68
750.127,0.81244,4.596,100.0,120.0,31.68
750.227,0.81059,4.598,100.0,120.0,31.68
750.327,0.81044,4.6,100.0,120.0,31.69
750.427,0.80686,4.601,100.0,120.0,31.69
750.528,0.81014,4.603,100.0,120.0,31.69
750.627,0.80826,4.605,100.0,120.0,31.74
750.727,0.80743,4.607,100.0,120.0,31.74
750.827,0.81092,4.608,100.0,120.0,31.74
750.927,0.8098,4.61,100.0,120.0,31.7
751.027,0.80181,4.612,100.0,120.0,31.7
751.127,0.80282,4.614,100.0,120.0,31.7
751.227,0.8097,4.616,100.0,120.0,31.71
751.327,0.81079,4.617,100.0,120.0,31.71
751.427,0.8046,4.619,100.0,120.0,31.71
751.527,0.80525,4.621,100.0,120.0,31.79
751.627,0.80721,4.623,100.0,120.0,31.79
751.727,0.80572,4.624,100.0,120.0,31.79
751.827,0.80941,4.626,100.0,120.0,31.78
751.927,0.81699,4.628,100.0,120.0,31.78
752.027,0.81263,4.63,100.0,120.0,31.78
752.127,0.81234,4.632,100.0,120.0,31.78
752.227,0.81012,4.633,100.0,120.0,31.78
752.327,0.81135,4.635,100.0,120.0,31.78
752.427,0.81232,4.637,100.0,120.0,31.77
752.527,0.80841,4.639,100.0,120.0,31.77
752.627,0.81007,4.64,100.0,120.0,31.77
752.727,0.81173,4.642,100.0,120.0,31.77
752.826,0.80607,4.644,100.0,120.0,31.77
752.927,0.80807,4.646,100.0,120.0,31.77
753.027,0.81691,4.647,100.0,120.0,31.84
753.127,0.81528,4.649,100.0,120.0,31.84
753.227,0.80873,4.651,100.0,120.0,31.84
753.327,0.80164,4.653,100.0,120.0,31.83
753.427,0.80627,4.655,100.0,120.0,31.83
753.527,0.80904,4.656,100.0,120.0,31.83
753.627,0.81077,4.658,100.0,120.0,31.85
753.727,0.80884,4.66,100.0,120.0,31.85
753.827,0.80492,4.662,100.0,120.0,31.85
753.927,0.81401,4.663,100.0,120.0,31.88
754.027,0.81751,4.665,100.0,120.0,31.88
754.127,0.81095,4.667,100.0,120.0,31.88
754.227,0.81329,4.669,100.0,120.0,31.89
754.327,0.80735,4.671,100.0,120.0,31.89
754.427,0.806,4.672,100.0,120.0,31.89
754.527,0.80718,4.674,100.0,120.0,31.91
754.627,0.80986,4.676,100.0,120.0,31.91
754.727,0.8095,4.678,100.0,120.0,31.91
754.827,0.80894,4.679,100.0,120.0,31.89
754.927,0.80836,4.681,100.0,120.0,31.89
755.027,0.81232,4.683,100.0,120.0,31.89
755.127,0.81695,4.685,100.0,120.0,31.87
755.227,0.81178,4.686,100.0,120.0,31.87
755.327,0.80917,4.688,100.0,120.0,31.87
755.427,0.80732,4.69,100.0,120.0,31.81
755.528,0.80584,4.692,100.0,120.0,31.81
755.627,0.80594,4.694,100.0,120.0,31.81
755.727,0.80794,4.695,100.0,120.0,31.8
755.827,0.80987,4.697,100.0,120.0,31.8
755.927,0.80633,4.699,100.0,120.0,31.8
756.028,0.80508,4.701,100.0,120.0,31.79
756.128,0.80813,4.702,100.0,120.0,31.79
756.228,0.8137,4.704,100.0,120.0,31.79
756.328,0.81486,4.706,100.0,120.0,31.79
756.428,0.8091,4.708,100.0,120.0,31.79
756.528,0.8077,4.71,100.0,120.0,31.79
756.628,0.81388,4.711,100.0,120.0,31.82
756.728,0.8144,4.713,100.0,120.0,31.82
756.828,0.81035,4.715,100.0,120.0,31.82
756.928,0.8095,4.717,100.0,120.0,31.85
757.028,0.81205,4.718,100.0,120.0,31.85
757.128,0.80912,4.72,100.0,120.0,31.85
757.228,0.81128,4.722,100.0,120.0,31.91
757.328,0.81174,4.724,100.0,120.0,31.91
757.428,0.80942,4.725,100.0,120.0,31.91
757.528,0.81172,4.727,100.0,120.0,31.92
757.628,0.80615,4.729,100.0,120.0,31.92
757.728,0.81185,4.731,100.0,120.0,31.92
757.828,0.8099,4.733,100.0,120.0,31.93
757.928,0.81186,4.734,100.0,120.0,31.93
758.028,0.81165,4.736,100.0,120.0,31.93
758.128,0.80854,4.738,100.0,120.0,31.94
758.228,0.81182,4.74,100.0,120.0,31.94
758.328,0.80958,4.741,100.0,120.0,31.94
758.428,0.80696,4.743,100.0,120.0,31.91
758.528,0.8065,4.745,100.0,120.0,31.91
758.628,0.80982,4.747,100.0,120.0,31.91
758.728,0.81473,4.748,100.0,120.0,31.96
758.828,0.80823,4.75,100.0,120.0,31.96
758.928,0.80951,4.752,100.0,120.0,31.96
759.03,0.81089,4.754,100.0,120.0,31.93
759.129,0.81122,4.756,100.0,120.0,31.93
759.229,0.81278,4.757,100.0,120.0,31.93
759.329,0.81706,4.759,100.0,120.0,31.87
759.429,0.81029,4.761,100.0,120.0,31.87
759.529,0.81114,4.763,100.0,120.0,31.87
759.629,0.81265,4.764,100.0,120.0,31.81
759.729,0.813,4.766,100.0,120.0,31.81
759.829,0.81132,4.768,100.0,120.0,31.81
759.929,0.81097,4.77,100.0,120.0,31.84
760.03,0.80573,4.772,100.0,120.0,31.84
760.129,0.81184,4.773,100.0,120.0,31.84
760.229,0.81582,4.775,100.0,120.0,31.86
760.329,0.81113,4.777,100.0,120.0,31.86
760.429,0.81315,4.779,100.0,120.0,31.86
760.529,0.80901,4.78,100.0,120.0,31.88
760.629,0.81029,4.782,100.0,120.0,31.88
760.729,0.80816,4.784,100.0,120.0,31.88
760.829,0.80878,4.786,100.0,120.0,31.83
760.929,0.81045,4.788,100.0,120.0,31.83
761.029,0.8116,4.789,100.0,120.0,31.83
761.129,0.80849,4.791,100.0,120.0,31.85
761.229,0.80978,4.793,100.0,120.0,31.85
761.329,0.81275,4.795,100.0,120.0,31.85
761.429,0.81485,4.796,100.0,120.0,31.88
761.529,0.81692,4.798,100.0,120.0,31.88
761.629,0.81062,4.8,100.0,120.0,31.88
761.729,0.81071,4.802,100.0,120.0,31.89
761.829,0.81523,4.804,100.0,120.0,31.89
761.93,0.81705,4.805,100.0,120.0,31.89
762.03,0.80851,4.807,100.0,120.0,31.91
762.13,0.80314,4.809,100.0,120.0,31.91
762.23,0.8078,4.811,100.0,120.0,31.91
762.33,0.81244,4.812,100.0,120.0,31.89
762.43,0.81578,4.814,100.0,120.0,31.89
762.53,0.8048,4.816,100.0,120.0,31.89
762.63,0.8037,4.818,100.0,120.0,31.87
762.73,0.80729,4.82,100.0,120.0,31.87
762.83,0.80627,4.821,100.0,120.0,31.87
762.93,0.81102,4.823,100.0,120.0,31.89
763.03,0.81097,4.825,100.0,120.0,31.89
763.13,0.80626,4.827,100.0,120.0,31.89
763.23,0.80451,4.828,100.0,120.0,31.9
763.33,0.80642,4.83,100.0,120.0,31.9
763.43,0.80367,4.832,100.0,120.0,31.9
763.53,0.80621,4.834,100.0,120.0,31.84
763.63,0.81309,4.835,100.0,120.0,31.84
763.73,0.81548,4.837,100.0,120.0,31.84
763.83,0.81155,4.839,100.0,120.0,31.83
763.93,0.81124,4.841,100.0,120.0,31.83
764.03,0.81264,4.843,100.0,120.0,31.83
764.13,0.80794,4.844,100.0,120.0,31.89
764.23,0.80944,4.846,100.0,120.0,31.89
764.33,0.81093,4.848,100.0,120.0,31.89
764.43,0.81547,4.85,100.0,120.0,31.87
764.53,0.81742,4.851,100.0,120.0,31.87
764.63,0.80673,4.853,100.0,120.0,31.87
764.73,0.81046,4.855,100.0,120.0,31.81
764.832,0.80659,4.857,100.0,120.0,31.81
764.931,0.8053,4.859,100.0,120.0,31.81
765.031,0.81125,4.86,100.0,120.0,31.81
765.131,0.81379,4.862,100.0,120.0,31.81
765.231,0.81229,4.864,100.0,120.0,31.81
765.331,0.81318,4.866,100.0,120.0,31.83
765.431,0.81314,4.867,100.0,120.0,31.83
765.531,0.80803,4.869,100.0,120.0,31.83
765.631,0.80197,4.871,100.0,120.0,31.93
765.731,0.80806,4.873,100.0,120.0,31.93
765.831,0.81003,4.874,100.0,120.0,31.93
765.931,0.81179,4.876,100.0,120.0,31.94
766.031,0.80606,4.878,100.0,120.0,31.94
766.131,0.80778,4.88,100.0,120.0,31.94
766.231,0.81038,4.882,100.0,120.0,31.95
766.331,0.81282,4.883,100.0,120.0,31.95
766.431,0.81022,4.885,100.0,120.0,31.95
766.531,0.80696,4.887,100.0,120.0,32.0
766.631,0.80979,4.889,100.0,120.0,32.0
766.731,0.81328,4.89,100.0,120.0,32.0
766.831,0.81193,4.892,100.0,120.0,32.0
766.931,0.81012,4.894,100.0,120.0,32.0
767.031,0.80496,4.896,100.0,120.0,32.0
767.132,0.80387,4.898,100.0,120.0,32.04
767.231,0.80699,4.899,100.0,120.0,32.04
767.331,0.81528,4.901,100.0,120.0,32.04
767.431,0.81712,4.903,100.0,120.0,32.03
767.532,0.805,4.905,100.0,120.0,32.03
767.631,0.80698,4.906,100.0,120.0,32.03
767.731,0.81232,4.908,100.0,120.0,31.99
767.831,0.81244,4.91,100.0,120.0,31.99
767.93,0.80843,4.912,100.0,120.0,31.99
768.031,0.81108,4.914,100.0,120.0,32.03
768.131,0.80666,4.915,100.0,120.0,32.03
768.231,0.81242,4.917,100.0,120.0,32.03
768.331,0.81438,4.919,100.0,120.0,32.06
768.431,0.80729,4.921,100.0,120.0,32.06
768.531,0.80624,4.922,100.0,120.0,32.06
768.631,0.80726,4.924,100.0,120.0,32.13
768.731,0.80508,4.926,100.0,120.0,32.13
768.831,0.80741,4.928,100.0,120.0,32.13
768.931,0.80677,4.929,100.0,120.0,32.11
769.031,0.80789,4.931,100.0,120.0,32.11
769.131,0.80575,4.933,100.0,120.0,32.11
769.231,0.80892,4.935,100.0,120.0,32.17
769.331,0.80595,4.937,100.0,120.0,32.17
769.431,0.80588,4.938,100.0,120.0,32.17
769.531,0.80615,4.94,100.0,120.0,32.07
769.631,0.80776,4.942,100.0,120.0,32.07
769.731,0.80477,4.944,100.0,120.0,32.07
769.831,0.80796,4.945,100.0,120.0,32.06
769.931,0.80787,4.947,100.0,120.0,32.06
770.031,0.80818,4.949,100.0,120.0,32.06
770.131,0.80623,4.951,100.0,120.0,32.09
770.231,0.80893,4.953,100.0,120.0,32.09
770.331,0.80995,4.954,100.0,120.0,32.09
770.431,0.81166,4.956,100.0,120.0,32.07
770.531,0.80867,4.958,100.0,120.0,32.07
770.631,0.81098,4.96,100.0,120.0,32.07
770.731,0.80874,4.961,100.0,120.0,32.02
770.831,0.80897,4.963,100.0,120.0,32.02
770.931,0.80814,4.965,100.0,120.0,32.02
771.031,0.81609,4.967,100.0,120.0,31.98
771.13,0.8163,4.968,100.0,120.0,31.98
771.232,0.81614,4.97,100.0,120.0,31.98
771.331,0.81415,4.972,100.0,120.0,31.99
771.431,0.81781,4.974,100.0,120.0,31.99
771.531,0.80725,4.976,100.0,120.0,31.99
771.631,0.81006,4.977,100.0,120.0,31.99
771.731,0.80814,4.979,100.0,120.0,31.99
771.831,0.80607,4.981,100.0,120.0,31.99
771.931,0.8067,4.983,100.0,120.0,31.91
772.031,0.80923,4.984,100.0,120.0,31.91
772.131,0.81039,4.986,100.0,120.0,31.91
772.231,0.81105,4.988,100.0,120.0,31.93
772.331,0.8097,4.99,100.0,120.0,31.93
772.431,0.79964,4.991,100.0,120.0,31.93
772.531,0.79938,4.993,100.0,120.0,31.98
772.631,0.80071,4.995,100.0,120.0,31.98
772.731,0.80706,4.997,100.0,120.0,31.98
772.831,0.80894,4.999,100.0,120.0,31.9
772.931,0.80647,5.0,100.0,120.0,31.9
773.031,0.80602,5.002,100.0,120.0,31.9
773.131,0.80893,5.004,100.0,120.0,31.88
773.231,0.80972,5.006,100.0,120.0,31.88
773.331,0.80634,5.007,100.0,120.0,31.88
773.431,0.80577,5.009,100.0,120.0,31.94
773.531,0.80781,5.011,100.0,120.0,31.94
773.631,0.80271,5.013,100.0,120.0,31.94
773.731,0.80094,5.015,100.0,120.0,31.95
773.831,0.80925,5.016,100.0,120.0,31.95
773.931,0.81019,5.018,100.0,120.0,31.95
774.031,0.80547,5.02,100.0,120.0,31.95
774.131,0.80642,5.022,100.0,120.0,31.95
774.231,0.81509,5.023,100.0,120.0,31.95
774.33,0.81013,5.025,100.0,120.0,32.0
774.431,0.80227,5.027,100.0,120.0,32.0
774.531,0.80209,5.029,100.0,120.0,32.0
774.631,0.8077,5.031,100.0,120.0,32.04
774.731,0.80925,5.032,100.0,120.0,32.04
774.831,0.8064,5.034,100.0,120.0,32.04
774.931,0.80295,5.036,100.0,120.0,31.96
775.031,0.81126,5.038,100.0,120.0,31.96
775.131,0.81153,5.039,100.0,120.0,31.96
775.231,0.80873,5.041,100.0,120.0,31.96
775.331,0.80873,5.043,100.0,120.0,31.96
775.431,0.81118,5.045,100.0,120.0,31.96
775.531,0.80634,5.047,100.0,120.0,32.04
775.631,0.80141,5.048,100.0,120.0,32.04
775.731,0.80181,5.05,100.0,120.0,32.04
775.831,0.8049,5.052,100.0,120.0,32.04
775.931,0.80651,5.054,100.0,120.0,32.04
776.031,0.80364,5.055,100.0,120.0,32.04
776.131,0.79645,5.057,100.0,120.0,31.99
776.231,0.79907,5.059,100.0,120.0,31.99
776.331,0.80706,5.061,100.0,120.0,31.99
776.431,0.80829,5.063,100.0,120.0,31.99
776.531,0.80643,5.064,100.0,120.0,31.99
776.631,0.8028,5.066,100.0,120.0,31.99
776.731,0.80942,5.068,100.0,120.0,32.07
776.831,0.8062,5.07,100.0,120.0,32.07
776.931,0.79972,5.071,100.0,120.0,32.07
777.031,0.79727,5.073,100.0,120.0,32.06
777.131,0.80384,5.075,100.0,120.0,32.06
777.231,0.80919,5.077,100.0,120.0,32.06
777.331,0.80283,5.079,100.0,120.0,32.09
777.431,0.80786,5.08,100.0,120.0,32.09
777.53,0.80643,5.082,100.0,120.0,32.09
777.631,0.80288,5.084,100.0,120.0,32.15
777.731,0.80417,5.086,100.0,120.0,32.15
777.832,0.8072,5.087,100.0,120.0,32.15
777.931,0.8062,5.089,100.0,120.0,32.13
778.031,0.80483,5.091,100.0,120.0,32.13
778.131,0.80701,5.093,100.0,120.0,32.13
778.232,0.80451,5.095,100.0,120.0,32.11
778.331,0.80043,5.096,100.0,120.0,32.11
778.431,0.80505,5.098,100.0,120.0,32.11
778.531,0.8063,5.1,100.0,120.0,32.17
778.632,0.80902,5.102,100.0,120.0,32.17
778.731,0.80577,5.103,100.0,120.0,32.17
778.831,0.80291,5.105,100.0,120.0,32.22
778.931,0.80177,5.107,100.0,120.0,32.22
779.031,0.80457,5.109,100.0,120.0,32.22
779.131,0.8002,5.111,100.0,120.0,32.26
779.231,0.80061,5.112,100.0,120.0,32.26
779.331,0.80058,5.114,100.0,120.0,32.26
779.431,0.80138,5.116,100.0,120.0,32.22
779.531,0.80331,5.118,100.0,120.0,32.22
779.631,0.79367,5.119,100.0,120.0,32.22
779.731,0.80274,5.121,100.0,120.0,32.23
779.831,0.80416,5.123,100.0,120.0,32.23
779.931,0.80321,5.125,100.0,120.0,32.23
780.031,0.79916,5.127,100.0,120.0,32.23
780.131,0.80021,5.128,100.0,120.0,32.23
780.231,0.8001,5.13,100.0,120.0,32.23
780.331,0.79961,5.132,100.0,120.0,32.19
780.431,0.80166,5.134,100.0,120.0,32.19
780.531,0.80597,5.135,100.0,120.0,32.19
780.632,0.80094,5.137,100.0,120.0,32.13
780.73,0.79892,5.139,100.0,120.0,32.13
780.831,0.80501,5.141,100.0,120.0,32.13
780.931,0.80279,5.143,100.0,120.0,32.11
781.031,0.80282,5.144,100.0,120.0,32.11
781.131,0.80511,5.146,100.0,120.0,32.11
781.231,0.80178,5.148,100.0,120.0,32.17
781.331,0.80065,5.15,100.0,120.0,32.17
781.431,0.80231,5.151,100.0,120.0,32.17
781.531,0.79758,5.153,100.0,120.0,32.22
781.631,0.80105,5.155,100.0,120.0,32.22
781.731,0.79693,5.157,100.0,120.0,32.22
781.831,0.79943,5.159,100.0,120.0,32.26
781.931,0.80254,5.16,100.0,120.0,32.26
782.031,0.80118,5.162,100.0,120.0,32.26
782.131,0.79414,5.164,100.0,120.0,32.26
782.231,0.79942,5.166,100.0,120.0,32.26
782.331,0.7998,5.167,100.0,120.0,32.26
782.431,0.79566,5.169,100.0,120.0,32.29
782.531,0.80242,5.171,100.0,120.0,32.29
782.631,0.79756,5.173,100.0,120.0,32.29
782.731,0.79465,5.175,100.0,120.0,32.25
782.831,0.79356,5.176,100.0,120.0,32.25
782.931,0.7965,5.178,100.0,120.0,32.25
783.031,0.7969,5.18,100.0,120.0,32.29
783.131,0.79809,5.182,100.0,120.0,32.29
783.231,0.79189,5.183,100.0,120.0,32.29
783.331,0.79277,5.185,100.0,120.0,32.32
783.431,0.796,5.187,100.0,120.0,32.32
783.531,0.79686,5.189,100.0,120.0,32.32
783.631,0.79869,5.19,100.0,120.0,32.31
783.731,0.7937,5.192,100.0,120.0,32.31
783.831,0.79574,5.194,100.0,120.0,32.31
783.93,0.79656,5.196,100.0,120.0,32.3
784.031,0.79584,5.198,100.0,120.0,32.3
784.131,0.79705,5.199,100.0,120.0,32.3
784.231,0.79448,5.201,100.0,120.0,32.26
784.331,0.79689,5.203,100.0,120.0,32.26
784.431,0.79808,5.205,100.0,120.0,32.26
784.531,0.79373,5.206,100.0,120.0,32.25
784.631,0.79369,5.208,100.0,120.0,32.25
784.731,0.7974,5.21,100.0,120.0,32.25
784.831,0.79416,5.212,100.0,120.0,32.33
784.931,0.78927,5.214,100.0,120.0,32.33
785.031,0.78977,5.215,100.0,120.0,32.33
785.131,0.792,5.217,100.0,120.0,32.32
785.231,0.79023,5.219,100.0,120.0,32.32
785.331,0.66623,5.221,100.0,120.0,32.32
785.431,-0.00307,5.222,100.0,120.0,32.38
