t,F,D,P1,P2,T
666.731,0.52595,0.0,100.0,119.0,29.12
666.831,0.53162,0.0,100.0,119.0,29.12
666.931,0.52834,0.001,100.0,119.0,29.1
667.031,0.53234,0.002,100.0,119.0,29.1
667.131,0.53734,0.003,100.0,119.0,29.1
667.231,0.54169,0.005,100.0,119.0,29.09
667.331,0.54007,0.007,100.0,119.0,29.09
667.431,0.52803,0.009,100.0,119.0,29.09
667.531,0.534,0.011,100.0,119.0,29.0
667.631,0.53539,0.012,100.0,119.0,29.0
667.731,0.53508,0.014,100.0,119.0,29.0
667.831,0.53483,0.016,100.0,119.0,29.0
667.931,0.53449,0.018,100.0,119.0,29.0
668.031,0.5388,0.019,100.0,119.0,29.0
668.131,0.53719,0.021,100.0,119.0,28.96
668.231,0.53908,0.023,100.0,120.0,28.96
668.331,0.53558,0.025,100.0,119.0,28.96
668.431,0.53421,0.027,100.0,119.0,28.97
668.531,0.53688,0.028,100.0,119.0,28.97
668.631,0.53548,0.03,100.0,119.0,28.97
668.73,0.53325,0.032,100.0,119.0,28.97
668.831,0.52686,0.034,100.0,119.0,28.97
668.931,0.53094,0.035,100.0,119.0,28.97
669.031,0.53357,0.037,100.0,119.0,28.9
669.131,0.53356,0.039,100.0,119.0,28.9
669.231,0.53196,0.041,100.0,119.0,28.9
669.331,0.53563,0.043,100.0,119.0,28.92
669.431,0.5411,0.044,100.0,119.0,28.92
669.531,0.53778,0.046,100.0,119.0,28.92
669.631,0.53595,0.048,100.0,119.0,28.93
669.731,0.5365,0.05,100.0,119.0,28.93
669.831,0.53281,0.051,100.0,119.0,28.93
669.931,0.54033,0.053,100.0,119.0,28.9
670.031,0.54174,0.055,100.0,119.0,28.9
670.131,0.5384,0.057,100.0,119.0,28.9
670.231,0.54446,0.058,100.0,119.0,28.84
670.331,0.54076,0.06,100.0,119.0,28.84
670.431,0.53667,0.062,100.0,119.0,28.84
670.531,0.5393,0.064,100.0,119.0,28.87
670.631,0.54516,0.066,100.0,119.0,28.87
670.731,0.5509,0.067,100.0,119.0,28.87
670.831,0.54197,0.069,100.0,119.0,28.85
670.931,0.54123,0.071,100.0,119.0,28.85
671.031,0.5453,0.073,100.0,119.0,28.85
671.131,0.54949,0.074,100.0,119.0,28.91
671.231,0.54764,0.076,100.0,119.0,28.91
671.331,0.54068,0.078,100.0,119.0,28.91
671.431,0.5412,0.08,100.0,119.0,28.85
671.531,0.54286,0.082,100.0,119.0,28.85
671.631,0.53921,0.083,100.0,119.0,28.85
671.731,0.54931,0.085,100.0,119.0,28.83
671.831,0.54278,0.087,100.0,119.0,28.83
671.93,0.54159,0.089,100.0,119.0,28.83
672.031,0.54863,0.09,100.0,119.0,28.82
672.131,0.55147,0.092,100.0,119.0,28.82
672.231,0.54878,0.094,100.0,119.0,28.82
672.331,0.54997,0.096,100.0,119.0,28.81
672.431,0.54705,0.098,100.0,119.0,28.81
672.531,0.54718,0.099,100.0,119.0,28.81
672.631,0.55441,0.101,100.0,119.0,28.8
672.731,0.55545,0.103,100.0,119.0,28.8
672.831,0.55431,0.105,100.0,119.0,28.8
672.931,0.55648,0.106,100.0,119.0,28.76
673.031,0.55689,0.108,100.0,119.0,28.76
673.131,0.55436,0.11,100.0,119.0,28.76
673.231,0.55259,0.112,100.0,119.0,28.72
673.331,0.55463,0.114,100.0,119.0,28.72
673.431,0.55214,0.115,100.0,119.0,28.72
673.531,0.55279,0.117,100.0,119.0,28.72
673.631,0.55533,0.119,100.0,119.0,28.72
673.731,0.55677,0.121,100.0,119.0,28.72
673.831,0.55717,0.122,100.0,119.0,28.73
673.931,0.56209,0.124,100.0,119.0,28.73
674.031,0.56118,0.126,100.0,119.0,28.73
674.131,0.55478,0.128,100.0,119.0,28.73
674.231,0.55822,0.129,100.0,119.0,28.73
674.331,0.56062,0.131,100.0,119.0,28.73
674.431,0.56136,0.133,100.0,119.0,28.73
674.531,0.55872,0.135,100.0,119.0,28.73
674.631,0.56269,0.137,100.0,119.0,28.73
674.731,0.56307,0.138,100.0,119.0,28.81
674.831,0.5669,0.14,100.0,119.0,28.81
674.931,0.56169,0.142,100.0,119.0,28.81
675.031,0.56112,0.144,100.0,119.0,28.76
675.13,0.56241,0.145,100.0,119.0,28.76
675.231,0.56421,0.147,100.0,119.0,28.76
675.331,0.56225,0.149,100.0,119.0,28.76
675.431,0.56531,0.151,100.0,119.0,28.76
675.531,0.56335,0.153,100.0,119.0,28.76
675.631,0.56031,0.154,100.0,119.0,28.69
675.731,0.56925,0.156,100.0,119.0,28.69
675.831,0.56625,0.158,100.0,119.0,28.69
675.931,0.56268,0.16,100.0,119.0,28.69
676.031,0.56993,0.162,100.0,119.0,28.69
676.131,0.56585,0.163,100.0,119.0,28.69
676.231,0.56913,0.165,100.0,119.0,28.7
676.331,0.566,0.167,100.0,119.0,28.7
676.431,0.56529,0.169,100.0,119.0,28.7
676.531,0.56803,0.17,100.0,119.0,28.71
676.631,0.56626,0.172,100.0,119.0,28.71
676.731,0.57468,0.174,100.0,119.0,28.71
676.831,0.57142,0.176,100.0,119.0,28.72
676.931,0.57152,0.178,100.0,119.0,28.72
677.031,0.56818,0.179,100.0,119.0,28.72
677.131,0.56544,0.181,100.0,119.0,28.72
677.231,0.57225,0.183,100.0,119.0,28.72
677.331,0.5776,0.185,100.0,119.0,28.72
677.431,0.57733,0.186,100.0,120.0,28.73
677.531,0.57631,0.188,100.0,120.0,28.73
677.631,0.57974,0.19,100.0,119.0,28.73
677.731,0.58362,0.192,100.0,119.0,28.77
677.831,0.57188,0.194,100.0,119.0,28.77
677.931,0.57269,0.195,100.0,119.0,28.77
678.031,0.58191,0.197,100.0,119.0,28.8
678.131,0.57951,0.199,100.0,119.0,28.8
678.231,0.57895,0.201,100.0,119.0,28.8
678.33,0.58076,0.202,100.0,119.0,28.83
678.431,0.57867,0.204,100.0,119.0,28.83
678.531,0.57236,0.206,100.0,119.0,28.83
678.631,0.57512,0.208,100.0,119.0,28.82
678.731,0.5812,0.21,100.0,119.0,28.82
678.831,0.58254,0.211,100.0,119.0,28.82
678.931,0.58117,0.213,100.0,119.0,28.85
679.031,0.58187,0.215,100.0,119.0,28.85
679.131,0.58133,0.217,100.0,119.0,28.85
679.231,0.5845,0.219,100.0,119.0,28.91
679.331,0.58427,0.22,100.0,119.0,28.91
679.431,0.59029,0.222,100.0,119.0,28.91
679.531,0.59045,0.224,100.0,119.0,28.92
679.631,0.58602,0.226,100.0,119.0,28.92
679.731,0.58656,0.227,100.0,119.0,28.92
679.831,0.58567,0.229,100.0,119.0,28.97
679.931,0.58696,0.231,100.0,119.0,28.97
680.031,0.58638,0.233,100.0,119.0,28.97
680.131,0.58808,0.235,100.0,119.0,28.97
680.231,0.58588,0.236,100.0,119.0,28.97
680.331,0.59694,0.238,100.0,119.0,28.97
680.431,0.59788,0.24,100.0,119.0,28.94
680.531,0.59138,0.242,100.0,119.0,28.94
680.631,0.59138,0.243,100.0,119.0,28.94
680.731,0.5942,0.245,100.0,119.0,28.87
680.831,0.59284,0.247,100.0,119.0,28.87
680.931,0.59169,0.249,100.0,119.0,28.87
681.031,0.59427,0.251,100.0,119.0,28.86
681.131,0.59826,0.252,100.0,119.0,28.86
681.231,0.59747,0.254,100.0,119.0,28.86
681.331,0.59123,0.256,100.0,119.0,28.92
681.431,0.59549,0.258,100.0,119.0,28.92
681.53,0.59895,0.259,100.0,119.0,28.92
681.631,0.59578,0.261,100.0,119.0,28.89
681.731,0.58582,0.263,100.0,119.0,28.89
681.831,0.58712,0.265,100.0,119.0,28.89
681.931,0.59721,0.267,100.0,119.0,28.91
682.031,0.59673,0.268,100.0,119.0,28.91
682.131,0.59476,0.27,100.0,119.0,28.91
682.231,0.59471,0.272,100.0,119.0,28.92
682.331,0.59107,0.274,100.0,119.0,28.92
682.431,0.58999,0.275,100.0,119.0,28.92
682.531,0.59693,0.277,100.0,119.0,28.9
682.631,0.59448,0.279,100.0,119.0,28.9
682.731,0.59211,0.281,100.0,119.0,28.9
682.831,0.59985,0.283,100.0,119.0,28.87
682.931,0.60192,0.284,100.0,119.0,28.87
683.031,0.59995,0.286,100.0,119.0,28.87
683.131,0.60203,0.288,100.0,119.0,28.97
683.231,0.6007,0.29,100.0,119.0,28.97
683.331,0.60302,0.291,100.0,119.0,28.97
683.431,0.60002,0.293,100.0,119.0,28.93
683.531,0.59933,0.295,100.0,119.0,28.93
683.631,0.59889,0.297,100.0,119.0,28.93
683.731,0.60067,0.299,100.0,119.0,28.94
683.831,0.59836,0.3,100.0,119.0,28.94
683.931,0.6041,0.302,100.0,119.0,28.94
684.031,0.60864,0.304,100.0,119.0,28.84
684.131,0.61027,0.306,100.0,119.0,28.84
684.231,0.60788,0.308,100.0,119.0,28.84
684.331,0.6064,0.309,100.0,119.0,28.86
684.431,0.60568,0.311,100.0,119.0,28.86
684.531,0.606,0.313,100.0,119.0,28.86
684.631,0.6079,0.315,100.0,119.0,28.85
684.73,0.60363,0.316,100.0,119.0,28.85
684.831,0.60594,0.318,100.0,119.0,28.85
684.931,0.61196,0.32,100.0,119.0,28.87
685.031,0.61173,0.322,100.0,119.0,28.87
685.131,0.60968,0.324,100.0,119.0,28.87
685.231,0.61149,0.325,100.0,119.0,28.85
685.331,0.61013,0.327,100.0,119.0,28.85
685.431,0.61116,0.329,100.0,119.0,28.85
685.531,0.61403,0.331,100.0,119.0,28.8
685.631,0.60778,0.332,100.0,119.0,28.8
685.731,0.604,0.334,100.0,119.0,28.8
685.831,0.60609,0.336,100.0,119.0,28.79
685.931,0.61435,0.338,100.0,119.0,28.79
686.031,0.61319,0.34,100.0,119.0,28.79
686.131,0.61216,0.341,100.0,119.0,28.82
686.231,0.61424,0.343,100.0,119.0,28.82
686.331,0.61772,0.345,100.0,119.0,28.82
686.431,0.61702,0.347,100.0,119.0,28.77
686.531,0.61329,0.348,100.0,119.0,28.77
686.631,0.61516,0.35,100.0,119.0,28.77
686.731,0.61806,0.352,100.0,119.0,28.77
686.831,0.62127,0.354,100.0,119.0,28.77
686.931,0.61386,0.356,100.0,119.0,28.77
687.031,0.61349,0.357,100.0,119.0,28.77
687.131,0.6134,0.359,100.0,119.0,28.77
687.231,0.61698,0.361,100.0,119.0,28.77
687.331,0.61848,0.363,100.0,119.0,28.77
687.431,0.61665,0.364,100.0,119.0,28.77
687.531,0.61583,0.366,100.0,119.0,28.77
687.631,0.61565,0.368,100.0,119.0,28.73
687.731,0.62245,0.37,100.0,119.0,28.73
687.831,0.62054,0.372,100.0,119.0,28.73
687.93,0.61751,0.373,100.0,119.0,28.73
688.031,0.62114,0.375,100.0,119.0,28.73
688.131,0.62158,0.377,100.0,119.0,28.73
688.231,0.62303,0.379,100.0,119.0,28.73
688.331,0.62002,0.381,100.0,119.0,28.73
688.431,0.61922,0.382,100.0,119.0,28.73
688.531,0.62019,0.384,100.0,119.0,28.77
688.631,0.62107,0.386,100.0,119.0,28.77
688.731,0.62297,0.388,100.0,119.0,28.77
688.831,0.62701,0.389,100.0,119.0,28.81
688.931,0.62673,0.391,100.0,119.0,28.81
689.031,0.62032,0.393,100.0,119.0,28.81
689.131,0.61993,0.395,100.0,119.0,28.76
689.231,0.61842,0.397,100.0,119.0,28.76
689.331,0.62349,0.398,100.0,119.0,28.76
689.431,0.6186,0.4,100.0,119.0,28.76
689.531,0.62494,0.402,100.0,119.0,28.76
689.631,0.62816,0.404,100.0,119.0,28.76
689.731,0.62787,0.406,100.0,119.0,28.8
689.831,0.62227,0.407,100.0,119.0,28.8
689.931,0.6218,0.409,100.0,119.0,28.8
690.031,0.62834,0.411,100.0,119.0,28.79
690.131,0.62973,0.413,100.0,119.0,28.79
690.231,0.62634,0.415,100.0,119.0,28.79
690.331,0.62491,0.416,100.0,119.0,28.75
690.431,0.63089,0.418,100.0,119.0,28.75
690.531,0.63617,0.42,100.0,119.0,28.75
690.631,0.62807,0.422,100.0,119.0,28.75
690.731,0.63218,0.423,100.0,119.0,28.75
690.831,0.63627,0.425,100.0,119.0,28.75
690.931,0.63814,0.427,100.0,119.0,28.71
691.031,0.63239,0.429,100.0,119.0,28.71
691.13,0.62789,0.431,100.0,119.0,28.71
691.231,0.63014,0.432,100.0,119.0,28.75
691.331,0.63128,0.434,100.0,119.0,28.75
691.431,0.63052,0.436,100.0,119.0,28.75
691.531,0.63524,0.438,100.0,119.0,28.79
691.631,0.63397,0.44,100.0,119.0,28.79
691.731,0.63248,0.441,100.0,119.0,28.79
691.831,0.63627,0.443,100.0,119.0,28.78
691.931,0.63675,0.445,100.0,119.0,28.78
692.031,0.63256,0.447,100.0,119.0,28.78
692.131,0.63481,0.448,100.0,119.0,28.82
692.231,0.63887,0.45,100.0,119.0,28.82
692.331,0.63622,0.452,100.0,119.0,28.82
692.431,0.63914,0.454,100.0,119.0,28.81
692.531,0.64109,0.456,100.0,119.0,28.81
692.631,0.63591,0.457,100.0,119.0,28.81
692.731,0.63612,0.459,100.0,119.0,28.8
692.831,0.64182,0.461,100.0,119.0,28.8
692.931,0.64328,0.463,100.0,119.0,28.8
693.031,0.64286,0.464,100.0,119.0,28.79
693.131,0.6337,0.466,100.0,119.0,28.79
693.231,0.636,0.468,100.0,119.0,28.79
693.331,0.64292,0.47,100.0,119.0,28.78
693.431,0.64222,0.472,100.0,119.0,28.78
693.531,0.64176,0.473,100.0,119.0,28.78
693.631,0.64392,0.475,100.0,119.0,28.82
693.731,0.64276,0.477,100.0,119.0,28.82
693.831,0.64177,0.479,100.0,119.0,28.82
693.931,0.63954,0.481,100.0,119.0,28.88
694.031,0.64472,0.482,100.0,119.0,28.88
694.131,0.639,0.484,100.0,120.0,28.88
694.231,0.6438,0.486,100.0,119.0,28.9
694.33,0.64659,0.488,100.0,119.0,28.9
694.431,0.6449,0.489,100.0,119.0,28.9
694.531,0.64544,0.491,100.0,119.0,28.88
694.631,0.65232,0.493,100.0,119.0,28.88
694.731,0.64961,0.495,100.0,119.0,28.88
694.831,0.64519,0.497,100.0,119.0,28.86
694.931,0.65162,0.498,100.0,119.0,28.86
695.031,0.65563,0.5,100.0,119.0,28.86
695.131,0.65268,0.502,100.0,119.0,28.88
695.231,0.65219,0.504,100.0,119.0,28.88
695.331,0.65193,0.505,100.0,119.0,28.88
695.431,0.65173,0.507,100.0,119.0,28.86
695.531,0.65207,0.509,100.0,119.0,28.86
695.631,0.65032,0.511,100.0,119.0,28.86
695.731,0.6503,0.513,100.0,119.0,28.84
695.831,0.65693,0.514,100.0,119.0,28.84
695.931,0.65473,0.516,100.0,119.0,28.84
696.031,0.6478,0.518,100.0,119.0,28.83
696.131,0.65507,0.52,100.0,119.0,28.83
696.231,0.65296,0.521,100.0,119.0,28.83
696.331,0.65226,0.523,100.0,119.0,28.82
696.431,0.64965,0.525,100.0,119.0,28.82
696.531,0.65187,0.527,100.0,119.0,28.82
696.631,0.65587,0.529,100.0,119.0,28.84
696.731,0.65686,0.53,100.0,119.0,28.84
696.831,0.65838,0.532,100.0,119.0,28.84
696.931,0.65506,0.534,100.0,119.0,28.83
697.031,0.65788,0.536,100.0,119.0,28.83
697.131,0.65714,0.537,100.0,119.0,28.83
697.231,0.65933,0.539,100.0,119.0,28.86
697.331,0.65536,0.541,100.0,119.0,28.86
697.431,0.65298,0.543,100.0,119.0,28.86
697.53,0.66213,0.545,100.0,119.0,28.84
697.631,0.66191,0.546,100.0,119.0,28.84
697.731,0.66387,0.548,100.0,119.0,28.84
697.831,0.66476,0.55,100.0,119.0,28.83
697.931,0.66424,0.552,100.0,119.0,28.83
698.031,0.65955,0.554,100.0,119.0,28.83
698.131,0.65919,0.555,100.0,119.0,28.85
698.231,0.65256,0.557,100.0,119.0,28.85
698.331,0.65855,0.559,100.0,119.0,28.85
698.431,0.66665,0.561,100.0,119.0,28.87
698.531,0.6632,0.562,100.0,119.0,28.87
698.631,0.65734,0.564,100.0,119.0,28.87
698.731,0.65376,0.566,100.0,119.0,28.86
698.831,0.6601,0.568,100.0,119.0,28.86
698.931,0.65828,0.57,100.0,119.0,28.86
699.031,0.65814,0.571,100.0,119.0,28.88
699.131,0.66099,0.573,100.0,119.0,28.88
699.231,0.66407,0.575,100.0,119.0,28.88
699.331,0.66255,0.577,100.0,119.0,28.86
699.431,0.66047,0.579,100.0,119.0,28.86
699.531,0.66825,0.58,100.0,119.0,28.86
699.631,0.67073,0.582,100.0,119.0,28.84
699.731,0.66693,0.584,100.0,119.0,28.84
699.831,0.66569,0.586,100.0,119.0,28.84
699.931,0.66795,0.587,100.0,119.0,28.83
700.031,0.66585,0.589,100.0,119.0,28.83
700.131,0.66342,0.591,100.0,119.0,28.83
700.231,0.66627,0.593,100.0,119.0,28.78
700.331,0.6693,0.595,100.0,119.0,28.78
700.431,0.66504,0.596,100.0,119.0,28.78
700.531,0.66311,0.598,100.0,119.0,28.81
700.631,0.65828,0.6,100.0,119.0,28.81
700.73,0.66031,0.602,100.0,119.0,28.81
700.831,0.66568,0.603,100.0,119.0,28.84
700.931,0.66663,0.605,100.0,119.0,28.84
701.031,0.66464,0.607,100.0,119.0,28.84
701.131,0.6664,0.609,100.0,119.0,28.86
701.231,0.67004,0.611,100.0,119.0,28.86
701.331,0.66716,0.612,100.0,119.0,28.86
701.431,0.66999,0.614,100.0,119.0,28.88
701.531,0.66427,0.616,100.0,119.0,28.88
701.631,0.6674,0.618,100.0,119.0,28.88
701.731,0.66593,0.619,100.0,119.0,28.86
701.831,0.67198,0.621,100.0,119.0,28.86
701.931,0.66587,0.623,100.0,119.0,28.86
702.031,0.67405,0.625,100.0,119.0,28.85
702.131,0.67621,0.627,100.0,119.0,28.85
702.231,0.67069,0.628,100.0,119.0,28.85
702.331,0.67178,0.63,100.0,119.0,28.83
702.431,0.6659,0.632,100.0,119.0,28.83
702.531,0.6714,0.634,100.0,119.0,28.83
702.631,0.67734,0.635,100.0,119.0,28.78
702.731,0.66893,0.637,100.0,119.0,28.78
702.831,0.66941,0.639,100.0,119.0,28.78
702.931,0.66397,0.641,100.0,119.0,28.78
703.031,0.66875,0.643,100.0,119.0,28.78
703.131,0.67338,0.644,100.0,119.0,28.78
703.231,0.67188,0.646,100.0,119.0,28.74
703.331,0.67236,0.648,100.0,119.0,28.74
703.431,0.67491,0.65,100.0,119.0,28.74
703.531,0.67641,0.651,100.0,119.0,28.74
703.631,0.67245,0.653,100.0,119.0,28.74
703.731,0.67062,0.655,100.0,120.0,28.74
703.831,0.67473,0.657,100.0,119.0,28.78
703.93,0.67332,0.659,100.0,119.0,28.78
704.031,0.66978,0.66,100.0,119.0,28.78
704.131,0.67062,0.662,100.0,119.0,28.77
704.231,0.6734,0.664,100.0,119.0,28.77
704.331,0.67261,0.666,100.0,119.0,28.77
704.431,0.67194,0.667,100.0,119.0,28.77
704.531,0.67421,0.669,100.0,119.0,28.77
704.631,0.67342,0.671,100.0,119.0,28.77
704.731,0.67623,0.673,100.0,119.0,28.77
704.831,0.67355,0.675,100.0,119.0,28.77
704.931,0.67592,0.676,100.0,119.0,28.77
705.031,0.67137,0.678,100.0,119.0,28.84
705.131,0.67641,0.68,100.0,119.0,28.84
705.231,0.67255,0.682,100.0,119.0,28.84
705.331,0.66741,0.683,100.0,119.0,28.83
705.431,0.67097,0.685,100.0,119.0,28.83
705.531,0.67022,0.687,100.0,119.0,28.83
705.631,0.67255,0.689,100.0,119.0,28.81
705.731,0.67386,0.691,100.0,119.0,28.81
705.831,0.67325,0.692,100.0,119.0,28.81
705.931,0.67264,0.694,100.0,119.0,28.84
706.031,0.67442,0.696,100.0,119.0,28.84
706.131,0.67324,0.698,100.0,120.0,28.84
706.231,0.67364,0.699,100.0,119.0,28.87
706.331,0.67696,0.701,100.0,119.0,28.87
706.431,0.6732,0.703,100.0,119.0,28.87
706.531,0.66751,0.705,100.0,119.0,28.85
706.631,0.66829,0.707,100.0,119.0,28.85
706.731,0.6735,0.708,100.0,119.0,28.85
706.831,0.66457,0.71,100.0,119.0,28.87
706.931,0.67151,0.712,100.0,119.0,28.87
707.031,0.67088,0.714,100.0,119.0,28.87
707.13,0.66934,0.716,100.0,119.0,28.85
707.231,0.67072,0.717,100.0,119.0,28.85
707.331,0.66864,0.719,100.0,119.0,28.85
707.431,0.67049,0.721,100.0,119.0,28.8
707.531,0.67213,0.723,100.0,119.0,28.8
707.631,0.66865,0.725,100.0,119.0,28.8
707.731,0.66933,0.726,100.0,119.0,28.87
707.831,0.67413,0.728,100.0,120.0,28.87
707.931,0.67351,0.73,100.0,119.0,28.87
708.031,0.66986,0.732,100.0,119.0,28.89
708.131,0.66915,0.733,100.0,119.0,28.89
708.231,0.66652,0.735,100.0,119.0,28.89
708.331,0.66487,0.737,100.0,119.0,28.87
708.431,0.67168,0.739,100.0,119.0,28.87
708.531,0.67274,0.741,100.0,119.0,28.87
708.631,0.66917,0.742,100.0,119.0,28.85
708.731,0.66869,0.744,100.0,119.0,28.85
708.831,0.66899,0.746,100.0,119.0,28.85
708.931,0.67032,0.748,100.0,119.0,28.87
709.031,0.6743,0.75,100.0,119.0,28.87
709.131,0.6763,0.751,100.0,119.0,28.87
709.231,0.67221,0.753,100.0,119.0,28.93
709.331,0.67544,0.755,100.0,119.0,28.93
709.431,0.67413,0.757,100.0,119.0,28.93
709.531,0.66706,0.759,100.0,119.0,28.86
709.631,0.66522,0.76,100.0,119.0,28.86
709.731,0.67009,0.762,100.0,119.0,28.86
709.831,0.66799,0.764,100.0,119.0,28.92
709.931,0.66914,0.766,100.0,119.0,28.92
710.031,0.67223,0.768,100.0,119.0,28.92
710.131,0.67397,0.769,100.0,119.0,28.97
710.231,0.67405,0.771,100.0,119.0,28.97
710.33,0.66508,0.773,100.0,119.0,28.97
710.431,0.67047,0.775,100.0,119.0,28.9
710.531,0.67242,0.777,100.0,119.0,28.9
710.631,0.66772,0.778,100.0,119.0,28.9
710.731,0.6731,0.78,100.0,119.0,28.95
710.831,0.67347,0.782,100.0,119.0,28.95
710.931,0.67132,0.784,100.0,119.0,28.95
711.031,0.66994,0.785,100.0,119.0,28.96
711.131,0.66632,0.787,100.0,119.0,28.96
711.231,0.66841,0.789,100.0,119.0,28.96
711.331,0.67377,0.791,100.0,119.0,28.93
711.431,0.67125,0.793,100.0,119.0,28.93
711.531,0.67198,0.794,100.0,119.0,28.93
711.631,0.67202,0.796,100.0,119.0,28.9
711.731,0.67019,0.798,100.0,119.0,28.9
711.831,0.66778,0.8,100.0,119.0,28.9
711.931,0.66803,0.802,100.0,120.0,28.92
712.031,0.66962,0.803,100.0,119.0,28.92
712.131,0.67196,0.805,100.0,119.0,28.92
712.231,0.66954,0.807,100.0,119.0,28.82
712.331,0.67147,0.809,100.0,119.0,28.82
712.431,0.67265,0.81,100.0,119.0,28.82
712.531,0.67337,0.812,100.0,119.0,28.81
712.631,0.67588,0.814,100.0,119.0,28.81
712.731,0.67414,0.816,100.0,119.0,28.81
712.831,0.6745,0.818,100.0,119.0,28.84
712.931,0.67579,0.819,100.0,119.0,28.84
713.031,0.67145,0.821,100.0,119.0,28.84
713.131,0.669,0.823,100.0,119.0,28.9
713.231,0.67048,0.825,100.0,119.0,28.9
713.331,0.67185,0.827,100.0,120.0,28.9
713.431,0.66585,0.828,100.0,119.0,28.95
713.53,0.66691,0.83,100.0,119.0,28.95
713.631,0.66833,0.832,100.0,119.0,28.95
713.731,0.67589,0.834,100.0,119.0,28.96
713.831,0.67133,0.836,100.0,119.0,28.96
713.931,0.67125,0.837,100.0,119.0,28.96
714.031,0.67152,0.839,100.0,119.0,28.96
714.131,0.66922,0.841,100.0,119.0,28.96
714.231,0.66819,0.843,100.0,119.0,28.96
714.331,0.66793,0.844,100.0,119.0,28.93
714.431,0.66861,0.846,100.0,119.0,28.93
714.531,0.66937,0.848,100.0,119.0,28.93
714.631,0.66212,0.85,100.0,119.0,28.94
714.731,0.665,0.852,100.0,119.0,28.94
714.831,0.66523,0.853,100.0,119.0,28.94
714.931,0.67749,0.855,100.0,119.0,28.95
715.031,0.67315,0.857,100.0,119.0,28.95
715.131,0.66653,0.859,100.0,119.0,28.95
715.231,0.66643,0.861,100.0,119.0,28.96
715.331,0.66563,0.862,100.0,119.0,28.96
715.431,0.67189,0.864,100.0,119.0,28.96
715.531,0.67154,0.866,100.0,119.0,28.93
715.631,0.67827,0.868,100.0,119.0,28.93
715.731,0.6708,0.869,100.0,119.0,28.93
715.831,0.6648,0.871,100.0,119.0,28.94
715.931,0.66683,0.873,100.0,119.0,28.94
716.031,0.6643,0.875,100.0,119.0,28.94
716.131,0.66837,0.877,100.0,119.0,28.87
716.231,0.66378,0.878,100.0,119.0,28.87
716.331,0.66549,0.88,100.0,119.0,28.87
716.431,0.66866,0.882,100.0,119.0,28.89
716.531,0.67107,0.884,100.0,119.0,28.89
716.631,0.67501,0.886,100.0,119.0,28.89
716.73,0.66837,0.887,100.0,119.0,28.87
716.831,0.67034,0.889,100.0,119.0,28.87
716.931,0.66803,0.891,100.0,119.0,28.87
717.031,0.66403,0.893,100.0,119.0,28.93
717.131,0.66613,0.895,100.0,119.0,28.93
717.231,0.67734,0.896,100.0,119.0,28.93
717.331,0.67034,0.898,100.0,120.0,28.9
717.431,0.67012,0.9,100.0,119.0,28.9
717.531,0.67146,0.902,100.0,119.0,28.9
717.631,0.67378,0.904,100.0,119.0,28.92
717.731,0.67438,0.905,100.0,119.0,28.92
717.831,0.66927,0.907,100.0,119.0,28.92
717.931,0.66958,0.909,100.0,119.0,28.93
718.031,0.667,0.911,100.0,119.0,28.93
718.131,0.66831,0.913,100.0,119.0,28.93
718.231,0.67038,0.914,100.0,119.0,28.9
718.331,0.66892,0.916,100.0,119.0,28.9
718.431,0.66818,0.918,100.0,119.0,28.9
718.531,0.67255,0.92,100.0,119.0,28.92
718.631,0.67224,0.921,100.0,119.0,28.92
718.731,0.67438,0.923,100.0,119.0,28.92
718.831,0.67311,0.925,100.0,119.0,28.85
718.931,0.6656,0.927,100.0,119.0,28.85
719.031,0.67181,0.929,100.0,119.0,28.85
719.131,0.67403,0.93,100.0,119.0,28.88
719.231,0.67006,0.932,100.0,119.0,28.88
719.331,0.6641,0.934,100.0,119.0,28.88
719.431,0.66591,0.936,100.0,119.0,28.89
719.531,0.67343,0.938,100.0,119.0,28.89
719.631,0.66956,0.939,100.0,119.0,28.89
719.731,0.66863,0.941,100.0,119.0,28.95
719.831,0.66957,0.943,100.0,119.0,28.95
719.93,0.66825,0.945,100.0,119.0,28.95
720.031,0.67142,0.946,100.0,119.0,28.96
720.131,0.67157,0.948,100.0,119.0,28.96
720.231,0.6668,0.95,100.0,119.0,28.96
720.331,0.67095,0.952,100.0,119.0,29.0
720.431,0.66919,0.954,100.0,119.0,29.0
720.531,0.66419,0.955,100.0,119.0,29.0
720.631,0.66282,0.957,100.0,119.0,28.96
720.731,0.67296,0.959,100.0,119.0,28.96
720.831,0.66953,0.961,100.0,119.0,28.96
720.931,0.66708,0.963,100.0,119.0,28.86
721.031,0.66982,0.964,100.0,119.0,28.86
721.131,0.66757,0.966,100.0,119.0,28.86
721.231,0.66643,0.968,100.0,119.0,28.91
721.331,0.66838,0.97,100.0,119.0,28.91
721.431,0.66224,0.971,100.0,120.0,28.91
721.531,0.66598,0.973,100.0,119.0,28.93
721.631,0.66595,0.975,100.0,119.0,28.93
721.731,0.67091,0.977,100.0,119.0,28.93
721.831,0.67026,0.979,100.0,119.0,28.9
721.931,0.66196,0.98,100.0,119.0,28.9
722.031,0.66164,0.982,100.0,119.0,28.9
722.131,0.6648,0.984,100.0,119.0,28.95
722.231,0.66337,0.986,100.0,119.0,28.95
722.331,0.66307,0.988,100.0,119.0,28.95
722.431,0.66766,0.989,100.0,119.0,28.92
722.531,0.67365,0.991,100.0,119.0,28.92
722.631,0.67697,0.993,100.0,119.0,28.92
722.731,0.67506,0.995,100.0,119.0,28.9
722.831,0.67105,0.997,100.0,119.0,28.9
722.931,0.67524,0.998,100.0,119.0,28.9
723.031,0.66757,1.0,100.0,119.0,28.87
723.13,0.66766,1.002,100.0,119.0,28.87
723.231,0.66619,1.004,100.0,119.0,28.87
723.331,0.66963,1.005,100.0,119.0,28.86
723.431,0.67102,1.007,100.0,119.0,28.86
723.531,0.6683,1.009,100.0,119.0,28.86
723.631,0.66662,1.011,100.0,119.0,28.92
723.731,0.67263,1.013,100.0,119.0,28.92
723.831,0.67393,1.014,100.0,119.0,28.92
723.931,0.67178,1.016,100.0,119.0,28.85
724.031,0.67182,1.018,100.0,119.0,28.85
724.131,0.67582,1.02,100.0,119.0,28.85
724.231,0.67174,1.022,100.0,119.0,28.84
724.331,0.66971,1.023,100.0,119.0,28.84
724.431,0.66607,1.025,100.0,119.0,28.84
724.531,0.66996,1.027,100.0,119.0,28.79
724.631,0.67085,1.029,100.0,119.0,28.79
724.731,0.66678,1.03,100.0,119.0,28.79
724.831,0.66797,1.032,100.0,119.0,28.82
724.931,0.66766,1.034,100.0,119.0,28.82
725.031,0.67395,1.036,100.0,119.0,28.82
725.131,0.67235,1.038,100.0,119.0,28.77
725.231,0.67132,1.039,100.0,119.0,28.77
725.331,0.67877,1.041,100.0,119.0,28.77
725.431,0.67674,1.043,100.0,119.0,28.81
725.531,0.67169,1.045,100.0,119.0,28.81
725.631,0.67026,1.047,100.0,119.0,28.81
725.731,0.66781,1.048,100.0,119.0,28.8
725.831,0.66637,1.05,100.0,119.0,28.8
725.931,0.66637,1.052,100.0,119.0,28.8
726.031,0.66557,1.054,100.0,119.0,28.83
726.131,0.66889,1.056,100.0,120.0,28.83
726.231,0.67355,1.057,100.0,119.0,28.83
726.33,0.66858,1.059,100.0,119.0,28.82
726.431,0.66443,1.061,100.0,119.0,28.82
726.531,0.66068,1.063,100.0,119.0,28.82
726.631,0.66676,1.064,100.0,119.0,28.88
726.731,0.67351,1.066,100.0,119.0,28.88
726.831,0.67105,1.068,100.0,119.0,28.88
726.931,0.66875,1.07,100.0,119.0,28.86
727.031,0.66798,1.072,100.0,119.0,28.86
727.131,0.66937,1.073,100.0,119.0,28.86
727.231,0.66919,1.075,100.0,119.0,28.88
727.331,0.672,1.077,100.0,119.0,28.88
727.431,0.67254,1.079,100.0,119.0,28.88
727.531,0.6655,1.081,100.0,119.0,28.9
727.631,0.66489,1.082,100.0,119.0,28.9
727.731,0.67753,1.084,100.0,119.0,28.9
727.831,0.67761,1.086,100.0,119.0,28.88
727.931,0.67137,1.088,100.0,119.0,28.88
728.031,0.66373,1.09,100.0,119.0,28.88
728.131,0.67106,1.091,100.0,119.0,28.82
728.231,0.67134,1.093,100.0,119.0,28.82
728.331,0.66573,1.095,100.0,119.0,28.82
728.431,0.6661,1.097,100.0,119.0,28.81
728.531,0.67448,1.099,100.0,119.0,28.81
728.631,0.67405,1.1,100.0,119.0,28.81
728.731,0.66996,1.102,100.0,119.0,28.84
728.831,0.66191,1.104,100.0,119.0,28.84
728.931,0.66423,1.106,100.0,119.0,28.84
729.031,0.66246,1.107,100.0,119.0,28.83
729.131,0.66587,1.109,100.0,119.0,28.83
729.231,0.6696,1.111,100.0,119.0,28.83
729.331,0.67248,1.113,100.0,119.0,28.89
729.431,0.66643,1.115,100.0,119.0,28.89
729.53,0.66651,1.116,100.0,119.0,28.89
729.631,0.66269,1.118,100.0,119.0,28.94
729.731,0.6634,1.12,100.0,119.0,28.94
729.831,0.66419,1.122,100.0,119.0,28.94
729.931,0.66564,1.124,100.0,119.0,28.95
730.031,0.66232,1.125,100.0,119.0,28.95
730.131,0.66163,1.127,100.0,119.0,28.95
730.231,0.6713,1.129,100.0,119.0,28.92
730.331,0.67768,1.131,100.0,119.0,28.92
730.431,0.67699,1.132,100.0,119.0,28.92
730.531,0.67127,1.134,100.0,119.0,28.93
730.631,0.67484,1.136,100.0,119.0,28.93
730.731,0.67505,1.138,100.0,119.0,28.93
730.831,0.67824,1.14,100.0,119.0,28.91
730.931,0.67503,1.141,100.0,119.0,28.91
731.031,0.6711,1.143,100.0,119.0,28.91
731.131,0.67221,1.145,100.0,119.0,28.96
731.231,0.66859,1.147,100.0,119.0,28.96
731.331,0.66812,1.149,100.0,119.0,28.96
731.431,0.67317,1.15,100.0,119.0,29.0
731.531,0.67999,1.152,100.0,119.0,29.0
731.631,0.67995,1.154,100.0,119.0,29.0
731.731,0.68026,1.156,100.0,119.0,29.04
731.831,0.68922,1.158,100.0,119.0,29.04
731.931,0.69221,1.159,100.0,119.0,29.04
732.031,0.69227,1.161,100.0,119.0,29.03
732.131,0.69718,1.163,100.0,119.0,29.03
732.231,0.71016,1.165,100.0,119.0,29.03
732.331,0.73975,1.166,100.0,119.0,28.99
732.431,0.75817,1.168,100.0,119.0,28.99
732.531,0.76641,1.17,100.0,119.0,28.99
732.631,0.77727,1.172,100.0,119.0,29.03
732.73,0.78608,1.174,100.0,119.0,29.03
732.831,0.81608,1.175,100.0,119.0,29.03
732.931,0.83398,1.177,100.0,119.0,29.02
733.031,0.84987,1.179,100.0,119.0,29.02
733.131,0.85994,1.181,100.0,119.0,29.02
733.231,0.87834,1.183,100.0,119.0,28.98
733.331,0.89121,1.184,100.0,119.0,28.98
733.431,0.91604,1.186,100.0,119.0,28.98
733.531,0.93126,1.188,100.0,119.0,29.06
733.631,0.95102,1.19,100.0,119.0,29.06
733.731,0.95691,1.191,100.0,119.0,29.06
733.831,0.96353,1.193,100.0,119.0,29.01
733.931,0.97927,1.195,100.0,119.0,29.01
734.031,1.00847,1.197,100.0,119.0,29.01
734.131,1.01843,1.199,100.0,119.0,28.97
734.231,1.03896,1.2,100.0,119.0,28.97
734.331,1.05291,1.202,100.0,119.0,28.97
734.431,1.06403,1.204,100.0,119.0,28.98
734.531,1.08842,1.206,100.0,119.0,28.98
734.631,1.10938,1.208,100.0,119.0,28.98
734.731,1.12384,1.209,100.0,119.0,28.98
734.831,1.13903,1.211,100.0,119.0,28.98
734.931,1.15838,1.213,100.0,119.0,28.98
735.031,1.17047,1.215,100.0,119.0,29.02
735.131,1.18094,1.217,100.0,119.0,29.02
735.231,1.21628,1.218,100.0,119.0,29.02
735.331,1.23145,1.22,100.0,119.0,29.06
735.431,1.24925,1.222,100.0,119.0,29.06
735.531,1.26624,1.224,100.0,119.0,29.06
735.631,1.28268,1.226,100.0,119.0,29.05
735.731,1.3177,1.227,100.0,119.0,29.05
735.831,1.33608,1.229,100.0,119.0,29.05
735.93,1.35623,1.231,100.0,119.0,29.0
736.031,1.3779,1.233,100.0,119.0,29.0
736.131,1.39746,1.234,100.0,119.0,29.0
736.231,1.41492,1.236,100.0,119.0,29.04
736.331,1.45555,1.238,100.0,119.0,29.04
736.431,1.46948,1.24,100.0,119.0,29.04
736.531,1.4869,1.242,100.0,119.0,29.07
736.631,1.50639,1.243,100.0,119.0,29.07
736.731,1.51984,1.245,100.0,119.0,29.07
736.831,1.54435,1.247,100.0,119.0,29.1
736.931,1.5793,1.249,100.0,119.0,29.1
737.031,1.60081,1.251,100.0,119.0,29.1
737.131,1.62008,1.252,100.0,119.0,29.08
737.231,1.63967,1.254,100.0,119.0,29.08
737.331,1.65944,1.256,100.0,119.0,29.08
737.431,1.6755,1.258,100.0,119.0,29.07
737.531,1.70118,1.26,100.0,119.0,29.07
737.631,1.72209,1.261,100.0,119.0,29.07
737.731,1.7332,1.263,100.0,119.0,29.06
737.831,1.74942,1.265,100.0,119.0,29.06
737.931,1.76243,1.267,100.0,119.0,29.06
738.031,1.77908,1.268,100.0,119.0,29.05
738.131,1.81511,1.27,100.0,119.0,29.05
738.231,1.83472,1.272,100.0,119.0,29.05
738.331,1.84966,1.274,100.0,119.0,29.08
738.431,1.87007,1.276,100.0,120.0,29.08
738.531,1.88813,1.277,100.0,119.0,29.08
738.631,1.90785,1.279,100.0,119.0,29.07
738.731,1.92211,1.281,100.0,119.0,29.07
738.831,1.94328,1.283,100.0,119.0,29.07
738.931,1.96315,1.285,100.0,119.0,29.1
739.031,1.98219,1.286,100.0,119.0,29.1
739.13,2.00087,1.288,100.0,119.0,29.1
739.231,2.02881,1.29,100.0,119.0,29.08
739.331,2.056,1.292,100.0,119.0,29.08
739.431,2.07399,1.293,100.0,119.0,29.08
739.531,2.08833,1.295,100.0,119.0,29.11
739.631,2.10384,1.297,100.0,119.0,29.11
739.731,2.11909,1.299,100.0,119.0,29.11
739.831,2.15714,1.301,100.0,119.0,29.13
739.931,2.17813,1.302,100.0,119.0,29.13
740.031,2.19254,1.304,100.0,119.0,29.13
740.131,2.21282,1.306,100.0,119.0,29.15
740.231,2.23587,1.308,100.0,119.0,29.15
740.331,2.25126,1.31,100.0,119.0,29.15
740.431,2.29375,1.311,100.0,119.0,29.09
740.531,2.31222,1.313,100.0,119.0,29.09
740.631,2.33035,1.315,100.0,119.0,29.09
740.731,2.35316,1.317,100.0,119.0,29.11
740.831,2.37678,1.318,100.0,119.0,29.11
740.931,2.39792,1.32,100.0,119.0,29.11
741.031,2.43747,1.322,100.0,119.0,29.13
741.131,2.45971,1.324,100.0,119.0,29.13
741.231,2.47943,1.326,100.0,119.0,29.13
741.331,2.49294,1.327,100.0,119.0,29.07
741.431,2.51648,1.329,100.0,119.0,29.07
741.531,2.55273,1.331,100.0,119.0,29.07
741.631,2.5721,1.333,100.0,119.0,29.1
741.731,2.59277,1.335,100.0,119.0,29.1
741.831,2.61742,1.336,100.0,119.0,29.1
741.931,2.63652,1.338,100.0,119.0,29.2
742.031,2.65621,1.34,100.0,119.0,29.2
742.131,2.70656,1.342,100.0,119.0,29.2
742.231,2.72243,1.343,100.0,119.0,29.21
742.33,2.74068,1.345,100.0,119.0,29.21
742.431,2.76295,1.347,100.0,119.0,29.21
742.531,2.78729,1.349,100.0,119.0,29.18
742.631,2.81098,1.351,100.0,119.0,29.18
742.731,2.84425,1.352,100.0,119.0,29.18
742.831,2.86603,1.354,100.0,119.0,29.19
742.931,2.89305,1.356,100.0,119.0,29.19
743.031,2.91573,1.358,100.0,119.0,29.19
743.131,2.94047,1.36,100.0,119.0,29.23
743.231,2.95221,1.361,100.0,119.0,29.23
743.331,2.99827,1.363,100.0,119.0,29.23
743.431,3.02074,1.365,100.0,119.0,29.31
743.531,3.04788,1.367,100.0,119.0,29.31
743.631,3.06902,1.369,100.0,119.0,29.31
743.731,3.09068,1.37,100.0,119.0,29.3
743.831,3.14169,1.372,100.0,119.0,29.3
743.931,3.16297,1.374,100.0,119.0,29.3
744.031,3.18052,1.376,100.0,119.0,29.26
744.131,3.20492,1.377,100.0,119.0,29.26
744.231,3.23692,1.379,100.0,119.0,29.26
744.331,3.25643,1.381,100.0,119.0,29.22
744.431,3.29982,1.383,100.0,119.0,29.22
744.531,3.32403,1.385,100.0,119.0,29.22
744.631,3.34724,1.386,100.0,119.0,29.26
744.731,3.37369,1.388,100.0,119.0,29.26
744.831,3.3942,1.39,100.0,119.0,29.26
744.931,3.41054,1.392,100.0,119.0,29.22
745.031,3.45478,1.394,100.0,119.0,29.22
745.131,3.47559,1.395,100.0,119.0,29.22
745.231,3.49105,1.397,100.0,119.0,29.15
745.331,3.50797,1.399,100.0,119.0,29.15
745.431,3.53378,1.401,100.0,119.0,29.15
745.53,3.5547,1.403,100.0,119.0,29.17
745.631,3.59299,1.404,100.0,119.0,29.17
745.731,3.61362,1.406,100.0,119.0,29.17
745.831,3.63108,1.408,100.0,119.0,29.18
745.931,3.65359,1.41,100.0,119.0,29.18
746.031,3.67504,1.412,100.0,119.0,29.18
746.131,3.68992,1.413,100.0,119.0,29.15
746.231,3.73198,1.415,100.0,119.0,29.15
746.331,3.74933,1.417,100.0,119.0,29.15
746.431,3.77195,1.419,100.0,119.0,29.13
746.531,3.78538,1.42,100.0,119.0,29.13
746.631,3.79273,1.422,100.0,119.0,29.13
746.731,3.82895,1.424,100.0,119.0,29.11
746.831,3.84008,1.426,100.0,119.0,29.11
746.931,3.85411,1.428,100.0,119.0,29.11
747.031,3.87522,1.429,100.0,119.0,29.13
747.131,3.89599,1.431,100.0,119.0,29.13
747.231,3.92153,1.433,100.0,119.0,29.13
747.331,3.96851,1.435,100.0,119.0,29.19
747.431,3.99128,1.437,100.0,119.0,29.19
747.531,4.00912,1.438,100.0,119.0,29.19
747.631,4.02045,1.44,100.0,119.0,29.27
747.731,4.03592,1.442,100.0,119.0,29.27
747.831,4.06233,1.444,100.0,119.0,29.27
747.931,4.10662,1.445,100.0,119.0,29.19
748.031,4.12679,1.447,100.0,119.0,29.19
748.131,4.14253,1.449,100.0,119.0,29.19
748.231,4.16231,1.451,100.0,119.0,29.24
748.331,4.18903,1.453,100.0,119.0,29.24
748.431,4.21341,1.454,100.0,119.0,29.24
748.531,4.25928,1.456,100.0,119.0,29.2
748.631,4.27527,1.458,100.0,119.0,29.2
748.73,4.29348,1.46,100.0,119.0,29.2
748.831,4.31204,1.462,100.0,119.0,29.21
748.931,4.32843,1.463,100.0,119.0,29.21
749.031,4.34835,1.465,100.0,119.0,29.21
749.131,4.38952,1.467,100.0,119.0,29.22
749.231,4.41187,1.469,100.0,119.0,29.22
749.331,4.43394,1.471,100.0,119.0,29.22
749.431,4.45169,1.472,100.0,119.0,29.22
749.531,4.47037,1.474,100.0,119.0,29.22
749.631,4.51101,1.476,100.0,119.0,29.22
749.731,4.52992,1.478,100.0,119.0,29.23
749.831,4.55357,1.48,100.0,119.0,29.23
749.931,4.57483,1.481,100.0,119.0,29.23
750.031,4.5932,1.483,100.0,119.0,29.19
750.131,4.61735,1.485,100.0,119.0,29.19
750.231,4.66143,1.487,100.0,119.0,29.19
750.331,4.68001,1.488,100.0,119.0,29.2
750.431,4.69872,1.49,100.0,119.0,29.2
750.531,4.72052,1.492,100.0,119.0,29.2
750.631,4.74179,1.494,100.0,119.0,29.21
750.731,4.76385,1.496,100.0,119.0,29.21
750.831,4.81808,1.497,100.0,119.0,29.21
750.931,4.84639,1.499,100.0,119.0,29.25
751.031,4.87097,1.501,100.0,119.0,29.25
751.131,4.89943,1.503,100.0,119.0,29.25
751.231,4.92457,1.505,100.0,119.0,29.25
751.331,4.94466,1.506,100.0,119.0,29.25
751.431,4.98842,1.508,100.0,119.0,29.25
751.531,5.01017,1.51,100.0,119.0,29.21
751.631,5.03743,1.512,100.0,119.0,29.21
751.731,5.06693,1.514,100.0,119.0,29.21
751.831,5.10096,1.515,100.0,119.0,29.22
751.93,5.12728,1.517,100.0,119.0,29.22
752.031,5.17326,1.519,100.0,119.0,29.22
752.131,5.20633,1.521,100.0,119.0,29.26
752.231,5.2367,1.523,100.0,119.0,29.26
752.331,5.26434,1.524,100.0,119.0,29.26
752.431,5.29406,1.526,100.0,119.0,29.26
752.531,5.34407,1.528,100.0,119.0,29.26
752.631,5.36316,1.53,100.0,119.0,29.26
752.731,5.38793,1.531,100.0,119.0,29.26
752.831,5.41347,1.533,100.0,119.0,29.26
752.931,5.44072,1.535,100.0,119.0,29.26
753.031,5.47087,1.537,100.0,119.0,29.29
753.131,5.52335,1.539,100.0,119.0,29.29
753.231,5.54902,1.54,100.0,119.0,29.29
753.331,5.57255,1.542,100.0,119.0,29.21
753.431,5.59647,1.544,100.0,119.0,29.21
753.531,5.6185,1.546,100.0,119.0,29.21
753.631,5.64196,1.548,100.0,119.0,29.18
753.731,5.70138,1.549,100.0,119.0,29.18
753.831,5.73348,1.551,100.0,119.0,29.18
753.931,5.75989,1.553,100.0,119.0,29.12
754.031,5.78633,1.555,100.0,119.0,29.12
754.131,5.80649,1.557,100.0,119.0,29.12
754.231,5.82917,1.558,100.0,119.0,29.1
754.331,5.88881,1.56,100.0,119.0,29.1
754.431,5.92418,1.562,100.0,119.0,29.1
754.531,5.94116,1.564,100.0,119.0,29.08
754.631,5.96801,1.565,100.0,119.0,29.08
754.731,6.00003,1.567,100.0,119.0,29.08
754.831,6.05834,1.569,100.0,119.0,29.07
754.931,6.08378,1.571,100.0,119.0,29.07
755.031,6.11089,1.573,100.0,119.0,29.07
755.13,6.13518,1.574,100.0,119.0,29.06
755.231,6.15923,1.576,100.0,119.0,29.06
755.331,6.19874,1.578,100.0,119.0,29.06
755.431,6.25015,1.58,100.0,119.0,29.05
755.531,6.28004,1.582,100.0,119.0,29.05
755.631,6.31673,1.583,100.0,119.0,29.05
755.731,6.34907,1.585,100.0,119.0,29.04
755.831,6.37399,1.587,100.0,119.0,29.04
755.931,6.40598,1.589,100.0,119.0,29.04
756.031,6.46986,1.591,100.0,119.0,29.07
756.131,6.49873,1.592,100.0,119.0,29.07
756.231,6.52825,1.594,100.0,119.0,29.07
756.331,6.55311,1.596,100.0,119.0,29.1
756.431,6.57421,1.598,100.0,119.0,29.1
756.531,6.60288,1.6,100.0,119.0,29.1
756.631,6.65366,1.601,100.0,119.0,29.16
756.731,6.68381,1.603,100.0,119.0,29.16
756.831,6.71431,1.605,100.0,119.0,29.16
756.931,6.741,1.607,100.0,119.0,29.14
757.031,6.77186,1.608,100.0,119.0,29.14
757.131,6.79984,1.61,100.0,119.0,29.14
757.231,6.8446,1.612,100.0,119.0,29.15
757.331,6.86693,1.614,100.0,119.0,29.15
757.431,6.89276,1.616,100.0,119.0,29.15
757.531,6.9147,1.617,100.0,119.0,29.17
757.631,6.94558,1.619,100.0,119.0,29.17
757.731,7.00147,1.621,100.0,119.0,29.17
757.831,7.01931,1.623,100.0,119.0,29.18
757.931,7.03981,1.625,100.0,119.0,29.18
758.031,7.07083,1.626,100.0,119.0,29.18
758.131,7.09734,1.628,100.0,119.0,29.15
758.231,7.1265,1.63,100.0,119.0,29.15
758.33,7.18114,1.632,100.0,119.0,29.15
758.431,7.2107,1.634,100.0,119.0,29.06
758.531,7.23614,1.635,100.0,119.0,29.06
758.631,7.26684,1.637,100.0,119.0,29.06
758.731,7.29472,1.639,100.0,119.0,29.08
758.831,7.31648,1.641,100.0,119.0,29.08
758.931,7.36843,1.642,100.0,119.0,29.08
759.031,7.39087,1.644,100.0,119.0,29.11
759.131,7.41999,1.646,100.0,119.0,29.11
759.231,7.4472,1.648,100.0,119.0,29.11
759.331,7.47605,1.65,100.0,119.0,29.13
759.431,7.49633,1.651,100.0,119.0,29.13
759.531,7.55441,1.653,100.0,119.0,29.13
759.631,7.58664,1.655,100.0,119.0,29.19
759.731,7.60774,1.657,100.0,119.0,29.19
759.831,7.62671,1.659,100.0,119.0,29.19
759.931,7.65707,1.66,100.0,119.0,29.2
760.031,7.68693,1.662,100.0,119.0,29.2
760.131,7.72639,1.664,100.0,119.0,29.2
760.231,7.74795,1.666,100.0,119.0,29.2
760.331,7.76404,1.668,100.0,119.0,29.2
760.431,7.79172,1.669,100.0,119.0,29.2
760.531,7.81433,1.671,100.0,119.0,29.14
760.631,7.86005,1.673,100.0,119.0,29.14
760.731,7.89085,1.675,100.0,119.0,29.14
760.831,7.91502,1.676,100.0,119.0,29.19
760.931,7.92723,1.678,100.0,119.0,29.19
761.031,7.94607,1.68,100.0,119.0,29.19
761.131,7.97182,1.682,100.0,119.0,29.2
761.231,8.00608,1.684,100.0,119.0,29.2
761.331,8.02773,1.685,100.0,120.0,29.2
761.431,8.04911,1.687,100.0,119.0,29.17
761.53,8.07573,1.689,100.0,119.0,29.17
761.631,8.09068,1.691,100.0,119.0,29.17
761.731,8.10667,1.692,100.0,119.0,29.14
761.831,8.15219,1.694,100.0,119.0,29.14
761.931,8.17445,1.696,100.0,119.0,29.14
762.031,8.19297,1.698,100.0,119.0,29.16
762.131,8.21545,1.7,100.0,119.0,29.16
762.231,8.24026,1.701,100.0,119.0,29.16
762.331,8.26274,1.703,100.0,119.0,29.21
762.431,8.30921,1.705,100.0,119.0,29.21
762.531,8.32984,1.707,100.0,119.0,29.21
762.631,8.34165,1.709,100.0,119.0,29.1
762.731,8.36582,1.71,100.0,119.0,29.1
762.831,8.39072,1.712,100.0,119.0,29.1
762.931,8.43264,1.714,100.0,119.0,29.09
763.031,8.45648,1.716,100.0,119.0,29.09
763.131,8.47466,1.718,100.0,119.0,29.09
763.231,8.4992,1.719,100.0,119.0,29.11
763.331,8.51817,1.721,100.0,119.0,29.11
763.431,8.54194,1.723,100.0,119.0,29.11
763.531,8.58248,1.725,100.0,119.0,29.13
763.631,8.60884,1.726,100.0,119.0,29.13
763.731,8.63317,1.728,100.0,119.0,29.13
763.831,8.6524,1.73,100.0,119.0,29.15
763.931,8.65873,1.732,100.0,119.0,29.15
764.031,8.67495,1.734,100.0,119.0,29.15
764.131,8.70993,1.735,100.0,119.0,29.13
764.231,8.73381,1.737,100.0,119.0,29.13
764.331,8.75333,1.739,100.0,119.0,29.13
764.431,8.77026,1.741,100.0,119.0,29.18
764.531,8.78797,1.743,100.0,119.0,29.18
764.631,8.80839,1.744,100.0,119.0,29.18
764.73,8.84105,1.746,100.0,119.0,29.19
764.831,8.85745,1.748,100.0,119.0,29.19
764.931,8.87235,1.75,100.0,119.0,29.19
765.031,8.89996,1.752,100.0,119.0,29.2
765.131,8.92622,1.753,100.0,119.0,29.2
765.231,8.93985,1.755,100.0,119.0,29.2
765.331,8.9699,1.757,100.0,119.0,29.28
765.431,8.99067,1.759,100.0,119.0,29.28
765.531,9.00658,1.761,100.0,119.0,29.28
765.631,9.02572,1.762,100.0,119.0,29.28
765.731,9.044,1.764,100.0,119.0,29.28
765.831,9.0809,1.766,100.0,119.0,29.28
765.931,9.10036,1.768,100.0,119.0,29.27
766.031,9.11952,1.769,100.0,119.0,29.27
766.131,9.13913,1.771,100.0,119.0,29.27
766.231,9.1574,1.773,100.0,119.0,29.23
766.331,9.17636,1.775,100.0,119.0,29.23
766.431,9.21039,1.777,100.0,119.0,29.23
766.531,9.23344,1.778,100.0,119.0,29.27
766.631,9.24722,1.78,100.0,119.0,29.27
766.731,9.26812,1.782,100.0,119.0,29.27
766.831,9.29319,1.784,100.0,119.0,29.31
766.931,9.31073,1.786,100.0,119.0,29.31
767.031,9.34064,1.787,100.0,119.0,29.31
767.131,9.36038,1.789,100.0,119.0,29.3
767.231,9.37987,1.791,100.0,119.0,29.3
767.331,9.40748,1.793,100.0,119.0,29.3
767.431,9.4247,1.795,100.0,119.0,29.33
767.531,9.44492,1.796,100.0,120.0,29.33
767.631,9.46973,1.798,100.0,119.0,29.33
767.731,9.47744,1.8,100.0,119.0,29.28
767.831,9.48854,1.802,100.0,119.0,29.28
767.93,9.51186,1.803,100.0,119.0,29.28
768.031,9.53187,1.805,100.0,119.0,29.28
768.131,9.55083,1.807,100.0,119.0,29.28
768.231,9.5901,1.809,100.0,119.0,29.28
768.331,9.60254,1.811,100.0,119.0,29.23
768.431,9.61778,1.812,100.0,119.0,29.23
768.531,9.63071,1.814,100.0,119.0,29.23
768.631,9.64811,1.816,100.0,119.0,29.24
768.731,9.67463,1.818,100.0,119.0,29.24
768.831,9.69074,1.82,100.0,119.0,29.24
768.931,9.72089,1.821,100.0,119.0,29.24
769.031,9.74277,1.823,100.0,119.0,29.24
769.131,9.75319,1.825,100.0,119.0,29.24
769.231,9.76591,1.827,100.0,119.0,29.24
769.331,9.79834,1.828,100.0,119.0,29.24
769.431,9.81782,1.83,100.0,119.0,29.24
769.531,9.82332,1.832,100.0,119.0,29.24
769.631,9.84231,1.834,100.0,119.0,29.24
769.731,9.86962,1.836,100.0,119.0,29.24
769.831,9.88684,1.837,100.0,119.0,29.24
769.931,9.90932,1.839,100.0,119.0,29.24
770.031,9.92814,1.841,100.0,119.0,29.24
770.131,9.93985,1.843,100.0,119.0,29.32
770.231,9.96033,1.845,100.0,119.0,29.32
770.331,9.97346,1.846,100.0,119.0,29.32
770.431,9.98839,1.848,100.0,119.0,29.31
770.531,10.03309,1.85,100.0,119.0,29.31
770.631,10.04452,1.852,100.0,119.0,29.31
770.731,10.05635,1.853,100.0,119.0,29.34
770.831,10.07466,1.855,100.0,119.0,29.34
770.931,10.08606,1.857,100.0,119.0,29.34
771.031,10.10139,1.859,100.0,119.0,29.36
771.13,10.13166,1.861,100.0,119.0,29.36
771.231,10.1455,1.862,100.0,119.0,29.36
771.331,10.16302,1.864,100.0,120.0,29.34
771.431,10.16692,1.866,100.0,119.0,29.34
771.531,10.17187,1.868,100.0,119.0,29.34
771.631,10.20114,1.869,100.0,119.0,29.33
771.731,10.21206,1.871,100.0,119.0,29.33
771.831,10.23053,1.873,100.0,119.0,29.33
771.931,10.24678,1.875,100.0,119.0,29.32
772.031,10.25584,1.876,100.0,119.0,29.32
772.131,10.25765,1.878,100.0,119.0,29.32
772.231,10.28246,1.88,100.0,119.0,29.31
772.331,10.29026,1.882,100.0,119.0,29.31
772.431,10.29607,1.883,100.0,119.0,29.31
772.531,10.30467,1.885,100.0,119.0,29.3
772.631,10.31789,1.887,100.0,119.0,29.3
772.731,10.32916,1.889,100.0,119.0,29.3
772.831,10.34684,1.89,100.0,119.0,29.25
772.931,10.35398,1.892,100.0,119.0,29.25
773.031,10.36218,1.894,100.0,119.0,29.25
773.131,10.36833,1.896,100.0,119.0,29.25
773.231,10.37711,1.898,100.0,119.0,29.25
773.331,10.38473,1.899,100.0,119.0,29.25
773.431,10.40725,1.901,100.0,119.0,29.25
773.531,10.41654,1.903,100.0,119.0,29.25
773.631,10.42375,1.905,100.0,119.0,29.25
773.731,10.43147,1.906,100.0,119.0,29.25
773.831,10.4464,1.908,100.0,119.0,29.25
773.931,10.45712,1.91,100.0,119.0,29.25
774.031,10.45691,1.912,100.0,119.0,29.29
774.131,10.4624,1.913,100.0,119.0,29.29
774.231,10.47201,1.915,100.0,119.0,29.29
774.33,10.47917,1.917,100.0,119.0,29.28
774.431,10.47701,1.919,100.0,119.0,29.28
774.531,10.49924,1.92,100.0,119.0,29.28
774.631,10.50613,1.922,100.0,119.0,29.32
774.731,10.51619,1.924,100.0,119.0,29.32
774.831,10.51463,1.926,100.0,119.0,29.32
774.931,10.5194,1.928,100.0,119.0,29.31
775.031,10.5289,1.929,100.0,119.0,29.31
775.131,10.53855,1.931,100.0,119.0,29.31
775.231,10.53093,1.933,100.0,119.0,29.34
775.331,10.5361,1.935,100.0,119.0,29.34
775.431,10.53792,1.936,100.0,119.0,29.34
775.531,10.53696,1.938,100.0,119.0,29.4
775.631,10.53828,1.94,100.0,119.0,29.4
775.731,10.55495,1.942,100.0,119.0,29.4
775.831,10.55781,1.943,100.0,119.0,29.38
775.931,10.56109,1.945,100.0,119.0,29.38
776.031,10.56223,1.947,100.0,119.0,29.38
776.131,10.55912,1.949,100.0,119.0,29.39
776.231,10.56027,1.95,100.0,119.0,29.39
776.331,10.56648,1.952,100.0,119.0,29.39
776.431,10.57472,1.954,100.0,119.0,29.37
776.531,10.58554,1.956,100.0,119.0,29.37
776.631,10.58976,1.957,100.0,119.0,29.37
776.731,10.58239,1.959,100.0,119.0,29.39
776.831,10.58762,1.961,100.0,119.0,29.39
776.931,10.58797,1.963,100.0,119.0,29.39
777.031,10.58959,1.965,100.0,119.0,29.41
777.131,10.5864,1.966,100.0,119.0,29.41
777.231,10.58854,1.968,100.0,119.0,29.41
777.331,10.59611,1.97,100.0,119.0,29.38
777.431,10.60988,1.972,100.0,119.0,29.38
777.53,10.61191,1.973,100.0,119.0,29.38
777.631,10.6147,1.975,100.0,119.0,29.36
777.731,10.6155,1.977,100.0,119.0,29.36
777.831,10.61657,1.979,100.0,119.0,29.36
777.931,10.6165,1.98,100.0,119.0,29.35
778.031,10.61912,1.982,100.0,119.0,29.35
778.131,10.62518,1.984,100.0,119.0,29.35
778.231,10.62382,1.986,100.0,119.0,29.37
778.331,10.63203,1.987,100.0,119.0,29.37
778.431,10.6277,1.989,100.0,119.0,29.37
778.531,10.62468,1.991,100.0,119.0,29.39
778.631,10.63286,1.993,100.0,119.0,29.39
778.731,10.64028,1.994,100.0,119.0,29.39
778.831,10.64415,1.996,100.0,119.0,29.37
778.931,10.64432,1.998,100.0,119.0,29.37
779.031,10.64196,2.0,100.0,119.0,29.37
779.131,10.63906,2.002,100.0,119.0,29.39
779.231,10.64043,2.003,100.0,119.0,29.39
779.331,10.63157,2.005,100.0,119.0,29.39
779.431,10.63196,2.007,100.0,119.0,29.37
779.531,10.64254,2.009,100.0,119.0,29.37
779.631,10.64348,2.01,100.0,119.0,29.37
779.731,10.64164,2.012,100.0,119.0,29.35
779.831,10.64091,2.014,100.0,119.0,29.35
779.931,10.63567,2.016,100.0,119.0,29.35
780.031,10.63634,2.017,100.0,119.0,29.33
780.131,10.64323,2.019,100.0,119.0,29.33
780.231,10.65137,2.021,100.0,119.0,29.33
780.331,10.64702,2.023,100.0,119.0,29.36
780.431,10.65087,2.024,100.0,119.0,29.36
780.531,10.65282,2.026,100.0,119.0,29.36
780.631,10.64519,2.028,100.0,119.0,29.38
780.73,10.6398,2.03,100.0,119.0,29.38
780.831,10.6423,2.032,100.0,119.0,29.38
780.931,10.64641,2.033,100.0,119.0,29.4
781.031,10.65135,2.035,100.0,119.0,29.4
781.131,10.65311,2.037,100.0,119.0,29.4
781.231,10.65272,2.039,100.0,119.0,29.45
781.331,10.65938,2.04,100.0,119.0,29.45
781.431,10.66369,2.042,100.0,119.0,29.45
781.531,10.66555,2.044,100.0,119.0,29.38
781.631,10.6616,2.046,100.0,119.0,29.38
781.731,10.65856,2.047,100.0,119.0,29.38
781.831,10.6591,2.049,100.0,119.0,29.36
781.931,10.66732,2.051,100.0,119.0,29.36
782.031,10.66833,2.053,100.0,119.0,29.36
782.131,10.65827,2.054,100.0,119.0,29.35
782.231,10.6725,2.056,100.0,119.0,29.35
782.331,10.68065,2.058,100.0,119.0,29.35
782.431,10.67804,2.06,100.0,119.0,29.37
782.531,10.68162,2.062,100.0,119.0,29.37
782.631,10.68071,2.063,100.0,119.0,29.37
782.731,10.67572,2.065,100.0,119.0,29.35
782.831,10.66521,2.067,100.0,119.0,29.35
782.931,10.66785,2.069,100.0,119.0,29.35
783.031,10.66813,2.07,100.0,119.0,29.41
783.131,10.66452,2.072,100.0,119.0,29.41
783.231,10.67305,2.074,100.0,119.0,29.41
783.331,10.66953,2.076,100.0,119.0,29.42
783.431,10.67285,2.077,100.0,119.0,29.42
783.531,10.67982,2.079,100.0,119.0,29.42
783.631,10.68065,2.081,100.0,119.0,29.4
783.731,10.67339,2.083,100.0,119.0,29.4
783.831,10.67782,2.084,100.0,119.0,29.4
783.93,10.68005,2.086,100.0,119.0,29.45
784.031,10.67658,2.088,100.0,119.0,29.45
784.131,10.67865,2.09,100.0,119.0,29.45
784.231,10.68829,2.092,100.0,119.0,29.5
784.331,10.6882,2.093,100.0,119.0,29.5
784.431,10.68894,2.095,100.0,119.0,29.5
784.531,10.68104,2.097,100.0,119.0,29.46
784.631,10.68108,2.099,100.0,119.0,29.46
784.731,10.68288,2.1,100.0,119.0,29.46
784.831,10.67928,2.102,100.0,119.0,29.39
784.931,10.68704,2.104,100.0,119.0,29.39
785.031,10.69417,2.106,100.0,119.0,29.39
785.131,10.68733,2.107,100.0,119.0,29.37
785.231,10.68783,2.109,100.0,119.0,29.37
785.331,10.69109,2.111,100.0,119.0,29.37
785.431,10.68954,2.113,100.0,119.0,29.39
785.531,10.69593,2.114,100.0,120.0,29.39
785.631,10.6888,2.116,100.0,119.0,29.39
785.731,10.69116,2.118,100.0,119.0,29.33
785.831,10.69999,2.12,100.0,119.0,29.33
785.931,10.69333,2.122,100.0,119.0,29.33
786.031,10.68909,2.123,100.0,119.0,29.28
786.131,10.6967,2.125,100.0,119.0,29.28
786.231,10.6954,2.127,100.0,119.0,29.28
786.331,10.68848,2.129,100.0,119.0,29.31
786.431,10.69595,2.13,100.0,119.0,29.31
786.531,10.70139,2.132,100.0,119.0,29.31
786.631,10.695,2.134,100.0,119.0,29.27
786.731,10.69257,2.136,100.0,119.0,29.27
786.831,10.69099,2.137,100.0,119.0,29.27
786.931,10.68715,2.139,100.0,119.0,29.3
787.031,10.68204,2.141,100.0,119.0,29.3
787.13,10.6861,2.143,100.0,119.0,29.3
787.231,10.69325,2.144,100.0,119.0,29.33
787.331,10.6991,2.146,100.0,119.0,29.33
787.431,10.69602,2.148,100.0,119.0,29.33
787.531,10.69722,2.15,100.0,119.0,29.36
787.631,10.69598,2.152,100.0,119.0,29.36
787.731,10.69268,2.153,100.0,119.0,29.36
787.831,10.69315,2.155,100.0,119.0,29.38
787.931,10.69682,2.157,100.0,119.0,29.38
788.031,10.7002,2.159,100.0,119.0,29.38
788.131,10.69991,2.16,100.0,119.0,29.43
788.231,10.69814,2.162,100.0,119.0,29.43
788.331,10.693,2.164,100.0,119.0,29.43
788.431,10.69506,2.166,100.0,119.0,29.44
788.531,10.68707,2.167,100.0,119.0,29.44
788.631,10.69405,2.169,100.0,119.0,29.44
788.731,10.69705,2.171,100.0,119.0,29.45
788.831,10.69476,2.173,100.0,119.0,29.45
788.931,10.69984,2.174,100.0,119.0,29.45
789.031,10.71217,2.176,100.0,119.0,29.5
789.131,10.70915,2.178,100.0,119.0,29.5
789.231,10.70515,2.18,100.0,119.0,29.5
789.331,10.70512,2.181,100.0,119.0,29.5
789.431,10.70508,2.183,100.0,119.0,29.5
789.531,10.70138,2.185,100.0,119.0,29.5
789.631,10.71018,2.187,100.0,119.0,29.54
789.731,10.70955,2.189,100.0,119.0,29.54
789.831,10.70661,2.19,100.0,119.0,29.54
789.931,10.71481,2.192,100.0,119.0,29.53
790.031,10.72007,2.194,100.0,119.0,29.53
790.131,10.71771,2.196,100.0,119.0,29.53
790.231,10.71576,2.197,100.0,119.0,29.53
790.33,10.71131,2.199,100.0,119.0,29.53
790.431,10.70961,2.201,100.0,119.0,29.53
790.531,10.7049,2.203,100.0,119.0,29.48
790.631,10.71252,2.204,100.0,119.0,29.48
790.731,10.71142,2.206,100.0,119.0,29.48
790.831,10.71124,2.208,100.0,119.0,29.49
790.931,10.70472,2.21,100.0,119.0,29.49
791.031,10.70583,2.211,100.0,119.0,29.49
791.131,10.70974,2.213,100.0,119.0,29.45
791.231,10.7165,2.215,100.0,119.0,29.45
791.331,10.70453,2.217,100.0,119.0,29.45
791.431,10.70332,2.219,100.0,119.0,29.46
791.531,10.70618,2.22,100.0,119.0,29.46
791.631,10.71467,2.222,100.0,119.0,29.46
791.731,10.71684,2.224,100.0,119.0,29.5
791.831,10.71464,2.226,100.0,119.0,29.5
791.931,10.70499,2.227,100.0,119.0,29.5
792.031,10.70577,2.229,100.0,119.0,29.54
792.131,10.70749,2.231,100.0,119.0,29.54
792.231,10.70668,2.233,100.0,119.0,29.54
792.331,10.70705,2.234,100.0,119.0,29.5
792.431,10.71083,2.236,100.0,119.0,29.5
792.531,10.71719,2.238,100.0,119.0,29.5
792.631,10.71843,2.24,100.0,119.0,29.53
792.731,10.71785,2.241,100.0,119.0,29.53
792.831,10.71976,2.243,100.0,119.0,29.53
792.931,10.72696,2.245,100.0,119.0,29.57
793.031,10.72079,2.247,100.0,119.0,29.57
793.131,10.71946,2.249,100.0,119.0,29.57
793.231,10.71694,2.25,100.0,119.0,29.59
793.331,10.72289,2.252,100.0,119.0,29.59
793.431,10.72445,2.254,100.0,119.0,29.59
793.53,10.72045,2.256,100.0,119.0,29.65
793.631,10.72161,2.257,100.0,119.0,29.65
793.731,10.7253,2.259,100.0,119.0,29.65
793.831,10.7246,2.261,100.0,119.0,29.67
793.931,10.72445,2.263,100.0,119.0,29.67
794.031,10.72853,2.264,100.0,119.0,29.67
794.131,10.73375,2.266,100.0,119.0,29.61
794.231,10.71902,2.268,100.0,119.0,29.61
794.331,10.71377,2.27,100.0,119.0,29.61
794.431,10.71508,2.271,100.0,119.0,29.59
794.531,10.72072,2.273,100.0,119.0,29.59
794.631,10.71822,2.275,100.0,119.0,29.59
794.731,10.71465,2.277,100.0,119.0,29.58
794.831,10.7262,2.279,100.0,119.0,29.58
794.931,10.72058,2.28,100.0,119.0,29.58
795.031,10.71934,2.282,100.0,119.0,29.57
795.131,10.71808,2.284,100.0,119.0,29.57
795.231,10.71245,2.286,100.0,119.0,29.57
795.331,10.7142,2.287,100.0,119.0,29.56
795.431,10.72775,2.289,100.0,119.0,29.56
795.531,10.71983,2.291,100.0,119.0,29.56
795.631,10.72433,2.293,100.0,119.0,29.62
795.731,10.72722,2.294,100.0,119.0,29.62
795.831,10.72041,2.296,100.0,119.0,29.62
795.931,10.71043,2.298,100.0,119.0,29.57
796.031,10.72058,2.3,100.0,119.0,29.57
796.131,10.7189,2.301,100.0,119.0,29.57
796.231,10.71905,2.303,100.0,119.0,29.56
796.331,10.72626,2.305,100.0,119.0,29.56
796.431,10.72548,2.307,100.0,119.0,29.56
796.531,10.72326,2.308,100.0,119.0,29.55
796.631,10.72166,2.31,100.0,119.0,29.55
796.73,10.73023,2.312,100.0,120.0,29.55
796.831,10.73204,2.314,100.0,119.0,29.47
796.931,10.72821,2.316,100.0,119.0,29.47
797.031,10.72704,2.317,100.0,119.0,29.47
797.131,10.73268,2.319,100.0,119.0,29.51
797.231,10.72901,2.321,100.0,119.0,29.51
797.331,10.72209,2.323,100.0,119.0,29.51
797.431,10.71952,2.324,100.0,119.0,29.51
797.531,10.72213,2.326,100.0,119.0,29.51
797.631,10.72556,2.328,100.0,119.0,29.51
797.731,10.73587,2.33,100.0,119.0,29.51
797.831,10.73429,2.331,100.0,119.0,29.51
797.931,10.7327,2.333,100.0,119.0,29.51
798.031,10.73211,2.335,100.0,119.0,29.51
798.131,10.7263,2.337,100.0,119.0,29.51
798.231,10.72138,2.338,100.0,119.0,29.51
798.331,10.73261,2.34,100.0,119.0,29.5
798.431,10.72477,2.342,100.0,119.0,29.5
798.531,10.72136,2.344,100.0,119.0,29.5
798.631,10.71902,2.346,100.0,119.0,29.54
798.731,10.72817,2.347,100.0,119.0,29.54
798.831,10.7215,2.349,100.0,119.0,29.54
798.931,10.72595,2.351,100.0,119.0,29.57
799.031,10.729,2.353,100.0,119.0,29.57
799.131,10.73074,2.354,100.0,119.0,29.57
799.231,10.72535,2.356,100.0,119.0,29.6
799.331,10.73049,2.358,100.0,119.0,29.6
799.431,10.73089,2.36,100.0,119.0,29.6
799.531,10.7333,2.361,100.0,119.0,29.58
799.631,10.73066,2.363,100.0,119.0,29.58
799.731,10.72147,2.365,100.0,119.0,29.58
799.831,10.71603,2.367,100.0,119.0,29.57
799.93,10.7179,2.368,100.0,119.0,29.57
800.031,10.71895,2.37,100.0,119.0,29.57
800.131,10.72467,2.372,100.0,119.0,29.6
800.231,10.73231,2.374,100.0,119.0,29.6
800.331,10.73782,2.376,100.0,119.0,29.6
800.431,10.73761,2.377,100.0,119.0,29.55
800.531,10.73236,2.379,100.0,119.0,29.55
800.631,10.73916,2.381,100.0,119.0,29.55
800.731,10.74028,2.383,100.0,119.0,29.54
800.831,10.7351,2.384,100.0,119.0,29.54
800.931,10.73259,2.386,100.0,119.0,29.54
801.031,10.73325,2.388,100.0,119.0,29.53
801.131,10.73521,2.39,100.0,119.0,29.53
801.231,10.73949,2.391,100.0,119.0,29.53
801.331,10.73203,2.393,100.0,119.0,29.57
801.431,10.73587,2.395,100.0,119.0,29.57
801.531,10.73427,2.397,100.0,119.0,29.57
801.631,10.7276,2.398,100.0,119.0,29.59
801.731,10.74076,2.4,100.0,119.0,29.59
801.831,10.7392,2.402,100.0,119.0,29.59
801.931,10.73312,2.404,100.0,119.0,29.62
802.031,10.73036,2.405,100.0,119.0,29.62
802.131,10.73435,2.407,100.0,119.0,29.62
802.231,10.73723,2.409,100.0,119.0,29.6
802.331,10.73257,2.411,100.0,119.0,29.6
802.431,10.728,2.413,100.0,119.0,29.6
802.531,10.73344,2.414,100.0,119.0,29.62
802.631,10.7312,2.416,100.0,119.0,29.62
802.731,10.72813,2.418,100.0,119.0,29.62
802.831,10.7348,2.42,100.0,119.0,29.68
802.931,10.7282,2.421,100.0,119.0,29.68
803.031,10.72901,2.423,100.0,119.0,29.68
803.13,10.73399,2.425,100.0,119.0,29.65
803.231,10.73283,2.427,100.0,119.0,29.65
803.331,10.73036,2.428,100.0,119.0,29.65
803.431,10.73696,2.43,100.0,119.0,29.63
803.531,10.73119,2.432,100.0,119.0,29.63
803.631,10.72716,2.434,100.0,119.0,29.63
803.731,10.72915,2.435,100.0,119.0,29.65
803.831,10.72375,2.437,100.0,119.0,29.65
803.931,10.72198,2.439,100.0,119.0,29.65
804.031,10.72799,2.441,100.0,119.0,29.63
804.131,10.73498,2.443,100.0,119.0,29.63
804.231,10.73495,2.444,100.0,119.0,29.63
804.331,10.74247,2.446,100.0,119.0,29.64
804.431,10.74249,2.448,100.0,119.0,29.64
804.531,10.72952,2.45,100.0,119.0,29.64
804.631,10.74027,2.451,100.0,119.0,29.62
804.731,10.74184,2.453,100.0,119.0,29.62
804.831,10.73583,2.455,100.0,119.0,29.62
804.931,10.73344,2.457,100.0,119.0,29.57
805.031,10.73519,2.458,100.0,119.0,29.57
805.131,10.73787,2.46,100.0,119.0,29.57
805.231,10.73914,2.462,100.0,119.0,29.56
805.331,10.73698,2.464,100.0,119.0,29.56
805.431,10.7412,2.465,100.0,119.0,29.56
805.531,10.74435,2.467,100.0,119.0,29.59
805.631,10.73706,2.469,100.0,119.0,29.59
805.731,10.73558,2.471,100.0,119.0,29.59
805.831,10.72788,2.472,100.0,119.0,29.5
805.931,10.73396,2.474,100.0,119.0,29.5
806.031,10.73216,2.476,100.0,119.0,29.5
806.131,10.72423,2.478,100.0,119.0,29.54
806.231,10.7292,2.48,100.0,119.0,29.54
806.33,10.73167,2.481,100.0,119.0,29.54
806.431,10.72653,2.483,100.0,119.0,29.61
806.531,10.72585,2.485,100.0,119.0,29.61
806.631,10.73462,2.487,100.0,119.0,29.61
806.731,10.72966,2.488,100.0,119.0,29.59
806.831,10.72418,2.49,100.0,119.0,29.59
806.931,10.72952,2.492,100.0,119.0,29.59
807.031,10.7383,2.494,100.0,119.0,29.61
807.131,10.74652,2.495,100.0,119.0,29.61
807.231,10.73603,2.497,100.0,119.0,29.61
807.331,10.73144,2.499,100.0,119.0,29.63
807.431,10.73262,2.501,100.0,119.0,29.63
807.531,10.73829,2.502,100.0,119.0,29.63
807.631,10.73656,2.504,100.0,119.0,29.65
807.731,10.72979,2.506,100.0,119.0,29.65
807.831,10.73255,2.508,100.0,119.0,29.65
807.931,10.73265,2.51,100.0,119.0,29.63
808.031,10.72947,2.511,100.0,119.0,29.63
808.131,10.73789,2.513,100.0,119.0,29.63
808.231,10.73952,2.515,100.0,119.0,29.68
808.331,10.73583,2.517,100.0,119.0,29.68
808.431,10.73412,2.518,100.0,119.0,29.68
808.531,10.73746,2.52,100.0,119.0,29.66
808.631,10.74029,2.522,100.0,119.0,29.66
808.731,10.73678,2.524,100.0,119.0,29.66
808.831,10.7371,2.525,100.0,119.0,29.63
808.931,10.74227,2.527,100.0,119.0,29.63
809.031,10.74409,2.529,100.0,119.0,29.63
809.131,10.73775,2.531,100.0,119.0,29.58
809.231,10.73449,2.532,100.0,119.0,29.58
809.331,10.74246,2.534,100.0,119.0,29.58
809.431,10.73572,2.536,100.0,119.0,29.56
809.53,10.72793,2.538,100.0,119.0,29.56
809.631,10.72411,2.54,100.0,119.0,29.56
809.731,10.72649,2.541,100.0,119.0,29.55
809.831,10.72925,2.543,100.0,119.0,29.55
809.931,10.72817,2.545,100.0,119.0,29.55
810.031,10.73216,2.547,100.0,119.0,29.55
810.131,10.73896,2.548,100.0,119.0,29.55
810.231,10.74111,2.55,100.0,119.0,29.55
810.331,10.72832,2.552,100.0,119.0,29.54
810.431,10.72657,2.554,100.0,119.0,29.54
810.531,10.73068,2.555,100.0,119.0,29.54
810.631,10.73251,2.557,100.0,119.0,29.46
810.731,10.72937,2.559,100.0,119.0,29.46
810.831,10.72756,2.561,100.0,119.0,29.46
810.931,10.73355,2.562,100.0,119.0,29.46
811.031,10.73063,2.564,100.0,119.0,29.46
811.131,10.72603,2.566,100.0,119.0,29.46
811.231,10.73137,2.568,100.0,119.0,29.51
811.331,10.73196,2.57,100.0,119.0,29.51
811.431,10.72949,2.571,100.0,119.0,29.51
811.531,10.73265,2.573,100.0,119.0,29.51
811.631,10.72603,2.575,100.0,119.0,29.51
811.731,10.73327,2.577,100.0,119.0,29.51
811.831,10.72913,2.578,100.0,119.0,29.51
811.931,10.72945,2.58,100.0,119.0,29.51
812.031,10.73872,2.582,100.0,119.0,29.51
812.131,10.73611,2.584,100.0,119.0,29.5
812.231,10.73788,2.585,100.0,119.0,29.5
812.331,10.73498,2.587,100.0,119.0,29.5
812.431,10.7414,2.589,100.0,119.0,29.5
812.531,10.7405,2.591,100.0,119.0,29.5
812.631,10.72954,2.592,100.0,119.0,29.5
812.73,10.72867,2.594,100.0,119.0,29.5
812.831,10.72587,2.596,100.0,119.0,29.5
812.931,10.72965,2.598,100.0,119.0,29.5
813.031,10.73658,2.599,100.0,119.0,29.47
813.131,10.73534,2.601,100.0,119.0,29.47
813.231,10.73366,2.603,100.0,119.0,29.47
813.331,10.72633,2.605,100.0,119.0,29.55
813.431,10.72043,2.607,100.0,119.0,29.55
813.531,10.71914,2.608,100.0,119.0,29.55
813.631,10.72517,2.61,100.0,119.0,29.54
813.731,10.72692,2.612,100.0,119.0,29.54
813.831,10.72351,2.614,100.0,119.0,29.54
813.931,10.72798,2.615,100.0,119.0,29.53
814.031,10.73491,2.617,100.0,119.0,29.53
814.131,10.73558,2.619,100.0,119.0,29.53
814.231,10.7263,2.621,100.0,119.0,29.6
814.331,10.72144,2.622,100.0,119.0,29.6
814.431,10.72793,2.624,100.0,119.0,29.6
814.531,10.71415,2.626,100.0,119.0,29.66
814.631,10.71413,2.628,100.0,119.0,29.66
814.731,10.72874,2.629,100.0,119.0,29.66
814.831,10.73373,2.631,100.0,119.0,29.68
814.931,10.72476,2.633,100.0,119.0,29.68
815.031,10.7236,2.635,100.0,119.0,29.68
815.131,10.72793,2.636,100.0,119.0,29.72
815.231,10.72478,2.638,100.0,119.0,29.72
815.331,10.72202,2.64,100.0,119.0,29.72
815.431,10.71826,2.642,100.0,119.0,29.73
815.531,10.72412,2.644,100.0,119.0,29.73
815.631,10.72994,2.645,100.0,119.0,29.73
815.731,10.73054,2.647,100.0,119.0,29.69
815.831,10.73445,2.649,100.0,119.0,29.69
815.93,10.73808,2.651,100.0,119.0,29.69
816.031,10.73143,2.652,100.0,119.0,29.63
816.131,10.72813,2.654,100.0,119.0,29.63
816.231,10.72127,2.656,100.0,119.0,29.63
816.331,10.71925,2.658,100.0,119.0,29.61
816.431,10.72151,2.659,100.0,119.0,29.61
816.531,10.72819,2.661,100.0,119.0,29.61
816.631,10.73022,2.663,100.0,119.0,29.63
816.731,10.72695,2.665,100.0,119.0,29.63
816.831,10.73615,2.666,100.0,119.0,29.63
816.931,10.73841,2.668,100.0,119.0,29.65
817.031,10.72763,2.67,100.0,119.0,29.65
817.131,10.72564,2.672,100.0,119.0,29.65
817.231,10.73023,2.674,100.0,119.0,29.66
817.331,10.72593,2.675,100.0,119.0,29.66
817.431,10.72147,2.677,100.0,119.0,29.66
817.531,10.72849,2.679,100.0,119.0,29.68
817.631,10.72687,2.681,100.0,119.0,29.68
817.731,10.72655,2.682,100.0,119.0,29.68
817.831,10.72735,2.684,100.0,119.0,29.69
817.931,10.73188,2.686,100.0,119.0,29.69
818.031,10.7293,2.688,100.0,119.0,29.69
818.131,10.72887,2.689,100.0,119.0,29.7
818.231,10.72694,2.691,100.0,119.0,29.7
818.331,10.71876,2.693,100.0,119.0,29.7
818.431,10.71567,2.695,100.0,119.0,29.7
818.531,10.72241,2.696,100.0,119.0,29.7
818.631,10.72473,2.698,100.0,119.0,29.7
818.731,10.72325,2.7,100.0,119.0,29.71
818.831,10.72303,2.702,100.0,119.0,29.71
818.931,10.72735,2.703,100.0,119.0,29.71
819.031,10.71996,2.705,100.0,119.0,29.72
819.13,10.72423,2.707,100.0,119.0,29.72
819.231,10.72076,2.709,100.0,119.0,29.72
819.331,10.72492,2.711,100.0,119.0,29.76
819.431,10.72846,2.712,100.0,119.0,29.76
819.531,10.72998,2.714,100.0,119.0,29.76
819.631,10.72383,2.716,100.0,119.0,29.8
819.731,10.71966,2.718,100.0,119.0,29.8
819.831,10.72417,2.719,100.0,119.0,29.8
819.931,10.72062,2.721,100.0,119.0,29.75
820.031,10.72486,2.723,100.0,119.0,29.75
820.131,10.73085,2.725,100.0,119.0,29.75
820.231,10.72966,2.726,100.0,119.0,29.75
820.331,10.71776,2.728,100.0,119.0,29.75
820.431,10.7257,2.73,100.0,119.0,29.75
820.531,10.72489,2.732,100.0,119.0,29.75
820.631,10.72356,2.733,100.0,119.0,29.75
820.731,10.72615,2.735,100.0,119.0,29.75
820.831,10.72546,2.737,100.0,119.0,29.75
820.931,10.71857,2.739,100.0,119.0,29.75
821.031,10.71342,2.741,100.0,119.0,29.75
821.131,10.71048,2.742,100.0,119.0,29.71
821.231,10.71086,2.744,100.0,119.0,29.71
821.331,10.71188,2.746,100.0,119.0,29.71
821.431,10.71199,2.748,100.0,119.0,29.79
821.531,10.71799,2.749,100.0,119.0,29.79
821.631,10.72566,2.751,100.0,119.0,29.79
821.731,10.72187,2.753,100.0,119.0,29.82
821.831,10.71566,2.755,100.0,119.0,29.82
821.931,10.71954,2.756,100.0,119.0,29.82
822.031,10.71717,2.758,100.0,119.0,29.81
822.131,10.72281,2.76,100.0,119.0,29.81
822.231,10.72055,2.762,100.0,119.0,29.81
822.33,10.71795,2.763,100.0,119.0,29.84
822.431,10.71495,2.765,100.0,119.0,29.84
822.531,10.71279,2.767,100.0,119.0,29.84
822.631,10.71404,2.769,100.0,119.0,29.83
822.731,10.71563,2.77,100.0,119.0,29.83
822.831,10.70682,2.772,100.0,119.0,29.83
822.931,10.70484,2.774,100.0,119.0,29.82
823.031,10.71422,2.776,100.0,119.0,29.82
823.131,10.72059,2.778,100.0,119.0,29.82
823.231,10.71839,2.779,100.0,119.0,29.77
823.331,10.71833,2.781,100.0,119.0,29.77
823.431,10.72042,2.783,100.0,119.0,29.77
823.531,10.71747,2.785,100.0,119.0,29.73
823.631,10.71307,2.786,100.0,119.0,29.73
823.731,10.71793,2.788,100.0,119.0,29.73
823.831,10.71574,2.79,100.0,119.0,29.77
823.931,10.71395,2.792,100.0,119.0,29.77
824.031,10.71917,2.793,100.0,119.0,29.77
824.131,10.71409,2.795,100.0,119.0,29.69
824.231,10.71723,2.797,100.0,119.0,29.69
824.331,10.7237,2.799,100.0,119.0,29.69
824.431,10.71958,2.8,100.0,119.0,29.74
824.531,10.71204,2.802,100.0,119.0,29.74
824.631,10.7115,2.804,100.0,119.0,29.74
824.731,10.72336,2.806,100.0,119.0,29.74
824.831,10.71435,2.807,100.0,119.0,29.74
824.931,10.70536,2.809,100.0,119.0,29.74
825.031,10.70479,2.811,100.0,119.0,29.78
825.131,10.70713,2.813,100.0,119.0,29.78
825.231,10.70266,2.814,100.0,119.0,29.78
825.331,10.70934,2.816,100.0,119.0,29.77
825.431,10.7133,2.818,100.0,119.0,29.77
825.53,10.70254,2.82,100.0,119.0,29.77
825.631,10.70653,2.821,100.0,119.0,29.77
825.731,10.70938,2.823,100.0,119.0,29.77
825.831,10.70216,2.825,100.0,119.0,29.77
825.931,10.69614,2.827,100.0,119.0,29.81
826.031,10.6942,2.828,100.0,119.0,29.81
826.131,10.70279,2.83,100.0,119.0,29.81
826.231,10.70012,2.832,100.0,119.0,29.8
826.331,10.69833,2.834,100.0,119.0,29.8
826.431,10.70797,2.835,100.0,119.0,29.8
826.531,10.71175,2.837,100.0,119.0,29.75
826.631,10.70269,2.839,100.0,119.0,29.75
826.731,10.70914,2.841,100.0,119.0,29.75
826.831,10.7122,2.842,100.0,119.0,29.79
826.931,10.7108,2.844,100.0,119.0,29.79
827.031,10.70519,2.846,100.0,119.0,29.79
827.131,10.69596,2.848,100.0,119.0,29.78
827.231,10.70362,2.85,100.0,119.0,29.78
827.331,10.70675,2.851,100.0,119.0,29.78
827.431,10.71086,2.853,100.0,119.0,29.78
827.531,10.70826,2.855,100.0,119.0,29.78
827.631,10.70168,2.857,100.0,119.0,29.78
827.731,10.69842,2.858,100.0,119.0,29.81
827.831,10.70351,2.86,100.0,119.0,29.81
827.931,10.70004,2.862,100.0,119.0,29.81
828.031,10.70447,2.864,100.0,119.0,29.8
828.131,10.7067,2.865,100.0,119.0,29.8
828.231,10.70958,2.867,100.0,119.0,29.8
828.331,10.70899,2.869,100.0,119.0,29.79
828.431,10.71069,2.871,100.0,119.0,29.79
828.531,10.70701,2.872,100.0,119.0,29.79
828.631,10.69848,2.874,100.0,119.0,29.83
828.73,10.6908,2.876,100.0,119.0,29.83
828.831,10.69241,2.878,100.0,119.0,29.83
828.931,10.6993,2.879,100.0,119.0,29.78
829.031,10.68507,2.881,100.0,119.0,29.78
829.131,10.68902,2.883,100.0,119.0,29.78
829.231,10.69248,2.885,100.0,119.0,29.81
829.331,10.68675,2.886,100.0,119.0,29.81
829.431,10.68357,2.888,100.0,119.0,29.81
829.531,10.6858,2.89,100.0,119.0,29.84
829.631,10.68103,2.892,100.0,119.0,29.84
829.731,10.68481,2.893,100.0,119.0,29.84
829.831,10.69325,2.895,100.0,119.0,29.79
829.931,10.69561,2.897,100.0,119.0,29.79
830.031,10.68973,2.899,100.0,119.0,29.79
830.131,10.68749,2.9,100.0,119.0,29.78
830.231,10.68493,2.902,100.0,119.0,29.78
830.331,10.68368,2.904,100.0,119.0,29.78
830.431,10.68965,2.906,100.0,119.0,29.85
830.531,10.68587,2.908,100.0,119.0,29.85
830.631,10.68231,2.909,100.0,119.0,29.85
830.731,10.68816,2.911,100.0,119.0,29.84
830.831,10.69451,2.913,100.0,119.0,29.84
830.931,10.68767,2.915,100.0,119.0,29.84
831.031,10.69165,2.916,100.0,119.0,29.86
831.131,10.69569,2.918,100.0,119.0,29.86
831.231,10.69498,2.92,100.0,119.0,29.86
831.331,10.68534,2.922,100.0,119.0,29.88
831.431,10.6891,2.923,100.0,119.0,29.88
831.531,10.68838,2.925,100.0,119.0,29.88
831.631,10.68439,2.927,100.0,119.0,29.9
831.731,10.68447,2.929,100.0,119.0,29.9
831.831,10.69158,2.93,100.0,119.0,29.9
831.93,10.689,2.932,100.0,119.0,29.91
832.031,10.68743,2.934,100.0,119.0,29.91
832.131,10.68753,2.936,100.0,119.0,29.91
832.231,10.6856,2.937,100.0,119.0,29.93
832.331,10.69133,2.939,100.0,119.0,29.93
832.431,10.683,2.941,100.0,119.0,29.93
832.531,10.68211,2.943,100.0,119.0,29.94
832.631,10.67762,2.944,100.0,119.0,29.94
832.731,10.67659,2.946,100.0,119.0,29.94
832.831,10.67811,2.948,100.0,119.0,29.91
832.931,10.67669,2.95,100.0,119.0,29.91
833.031,10.67085,2.951,100.0,119.0,29.91
833.131,10.67536,2.953,100.0,119.0,29.81
833.231,10.67453,2.955,100.0,119.0,29.81
833.331,10.67079,2.957,100.0,119.0,29.81
833.431,10.66865,2.958,100.0,119.0,29.84
833.531,10.67746,2.96,100.0,119.0,29.84
833.631,10.67669,2.962,100.0,119.0,29.84
833.731,10.67694,2.964,100.0,119.0,29.83
833.831,10.68069,2.965,100.0,119.0,29.83
833.931,10.67417,2.967,100.0,119.0,29.83
834.031,10.66197,2.969,100.0,119.0,29.89
834.131,10.66897,2.971,100.0,119.0,29.89
834.231,10.65893,2.972,100.0,119.0,29.89
834.331,10.66069,2.974,100.0,119.0,29.87
834.431,10.66448,2.976,100.0,119.0,29.87
834.531,10.66999,2.978,100.0,119.0,29.87
834.631,10.66864,2.979,100.0,119.0,29.89
834.731,10.66744,2.981,100.0,119.0,29.89
834.831,10.67555,2.983,100.0,119.0,29.89
834.931,10.67516,2.985,100.0,119.0,29.83
835.031,10.66825,2.986,100.0,119.0,29.83
835.13,10.6683,2.988,100.0,119.0,29.83
835.231,10.67025,2.99,100.0,119.0,29.89
835.331,10.6758,2.992,100.0,119.0,29.89
835.431,10.68331,2.993,100.0,119.0,29.89
835.531,10.67914,2.995,100.0,119.0,29.8
835.631,10.67498,2.997,100.0,119.0,29.8
835.731,10.6707,2.999,100.0,119.0,29.8
835.831,10.66987,3.0,100.0,119.0,29.86
835.931,10.66994,3.002,100.0,119.0,29.86
836.031,10.67259,3.004,100.0,119.0,29.86
836.131,10.67115,3.006,100.0,119.0,29.88
836.231,10.66519,3.007,100.0,119.0,29.88
836.331,10.65129,3.009,100.0,119.0,29.88
836.431,10.6526,3.011,100.0,119.0,29.94
836.531,10.64948,3.013,100.0,119.0,29.94
836.631,10.65464,3.014,100.0,119.0,29.94
836.731,10.66224,3.016,100.0,119.0,29.91
836.831,10.65458,3.018,100.0,119.0,29.91
836.931,10.64889,3.02,100.0,119.0,29.91
837.031,10.65434,3.022,100.0,119.0,29.96
837.131,10.65169,3.023,100.0,119.0,29.96
837.231,10.6554,3.025,100.0,119.0,29.96
837.331,10.65678,3.027,100.0,119.0,29.93
837.431,10.64905,3.029,100.0,119.0,29.93
837.531,10.64562,3.03,100.0,119.0,29.93
837.631,10.656,3.032,100.0,119.0,29.87
837.731,10.65413,3.034,100.0,119.0,29.87
837.831,10.65424,3.036,100.0,119.0,29.87
837.931,10.64315,3.037,100.0,119.0,29.85
838.031,10.64607,3.039,100.0,119.0,29.85
838.131,10.64354,3.041,100.0,119.0,29.85
838.231,10.64991,3.043,100.0,119.0,29.91
838.33,10.65279,3.044,100.0,119.0,29.91
838.431,10.64848,3.046,100.0,119.0,29.91
838.531,10.64739,3.048,100.0,119.0,29.92
838.631,10.64813,3.05,100.0,119.0,29.92
838.731,10.65105,3.052,100.0,119.0,29.92
838.831,10.65005,3.053,100.0,119.0,29.97
838.931,10.64866,3.055,100.0,119.0,29.97
839.031,10.64628,3.057,100.0,119.0,29.97
839.131,10.647,3.059,100.0,119.0,29.94
839.231,10.65339,3.06,100.0,119.0,29.94
839.331,10.65544,3.062,100.0,119.0,29.94
839.431,10.65115,3.064,100.0,119.0,29.99
839.531,10.65507,3.066,100.0,119.0,29.99
839.631,10.65529,3.067,100.0,119.0,29.99
839.731,10.65209,3.069,100.0,119.0,29.99
839.831,10.65224,3.071,100.0,119.0,29.99
839.931,10.64712,3.073,100.0,119.0,29.99
840.031,10.64453,3.074,100.0,119.0,29.99
840.131,10.63489,3.076,100.0,119.0,29.99
840.231,10.62852,3.078,100.0,119.0,29.99
840.331,10.62827,3.08,100.0,119.0,30.03
840.431,10.63334,3.081,100.0,119.0,30.03
840.531,10.63337,3.083,100.0,119.0,30.03
840.631,10.63879,3.085,100.0,119.0,30.02
840.731,10.63386,3.087,100.0,119.0,30.02
840.831,10.63929,3.089,100.0,119.0,30.02
840.931,10.63685,3.09,100.0,119.0,30.06
841.031,10.63455,3.092,100.0,119.0,30.06
841.131,10.63096,3.094,100.0,119.0,30.06
841.231,10.63026,3.096,100.0,119.0,30.01
841.331,10.63004,3.097,100.0,119.0,30.01
841.431,10.63403,3.099,100.0,119.0,30.01
841.53,10.63363,3.101,100.0,119.0,29.97
841.631,10.6268,3.103,100.0,119.0,29.97
841.731,10.621,3.104,100.0,119.0,29.97
841.831,10.62377,3.106,100.0,119.0,30.01
841.931,10.62247,3.108,100.0,119.0,30.01
842.031,10.62223,3.11,100.0,119.0,30.01
842.131,10.62011,3.111,100.0,119.0,29.97
842.231,10.62374,3.113,100.0,119.0,29.97
842.331,10.62759,3.115,100.0,119.0,29.97
842.431,10.62338,3.117,100.0,119.0,30.02
842.531,10.62254,3.118,100.0,119.0,30.02
842.631,10.61859,3.12,100.0,119.0,30.02
842.731,10.62065,3.122,100.0,119.0,30.05
842.831,10.62577,3.124,100.0,119.0,30.05
842.931,10.62209,3.125,100.0,119.0,30.05
843.031,10.61956,3.127,100.0,119.0,30.01
843.131,10.62118,3.129,100.0,119.0,30.01
843.231,10.621,3.131,100.0,119.0,30.01
843.331,10.62301,3.132,100.0,119.0,30.08
843.431,10.62199,3.134,100.0,119.0,30.08
843.531,10.62354,3.136,100.0,119.0,30.08
843.631,10.626,3.138,100.0,119.0,30.03
843.731,10.62226,3.139,100.0,119.0,30.03
843.831,10.62078,3.141,100.0,119.0,30.03
843.931,10.61876,3.143,100.0,119.0,29.99
844.031,10.60609,3.145,100.0,119.0,29.99
844.131,10.60067,3.147,100.0,119.0,29.99
844.231,10.60384,3.148,100.0,119.0,30.03
844.331,10.60817,3.15,100.0,119.0,30.03
844.431,10.60795,3.152,100.0,119.0,30.03
844.531,10.60834,3.154,100.0,119.0,30.06
844.631,10.59725,3.155,100.0,119.0,30.06
844.73,10.59949,3.157,100.0,119.0,30.06
844.831,10.5956,3.159,100.0,119.0,30.05
844.931,10.59995,3.161,100.0,119.0,30.05
845.031,10.59864,3.162,100.0,119.0,30.05
845.131,10.60094,3.164,100.0,119.0,30.12
845.231,10.59911,3.166,100.0,119.0,30.12
845.331,10.59644,3.168,100.0,119.0,30.12
845.431,10.5898,3.169,100.0,119.0,30.1
845.531,10.58786,3.171,100.0,119.0,30.1
845.631,10.5898,3.173,100.0,119.0,30.1
845.731,10.58561,3.175,100.0,119.0,30.09
845.831,10.58788,3.176,100.0,119.0,30.09
845.931,10.58494,3.178,100.0,119.0,30.09
846.031,10.58982,3.18,100.0,119.0,30.07
846.131,10.59315,3.182,100.0,119.0,30.07
846.231,10.59374,3.183,100.0,119.0,30.07
846.331,10.58544,3.185,100.0,119.0,30.06
846.431,10.58906,3.187,100.0,119.0,30.06
846.531,10.58604,3.189,100.0,119.0,30.06
846.631,10.59131,3.19,100.0,119.0,30.02
846.731,10.5948,3.192,100.0,119.0,30.02
846.831,10.59054,3.194,100.0,119.0,30.02
846.931,10.58967,3.196,100.0,119.0,30.05
847.031,10.58561,3.197,100.0,119.0,30.05
847.131,10.58414,3.199,100.0,119.0,30.05
847.231,10.58069,3.201,100.0,119.0,30.08
847.331,10.57525,3.203,100.0,119.0,30.08
847.431,10.57847,3.204,100.0,119.0,30.08
847.531,10.57854,3.206,100.0,119.0,30.03
847.631,10.57688,3.208,100.0,119.0,30.03
847.731,10.57093,3.21,100.0,119.0,30.03
847.831,10.57093,3.212,100.0,119.0,30.1
847.93,10.56988,3.213,100.0,119.0,30.1
848.031,10.56446,3.215,100.0,119.0,30.1
848.131,10.55944,3.217,100.0,119.0,30.12
848.231,10.55911,3.219,100.0,119.0,30.12
848.331,10.56427,3.22,100.0,119.0,30.12
848.431,10.56835,3.222,100.0,119.0,30.14
848.531,10.56935,3.224,100.0,119.0,30.14
848.631,10.56594,3.226,100.0,119.0,30.14
848.731,10.55897,3.227,100.0,119.0,30.12
848.831,10.55317,3.229,100.0,119.0,30.12
848.931,10.55441,3.231,100.0,119.0,30.12
849.031,10.55465,3.233,100.0,119.0,30.14
849.131,10.55513,3.234,100.0,119.0,30.14
849.231,10.54805,3.236,100.0,119.0,30.14
849.331,10.54179,3.238,100.0,119.0,30.19
849.431,10.54467,3.24,100.0,119.0,30.19
849.531,10.5467,3.241,100.0,119.0,30.19
849.631,10.54456,3.243,100.0,119.0,30.13
849.731,10.54154,3.245,100.0,119.0,30.13
849.831,10.55665,3.247,100.0,119.0,30.13
849.931,10.55694,3.248,100.0,119.0,30.18
850.031,10.5487,3.25,100.0,119.0,30.18
850.131,10.55087,3.252,100.0,119.0,30.18
850.231,10.5483,3.254,100.0,119.0,30.16
850.331,10.54665,3.255,100.0,119.0,30.16
850.431,10.55694,3.257,100.0,119.0,30.16
850.531,10.55217,3.259,100.0,119.0,30.17
850.631,10.54623,3.261,100.0,119.0,30.17
850.731,10.54383,3.263,100.0,119.0,30.17
850.831,10.54018,3.264,100.0,119.0,30.11
850.931,10.53669,3.266,100.0,119.0,30.11
851.031,10.54613,3.268,100.0,119.0,30.11
851.13,10.54337,3.27,100.0,119.0,30.09
851.231,10.54134,3.271,100.0,119.0,30.09
851.331,10.54254,3.273,100.0,119.0,30.09
851.431,10.5371,3.275,100.0,119.0,30.04
851.531,10.53079,3.277,100.0,119.0,30.04
851.631,10.52319,3.278,100.0,119.0,30.04
851.731,10.52709,3.28,100.0,119.0,30.0
851.831,10.52781,3.282,100.0,119.0,30.0
851.931,10.52256,3.284,100.0,119.0,30.0
852.031,10.51913,3.285,100.0,119.0,30.07
852.131,10.51242,3.287,100.0,119.0,30.07
852.231,10.51347,3.289,100.0,119.0,30.07
852.331,10.51179,3.291,100.0,119.0,30.1
852.431,10.51029,3.292,100.0,119.0,30.1
852.531,10.5136,3.294,100.0,119.0,30.1
852.631,10.51188,3.296,100.0,119.0,30.16
852.731,10.50754,3.298,100.0,119.0,30.16
852.831,10.50956,3.299,100.0,119.0,30.16
852.931,10.50936,3.301,100.0,119.0,30.21
853.031,10.50876,3.303,100.0,119.0,30.21
853.131,10.50251,3.305,100.0,119.0,30.21
853.231,10.49961,3.306,100.0,119.0,30.22
853.331,10.49746,3.308,100.0,119.0,30.22
853.431,10.49873,3.31,100.0,119.0,30.22
853.531,10.49676,3.312,100.0,119.0,30.22
853.631,10.50193,3.313,100.0,119.0,30.22
853.731,10.50789,3.315,100.0,119.0,30.22
853.831,10.51163,3.317,100.0,119.0,30.23
853.931,10.50327,3.319,100.0,119.0,30.23
854.031,10.49703,3.32,100.0,119.0,30.23
854.131,10.48574,3.322,100.0,119.0,30.19
854.231,10.49153,3.324,100.0,119.0,30.19
854.33,10.49396,3.326,100.0,119.0,30.19
854.431,10.49682,3.327,100.0,119.0,30.2
854.531,10.49655,3.329,100.0,119.0,30.2
854.631,10.49532,3.331,100.0,119.0,30.2
854.731,10.49464,3.333,100.0,119.0,30.13
854.831,10.48591,3.335,100.0,119.0,30.13
854.931,10.48668,3.336,100.0,119.0,30.13
855.031,10.48318,3.338,100.0,119.0,30.19
855.131,10.48742,3.34,100.0,119.0,30.19
855.231,10.48887,3.342,100.0,119.0,30.19
855.331,10.48499,3.343,100.0,119.0,30.23
855.431,10.48038,3.345,100.0,119.0,30.23
855.531,10.47374,3.347,100.0,119.0,30.23
855.631,10.46143,3.349,100.0,119.0,30.27
855.731,10.45734,3.35,100.0,119.0,30.27
855.831,10.46313,3.352,100.0,119.0,30.27
855.931,10.4628,3.354,100.0,119.0,30.23
856.031,10.45984,3.356,100.0,119.0,30.23
856.131,10.45516,3.357,100.0,119.0,30.23
856.231,10.45782,3.359,100.0,119.0,30.27
856.331,10.44813,3.361,100.0,119.0,30.27
856.431,10.44707,3.363,100.0,119.0,30.27
856.531,10.45941,3.364,100.0,119.0,30.23
856.631,10.45364,3.366,100.0,119.0,30.23
856.731,10.45386,3.368,100.0,119.0,30.23
856.831,10.45265,3.37,100.0,119.0,30.2
856.931,10.45306,3.371,100.0,119.0,30.2
857.031,10.4411,3.373,100.0,119.0,30.2
857.131,10.44497,3.375,100.0,119.0,30.24
857.231,10.44681,3.377,100.0,119.0,30.24
857.331,10.44474,3.378,100.0,119.0,30.24
857.431,10.44395,3.38,100.0,119.0,30.24
857.53,10.43362,3.382,100.0,119.0,30.24
857.631,10.43393,3.384,100.0,119.0,30.24
857.731,10.43818,3.385,100.0,119.0,30.21
857.831,10.44029,3.387,100.0,119.0,30.21
857.931,10.44406,3.389,100.0,119.0,30.21
858.031,10.43889,3.391,100.0,119.0,30.25
858.131,10.43786,3.393,100.0,119.0,30.25
858.231,10.44406,3.394,100.0,119.0,30.25
858.331,10.43846,3.396,100.0,119.0,30.25
858.431,10.43521,3.398,100.0,119.0,30.25
858.531,10.42313,3.4,100.0,119.0,30.25
858.631,10.42333,3.401,100.0,119.0,30.21
858.731,10.42932,3.403,100.0,119.0,30.21
858.831,10.43169,3.405,100.0,119.0,30.21
858.931,10.43142,3.407,100.0,119.0,30.22
859.031,10.42514,3.408,100.0,119.0,30.22
859.131,10.42313,3.41,100.0,119.0,30.22
859.231,10.41088,3.412,100.0,119.0,30.26
859.331,10.40171,3.414,100.0,119.0,30.26
859.431,10.40812,3.415,100.0,119.0,30.26
859.531,10.41026,3.417,100.0,119.0,30.26
859.631,10.39743,3.419,100.0,119.0,30.26
859.731,10.39667,3.421,100.0,119.0,30.26
859.831,10.39504,3.422,100.0,119.0,30.26
859.931,10.39275,3.424,100.0,119.0,30.26
860.031,10.39512,3.426,100.0,119.0,30.26
860.131,10.39091,3.428,100.0,119.0,30.26
860.231,10.39149,3.429,100.0,119.0,30.26
860.331,10.3992,3.431,100.0,119.0,30.26
860.431,10.39765,3.433,100.0,119.0,30.29
860.531,10.38916,3.435,100.0,119.0,30.29
860.631,10.38568,3.436,100.0,119.0,30.29
860.73,10.38746,3.438,100.0,119.0,30.29
860.831,10.37866,3.44,100.0,119.0,30.29
860.931,10.38212,3.442,100.0,119.0,30.29
861.031,10.38217,3.443,100.0,119.0,30.24
861.131,10.37786,3.445,100.0,119.0,30.24
861.231,10.37477,3.447,100.0,119.0,30.24
861.331,10.37737,3.449,100.0,119.0,30.28
861.431,10.38797,3.45,100.0,119.0,30.28
861.531,10.37272,3.452,100.0,119.0,30.28
861.631,10.37092,3.454,100.0,119.0,30.28
861.731,10.37902,3.456,100.0,119.0,30.28
861.831,10.37647,3.457,100.0,119.0,30.28
861.931,10.37332,3.459,100.0,119.0,30.27
862.031,10.37279,3.461,100.0,119.0,30.27
862.131,10.3669,3.463,100.0,119.0,30.27
862.231,10.35796,3.464,100.0,119.0,30.27
862.331,10.36664,3.466,100.0,119.0,30.27
862.431,10.36927,3.468,100.0,119.0,30.27
862.531,10.35788,3.47,100.0,119.0,30.27
862.631,10.36527,3.471,100.0,119.0,30.27
862.731,10.36672,3.473,100.0,119.0,30.27
862.831,10.36726,3.475,100.0,119.0,30.26
862.931,10.36238,3.477,100.0,119.0,30.26
863.031,10.35289,3.478,100.0,119.0,30.26
863.131,10.345,3.48,100.0,119.0,30.34
863.231,10.3367,3.482,100.0,119.0,30.34
863.331,10.33417,3.484,100.0,119.0,30.34
863.431,10.33276,3.485,100.0,119.0,30.36
863.531,10.32931,3.487,100.0,119.0,30.36
863.631,10.33084,3.489,100.0,119.0,30.36
863.731,10.33274,3.491,100.0,119.0,30.27
863.831,10.32828,3.492,100.0,119.0,30.27
863.93,10.32214,3.494,100.0,119.0,30.27
864.031,10.3218,3.496,100.0,119.0,30.3
864.131,10.32017,3.498,100.0,119.0,30.3
864.231,10.32233,3.5,100.0,119.0,30.3
864.331,10.3212,3.501,100.0,119.0,30.3
864.431,10.33095,3.503,100.0,119.0,30.3
864.531,10.32074,3.505,100.0,119.0,30.3
864.631,10.30989,3.507,100.0,119.0,30.21
864.731,10.30475,3.508,100.0,119.0,30.21
864.831,10.30346,3.51,100.0,119.0,30.21
864.931,10.3091,3.512,100.0,119.0,30.29
865.031,10.30617,3.514,100.0,119.0,30.29
865.131,10.31053,3.515,100.0,119.0,30.29
865.231,10.30431,3.517,100.0,119.0,30.33
865.331,10.30677,3.519,100.0,119.0,30.33
865.431,10.30934,3.521,100.0,119.0,30.33
865.531,10.3007,3.522,100.0,119.0,30.35
865.631,10.30138,3.524,100.0,119.0,30.35
865.731,10.30876,3.526,100.0,119.0,30.35
865.831,10.30934,3.528,100.0,119.0,30.34
865.931,10.30228,3.529,100.0,119.0,30.34
866.031,10.29774,3.531,100.0,119.0,30.34
866.131,10.29348,3.533,100.0,119.0,30.36
866.231,10.29035,3.535,100.0,119.0,30.36
866.331,10.2979,3.536,100.0,119.0,30.36
866.431,10.29882,3.538,100.0,119.0,30.42
866.531,10.28964,3.54,100.0,119.0,30.42
866.631,10.29557,3.542,100.0,119.0,30.42
866.731,10.29214,3.543,100.0,119.0,30.43
866.831,10.28299,3.545,100.0,119.0,30.43
866.931,10.26595,3.547,100.0,119.0,30.43
867.031,10.26207,3.549,100.0,119.0,30.44
867.13,10.26297,3.551,100.0,119.0,30.44
867.231,10.25551,3.552,100.0,119.0,30.44
867.331,10.26403,3.554,100.0,119.0,30.45
867.431,10.25925,3.556,100.0,119.0,30.45
867.531,10.25302,3.558,100.0,119.0,30.45
867.631,10.25439,3.559,100.0,119.0,30.42
867.731,10.25095,3.561,100.0,119.0,30.42
867.831,10.24664,3.563,100.0,119.0,30.42
867.931,10.24419,3.565,100.0,119.0,30.39
868.031,10.24817,3.566,100.0,119.0,30.39
868.131,10.24807,3.568,100.0,119.0,30.39
868.231,10.25339,3.57,100.0,119.0,30.41
868.331,10.25722,3.572,100.0,119.0,30.41
868.431,10.23375,3.573,100.0,119.0,30.41
868.531,10.23835,3.575,100.0,119.0,30.46
868.631,10.23768,3.577,100.0,119.0,30.46
868.731,10.23248,3.579,100.0,119.0,30.46
868.831,10.22926,3.581,100.0,119.0,30.5
868.931,10.234,3.582,100.0,119.0,30.5
869.031,10.23148,3.584,100.0,119.0,30.5
869.131,10.22733,3.586,100.0,119.0,30.5
869.231,10.23096,3.588,100.0,119.0,30.5
869.331,10.236,3.589,100.0,119.0,30.5
869.431,10.22752,3.591,100.0,119.0,30.54
869.531,10.2243,3.593,100.0,119.0,30.54
869.631,10.22173,3.595,100.0,119.0,30.54
869.731,10.22269,3.596,100.0,119.0,30.46
869.831,10.22972,3.598,100.0,119.0,30.46
869.931,10.22639,3.6,100.0,119.0,30.46
870.031,10.21978,3.602,100.0,119.0,30.43
870.131,10.22188,3.603,100.0,119.0,30.43
870.231,10.22106,3.605,100.0,119.0,30.43
870.33,10.21668,3.607,100.0,119.0,30.44
870.431,10.21079,3.609,100.0,119.0,30.44
870.531,10.20648,3.61,100.0,119.0,30.44
870.631,10.19937,3.612,100.0,119.0,30.41
870.731,10.19033,3.614,100.0,119.0,30.41
870.831,10.18514,3.616,100.0,119.0,30.41
870.931,10.17477,3.617,100.0,119.0,30.39
871.031,10.17678,3.619,100.0,119.0,30.39
871.131,10.17435,3.621,100.0,119.0,30.39
871.231,10.17836,3.623,100.0,119.0,30.37
871.331,10.17329,3.624,100.0,119.0,30.37
871.431,10.17329,3.626,100.0,119.0,30.37
871.531,10.1681,3.628,100.0,119.0,30.42
871.631,10.16026,3.63,100.0,119.0,30.42
871.731,10.16074,3.631,100.0,119.0,30.42
871.831,10.1645,3.633,100.0,119.0,30.44
871.931,10.16008,3.635,100.0,119.0,30.44
872.031,10.16026,3.637,100.0,119.0,30.44
872.131,10.16307,3.638,100.0,119.0,30.48
872.231,10.15636,3.64,100.0,119.0,30.48
872.331,10.15161,3.642,100.0,119.0,30.48
872.431,10.14661,3.644,100.0,119.0,30.49
872.531,10.14816,3.645,100.0,119.0,30.49
872.631,10.14645,3.647,100.0,119.0,30.49
872.731,10.14855,3.649,100.0,119.0,30.52
872.831,10.15001,3.651,100.0,119.0,30.52
872.931,10.14416,3.652,100.0,119.0,30.52
873.031,10.15335,3.654,100.0,119.0,30.48
873.131,10.14445,3.656,100.0,119.0,30.48
873.231,10.13082,3.658,100.0,119.0,30.48
873.331,10.12474,3.659,100.0,119.0,30.45
873.431,10.12643,3.661,100.0,119.0,30.45
873.53,10.12704,3.663,100.0,119.0,30.45
873.631,10.14178,3.665,100.0,119.0,30.42
873.731,10.13544,3.667,100.0,119.0,30.42
873.831,10.13006,3.668,100.0,119.0,30.42
873.931,10.12644,3.67,100.0,119.0,30.43
874.031,10.12764,3.672,100.0,119.0,30.43
874.131,10.13256,3.674,100.0,119.0,30.43
874.231,10.12509,3.675,100.0,119.0,30.4
874.331,10.12124,3.677,100.0,119.0,30.4
874.431,10.11438,3.679,100.0,119.0,30.4
874.531,10.10332,3.68,100.0,119.0,30.46
874.631,10.10077,3.682,100.0,119.0,30.46
874.731,10.09419,3.684,100.0,119.0,30.46
874.831,10.09512,3.686,100.0,119.0,30.5
874.931,10.09587,3.687,100.0,119.0,30.5
875.031,10.09035,3.689,100.0,119.0,30.5
875.131,10.09076,3.691,100.0,119.0,30.42
875.231,10.09521,3.693,100.0,119.0,30.42
875.331,10.0808,3.695,100.0,119.0,30.42
875.431,10.08486,3.696,100.0,119.0,30.47
875.531,10.08681,3.698,100.0,119.0,30.47
875.631,10.07809,3.7,100.0,119.0,30.47
875.731,10.07208,3.702,100.0,119.0,30.44
875.831,10.07579,3.703,100.0,119.0,30.44
875.931,10.07775,3.705,100.0,119.0,30.44
876.031,10.06849,3.707,100.0,119.0,30.37
876.131,10.06278,3.709,100.0,119.0,30.37
876.231,10.05883,3.71,100.0,119.0,30.37
876.331,10.05763,3.712,100.0,119.0,30.39
876.431,10.05886,3.714,100.0,119.0,30.39
876.531,10.05369,3.716,100.0,119.0,30.39
876.631,10.05895,3.717,100.0,119.0,30.45
876.73,10.06144,3.719,100.0,119.0,30.45
876.831,10.05035,3.721,100.0,119.0,30.45
876.931,10.0492,3.723,100.0,119.0,30.49
877.031,10.05009,3.724,100.0,119.0,30.49
877.131,10.0422,3.726,100.0,119.0,30.49
877.231,10.04683,3.728,100.0,119.0,30.53
877.331,10.05014,3.73,100.0,119.0,30.53
877.431,10.04943,3.731,100.0,119.0,30.53
877.531,10.04619,3.733,100.0,119.0,30.6
877.631,10.03708,3.735,100.0,119.0,30.6
877.731,10.03778,3.737,100.0,119.0,30.6
877.831,10.03666,3.738,100.0,119.0,30.59
877.931,10.03553,3.74,100.0,119.0,30.59
878.031,10.03074,3.742,100.0,119.0,30.59
878.131,10.03497,3.744,100.0,119.0,30.65
878.231,10.02517,3.745,100.0,119.0,30.65
878.331,10.01151,3.747,100.0,119.0,30.65
878.431,10.01036,3.749,100.0,119.0,30.66
878.531,10.00698,3.751,100.0,119.0,30.66
878.631,10.00619,3.752,100.0,119.0,30.66
878.731,10.00824,3.754,100.0,119.0,30.64
878.831,9.99667,3.756,100.0,119.0,30.64
878.931,10.00206,3.758,100.0,119.0,30.64
879.031,10.00168,3.76,100.0,119.0,30.62
879.131,9.99031,3.761,100.0,119.0,30.62
879.231,9.98673,3.763,100.0,119.0,30.62
879.331,9.98999,3.765,100.0,119.0,30.6
879.431,9.9905,3.767,100.0,119.0,30.6
879.531,9.98165,3.768,100.0,119.0,30.6
879.631,9.97556,3.77,100.0,119.0,30.62
879.731,9.98318,3.772,100.0,119.0,30.62
879.831,9.98629,3.774,100.0,119.0,30.62
879.93,9.96799,3.775,100.0,119.0,30.64
880.031,9.96917,3.777,100.0,119.0,30.64
880.131,9.96698,3.779,100.0,119.0,30.64
880.231,9.96478,3.781,100.0,119.0,30.62
880.331,9.96368,3.783,100.0,119.0,30.62
880.431,9.95962,3.784,100.0,119.0,30.62
880.531,9.9671,3.786,100.0,119.0,30.64
880.631,9.9684,3.788,100.0,119.0,30.64
880.731,9.96134,3.79,100.0,119.0,30.64
880.831,9.96307,3.791,100.0,119.0,30.58
880.931,9.96178,3.793,100.0,119.0,30.58
881.031,9.94649,3.795,100.0,119.0,30.58
881.131,9.94067,3.797,100.0,119.0,30.57
881.231,9.93837,3.799,100.0,119.0,30.57
881.331,9.93938,3.8,100.0,119.0,30.57
881.431,9.93663,3.802,100.0,119.0,30.6
881.531,9.9425,3.804,100.0,119.0,30.6
881.631,9.94255,3.806,100.0,119.0,30.6
881.731,9.93654,3.807,100.0,119.0,30.58
881.831,9.93575,3.809,100.0,119.0,30.58
881.931,9.93802,3.811,100.0,119.0,30.58
882.031,9.92971,3.813,100.0,119.0,30.61
882.131,9.92587,3.814,100.0,119.0,30.61
882.231,9.9134,3.816,100.0,119.0,30.61
882.331,9.90304,3.818,100.0,119.0,30.55
882.431,9.90382,3.82,100.0,119.0,30.55
882.531,9.90529,3.822,100.0,119.0,30.55
882.631,9.90936,3.823,100.0,119.0,30.51
882.731,9.90437,3.825,100.0,119.0,30.51
882.831,9.9021,3.827,100.0,119.0,30.51
882.931,9.89651,3.829,100.0,119.0,30.54
883.031,9.88953,3.83,100.0,119.0,30.54
883.13,9.88325,3.832,100.0,119.0,30.54
883.231,9.88762,3.834,100.0,119.0,30.5
883.331,9.88025,3.836,100.0,119.0,30.5
883.431,9.88065,3.837,100.0,119.0,30.5
883.531,9.88052,3.839,100.0,119.0,30.54
883.631,9.87101,3.841,100.0,119.0,30.54
883.731,9.86948,3.843,100.0,119.0,30.54
883.831,9.86627,3.844,100.0,119.0,30.57
883.931,9.85821,3.846,100.0,119.0,30.57
884.031,9.86728,3.848,100.0,119.0,30.57
884.131,9.86148,3.85,100.0,119.0,30.6
884.231,9.86315,3.852,100.0,119.0,30.6
884.331,9.86483,3.853,100.0,119.0,30.6
884.431,9.85977,3.855,100.0,119.0,30.51
884.531,9.85883,3.857,100.0,119.0,30.51
884.631,9.8486,3.859,100.0,119.0,30.51
884.731,9.84522,3.86,100.0,119.0,30.54
884.831,9.84201,3.862,100.0,119.0,30.54
884.931,9.84741,3.864,100.0,119.0,30.54
885.031,9.84861,3.866,100.0,119.0,30.57
885.131,9.8431,3.867,100.0,119.0,30.57
885.231,9.8311,3.869,100.0,119.0,30.57
885.331,9.8318,3.871,100.0,119.0,30.64
885.431,9.82975,3.873,100.0,119.0,30.64
885.531,9.83131,3.874,100.0,119.0,30.64
885.631,9.83284,3.876,100.0,119.0,30.54
885.731,9.83549,3.878,100.0,119.0,30.54
885.831,9.82853,3.88,100.0,119.0,30.54
885.931,9.81666,3.882,100.0,119.0,30.57
886.031,9.80229,3.883,100.0,119.0,30.57
886.131,9.79627,3.885,100.0,119.0,30.57
886.231,9.80004,3.887,100.0,119.0,30.6
886.33,9.79506,3.889,100.0,119.0,30.6
886.431,9.79349,3.89,100.0,119.0,30.6
886.531,9.79176,3.892,100.0,119.0,30.62
886.631,9.78315,3.894,100.0,119.0,30.62
886.731,9.78039,3.896,100.0,119.0,30.62
886.831,9.78098,3.898,100.0,119.0,30.57
886.931,9.78028,3.899,100.0,119.0,30.57
887.031,9.7724,3.901,100.0,119.0,30.57
887.131,9.76979,3.903,100.0,119.0,30.52
887.231,9.76833,3.905,100.0,119.0,30.52
887.331,9.76755,3.906,100.0,119.0,30.52
887.431,9.7622,3.908,100.0,119.0,30.48
887.531,9.75845,3.91,100.0,119.0,30.48
887.631,9.75704,3.912,100.0,119.0,30.48
887.731,9.75462,3.913,100.0,119.0,30.52
887.831,9.75585,3.915,100.0,119.0,30.52
887.931,9.75658,3.917,100.0,119.0,30.52
888.031,9.75651,3.919,100.0,119.0,30.52
888.131,9.7464,3.921,100.0,119.0,30.52
888.231,9.7441,3.922,100.0,119.0,30.52
888.331,9.74938,3.924,100.0,119.0,30.51
888.431,9.74048,3.926,100.0,119.0,30.51
888.531,9.73521,3.928,100.0,119.0,30.51
888.631,9.72988,3.929,100.0,119.0,30.59
888.731,9.73119,3.931,100.0,119.0,30.59
888.831,9.73073,3.933,100.0,119.0,30.59
888.931,9.72534,3.935,100.0,119.0,30.65
889.031,9.72083,3.936,100.0,119.0,30.65
889.131,9.72169,3.938,100.0,119.0,30.65
889.231,9.72587,3.94,100.0,119.0,30.63
889.331,9.71961,3.942,100.0,119.0,30.63
889.431,9.721,3.944,100.0,119.0,30.63
889.53,9.72372,3.945,100.0,119.0,30.61
889.631,9.71735,3.947,100.0,119.0,30.61
889.731,9.70438,3.949,100.0,119.0,30.61
889.831,9.69184,3.951,100.0,119.0,30.59
889.931,9.6852,3.952,100.0,119.0,30.59
890.031,9.68288,3.954,100.0,119.0,30.59
890.131,9.67816,3.956,100.0,119.0,30.58
890.231,9.67846,3.958,100.0,119.0,30.58
890.331,9.67905,3.959,100.0,119.0,30.58
890.431,9.6725,3.961,100.0,119.0,30.6
890.531,9.67083,3.963,100.0,119.0,30.6
890.631,9.66922,3.965,100.0,119.0,30.6
890.731,9.6683,3.966,100.0,119.0,30.66
890.831,9.668,3.968,100.0,119.0,30.66
890.931,9.65365,3.97,100.0,119.0,30.66
891.031,9.64801,3.972,100.0,119.0,30.6
891.131,9.65139,3.974,100.0,119.0,30.6
891.231,9.64598,3.975,100.0,119.0,30.6
891.331,9.64368,3.977,100.0,119.0,30.59
891.431,9.64756,3.979,100.0,119.0,30.59
891.531,9.63697,3.981,100.0,119.0,30.59
891.631,9.63501,3.982,100.0,119.0,30.57
891.731,9.63693,3.984,100.0,119.0,30.57
891.831,9.63572,3.986,100.0,119.0,30.57
891.931,9.63638,3.988,100.0,119.0,30.56
892.031,9.63434,3.989,100.0,119.0,30.56
892.131,9.63248,3.991,100.0,119.0,30.56
892.231,9.6233,3.993,100.0,119.0,30.63
892.331,9.61584,3.995,100.0,119.0,30.63
892.431,9.61262,3.997,100.0,119.0,30.63
892.531,9.61303,3.998,100.0,119.0,30.68
892.631,9.61105,4.0,100.0,119.0,30.68
892.73,9.61471,4.002,100.0,119.0,30.68
892.831,9.60583,4.004,100.0,119.0,30.66
892.931,9.60597,4.005,100.0,119.0,30.66
893.031,9.60883,4.007,100.0,119.0,30.66
893.131,9.60104,4.009,100.0,119.0,30.67
893.231,9.59636,4.011,100.0,119.0,30.67
893.331,9.59872,4.012,100.0,119.0,30.67
893.431,9.58794,4.014,100.0,119.0,30.64
893.531,9.58342,4.016,100.0,119.0,30.64
893.631,9.57773,4.018,100.0,119.0,30.64
893.731,9.57015,4.02,100.0,119.0,30.62
893.831,9.56464,4.021,100.0,119.0,30.62
893.931,9.56151,4.023,100.0,119.0,30.62
894.031,9.5572,4.025,100.0,119.0,30.72
894.131,9.55642,4.027,100.0,119.0,30.72
894.231,9.55855,4.028,100.0,119.0,30.72
894.331,9.55566,4.03,100.0,119.0,30.76
894.431,9.53734,4.032,100.0,119.0,30.76
894.531,9.53879,4.034,100.0,119.0,30.76
894.631,9.53383,4.036,100.0,119.0,30.76
894.731,9.53072,4.037,100.0,119.0,30.76
894.831,9.53268,4.039,100.0,119.0,30.76
894.931,9.53329,4.041,100.0,119.0,30.76
895.031,9.53151,4.043,100.0,119.0,30.76
895.131,9.52621,4.044,100.0,119.0,30.76
895.231,9.51885,4.046,100.0,119.0,30.76
895.331,9.5116,4.048,100.0,119.0,30.76
895.431,9.50925,4.05,100.0,119.0,30.76
895.531,9.50771,4.051,100.0,119.0,30.75
895.631,9.51,4.053,100.0,119.0,30.75
895.731,9.51158,4.055,100.0,119.0,30.75
895.831,9.50593,4.057,100.0,119.0,30.72
895.93,9.50022,4.059,100.0,119.0,30.72
896.031,9.50422,4.06,100.0,119.0,30.72
896.131,9.49758,4.062,100.0,119.0,30.76
896.231,9.49457,4.064,100.0,119.0,30.76
896.331,9.48542,4.066,100.0,119.0,30.76
896.431,9.48369,4.067,100.0,119.0,30.68
896.531,9.48113,4.069,100.0,119.0,30.68
896.631,9.47867,4.071,100.0,119.0,30.68
896.731,9.4826,4.073,100.0,119.0,30.66
896.831,9.46745,4.075,100.0,119.0,30.66
896.931,9.46717,4.076,100.0,119.0,30.66
897.031,9.47149,4.078,100.0,119.0,30.63
897.131,9.46699,4.08,100.0,119.0,30.63
897.231,9.46067,4.082,100.0,119.0,30.63
897.331,9.44685,4.083,100.0,119.0,30.69
897.431,9.43878,4.085,100.0,119.0,30.69
897.531,9.43023,4.087,100.0,119.0,30.69
897.631,9.43176,4.089,100.0,119.0,30.7
897.731,9.4281,4.091,100.0,119.0,30.7
897.831,9.42287,4.092,100.0,119.0,30.7
897.931,9.42828,4.094,100.0,119.0,30.74
898.031,9.41692,4.096,100.0,119.0,30.74
898.131,9.41425,4.098,100.0,119.0,30.74
898.231,9.41219,4.099,100.0,119.0,30.67
898.331,9.41974,4.101,100.0,119.0,30.67
898.431,9.41116,4.103,100.0,119.0,30.67
898.531,9.40588,4.105,100.0,119.0,30.68
898.631,9.40067,4.106,100.0,119.0,30.68
898.731,9.3967,4.108,100.0,119.0,30.68
898.831,9.39815,4.11,100.0,119.0,30.77
898.931,9.39131,4.112,100.0,119.0,30.77
899.031,9.38605,4.113,100.0,119.0,30.77
899.13,9.38033,4.115,100.0,119.0,30.76
899.231,9.38359,4.117,100.0,119.0,30.76
899.331,9.38239,4.119,100.0,119.0,30.76
899.431,9.38241,4.121,100.0,119.0,30.72
899.531,9.3863,4.122,100.0,119.0,30.72
899.631,9.37136,4.124,100.0,119.0,30.72
899.731,9.3701,4.126,100.0,119.0,30.73
899.831,9.36823,4.128,100.0,119.0,30.73
899.931,9.36502,4.129,100.0,119.0,30.73
900.031,9.36197,4.131,100.0,119.0,30.73
900.131,9.36147,4.133,100.0,119.0,30.73
900.231,9.357,4.135,100.0,119.0,30.73
900.331,9.34756,4.137,100.0,119.0,30.81
900.431,9.34501,4.138,100.0,119.0,30.81
900.531,9.35015,4.14,100.0,119.0,30.81
900.631,9.34858,4.142,100.0,119.0,30.8
900.731,9.34691,4.144,100.0,119.0,30.8
900.831,9.33954,4.145,100.0,119.0,30.8
900.931,9.34059,4.147,100.0,119.0,30.76
901.031,9.32894,4.149,100.0,119.0,30.76
901.131,9.31572,4.151,100.0,119.0,30.76
901.231,9.30954,4.153,100.0,119.0,30.79
901.331,9.2995,4.154,100.0,119.0,30.79
901.431,9.29861,4.156,100.0,119.0,30.79
901.531,9.29737,4.158,100.0,119.0,30.82
901.631,9.30263,4.16,100.0,119.0,30.82
901.731,9.30512,4.161,100.0,119.0,30.82
901.831,9.29671,4.163,100.0,119.0,30.77
901.931,9.28497,4.165,100.0,119.0,30.77
902.031,9.28187,4.167,100.0,119.0,30.77
902.131,9.28146,4.168,100.0,119.0,30.77
902.231,9.27882,4.17,100.0,119.0,30.77
902.33,9.27472,4.172,100.0,119.0,30.77
902.431,9.27027,4.174,100.0,119.0,30.84
902.531,9.26461,4.176,100.0,119.0,30.84
902.631,9.2597,4.177,100.0,119.0,30.84
902.731,9.25964,4.179,100.0,119.0,30.87
902.831,9.25904,4.181,100.0,119.0,30.87
902.931,9.25156,4.183,100.0,119.0,30.87
903.031,9.24888,4.184,100.0,119.0,30.89
903.131,9.24759,4.186,100.0,119.0,30.89
903.231,9.24677,4.188,100.0,119.0,30.89
903.331,9.24479,4.19,100.0,119.0,30.87
903.431,9.23587,4.191,100.0,119.0,30.87
903.531,9.23475,4.193,100.0,119.0,30.87
903.631,9.24151,4.195,100.0,119.0,30.89
903.731,9.22267,4.197,100.0,119.0,30.89
903.831,9.21456,4.199,100.0,119.0,30.89
903.931,9.21344,4.2,100.0,119.0,30.9
904.031,9.21336,4.202,100.0,119.0,30.9
904.131,9.21165,4.204,100.0,119.0,30.9
904.231,9.20795,4.206,100.0,119.0,30.92
904.331,9.20494,4.207,100.0,119.0,30.92
904.431,9.20606,4.209,100.0,119.0,30.92
904.531,9.20163,4.211,100.0,119.0,30.89
904.631,9.18852,4.213,100.0,119.0,30.89
904.731,9.19225,4.214,100.0,119.0,30.89
904.831,9.18632,4.216,100.0,119.0,30.87
904.931,9.17666,4.218,100.0,119.0,30.87
905.031,9.16447,4.22,100.0,119.0,30.87
905.131,9.15674,4.221,100.0,119.0,30.85
905.231,9.15942,4.223,100.0,119.0,30.85
905.331,9.16278,4.225,100.0,119.0,30.85
905.431,9.14427,4.227,100.0,119.0,30.8
905.53,9.1444,4.229,100.0,119.0,30.8
905.631,9.1416,4.23,100.0,119.0,30.8
905.731,9.13476,4.232,100.0,119.0,30.87
905.831,9.13406,4.234,100.0,119.0,30.87
905.931,9.13673,4.236,100.0,119.0,30.87
906.031,9.12395,4.237,100.0,119.0,30.85
906.131,9.12244,4.239,100.0,119.0,30.85
906.231,9.11634,4.241,100.0,119.0,30.85
906.331,9.11962,4.243,100.0,119.0,30.87
906.431,9.11467,4.244,100.0,119.0,30.87
906.531,9.10978,4.246,100.0,119.0,30.87
906.631,9.10187,4.248,100.0,119.0,30.89
906.731,9.09628,4.25,100.0,119.0,30.89
906.831,9.09722,4.252,100.0,119.0,30.89
906.931,9.09954,4.253,100.0,119.0,30.91
907.031,9.09721,4.255,100.0,118.0,30.91
907.131,9.09686,4.257,100.0,119.0,30.91
907.231,9.08514,4.259,100.0,119.0,30.88
907.331,9.07942,4.26,100.0,119.0,30.88
907.431,9.07772,4.262,100.0,119.0,30.88
907.531,9.07205,4.264,100.0,119.0,30.86
907.631,9.07116,4.266,100.0,119.0,30.86
907.731,9.06394,4.267,100.0,119.0,30.86
907.831,9.061,4.269,100.0,119.0,30.81
907.931,9.05704,4.271,100.0,119.0,30.81
908.031,9.05448,4.273,100.0,119.0,30.81
908.131,9.05638,4.275,100.0,119.0,30.84
908.231,9.05467,4.276,100.0,119.0,30.84
908.331,9.04939,4.278,100.0,119.0,30.84
908.431,9.05166,4.28,100.0,119.0,30.86
908.531,9.04314,4.282,100.0,119.0,30.86
908.631,9.03642,4.283,100.0,119.0,30.86
908.73,9.02221,4.285,100.0,119.0,30.88
908.831,9.00918,4.287,100.0,119.0,30.88
908.931,9.01321,4.289,100.0,119.0,30.88
909.031,9.01055,4.291,100.0,119.0,30.86
909.131,9.00659,4.292,100.0,119.0,30.86
909.231,9.00495,4.294,100.0,119.0,30.86
909.331,9.00236,4.296,100.0,119.0,30.73
909.431,8.99196,4.298,100.0,119.0,30.73
909.531,8.98282,4.299,100.0,119.0,30.73
909.631,8.97842,4.301,100.0,119.0,30.81
909.731,8.97211,4.303,100.0,119.0,30.81
909.831,8.97657,4.305,100.0,119.0,30.81
909.931,8.9769,4.306,100.0,119.0,30.88
910.031,8.97432,4.308,100.0,119.0,30.88
910.131,8.96535,4.31,100.0,119.0,30.88
910.231,8.95993,4.312,100.0,119.0,30.93
910.331,8.95357,4.314,100.0,119.0,30.93
910.431,8.94764,4.315,100.0,119.0,30.93
910.531,8.94597,4.317,100.0,119.0,30.91
910.631,8.94325,4.319,100.0,119.0,30.91
910.731,8.93571,4.321,100.0,119.0,30.91
910.831,8.93548,4.322,100.0,119.0,30.88
910.931,8.94085,4.324,100.0,119.0,30.88
911.031,8.93039,4.326,100.0,119.0,30.88
911.131,8.92848,4.328,100.0,119.0,30.94
911.231,8.91593,4.33,100.0,119.0,30.94
911.331,8.90835,4.331,100.0,119.0,30.94
911.431,8.90767,4.333,100.0,119.0,30.95
911.531,8.90414,4.335,100.0,118.0,30.95
911.631,8.91052,4.337,100.0,119.0,30.95
911.731,8.91026,4.338,100.0,119.0,30.95
911.831,8.8953,4.34,100.0,119.0,30.95
911.93,8.89591,4.342,100.0,119.0,30.95
912.031,8.88947,4.344,100.0,119.0,30.92
912.131,8.89062,4.346,100.0,119.0,30.92
912.231,8.88663,4.347,100.0,119.0,30.92
912.331,8.87477,4.349,100.0,119.0,30.94
912.431,8.86948,4.351,100.0,119.0,30.94
912.531,8.86292,4.353,100.0,119.0,30.94
912.631,8.85223,4.354,100.0,119.0,30.87
912.731,8.84488,4.356,100.0,119.0,30.87
912.831,8.84438,4.358,100.0,119.0,30.87
912.931,8.84556,4.36,100.0,119.0,30.89
913.031,8.84423,4.361,100.0,119.0,30.89
913.131,8.83195,4.363,100.0,119.0,30.89
913.231,8.82255,4.365,100.0,119.0,30.94
913.331,8.82066,4.367,100.0,119.0,30.94
913.431,8.81948,4.368,100.0,119.0,30.94
913.531,8.8118,4.37,100.0,119.0,30.91
913.631,8.81342,4.372,100.0,119.0,30.91
913.731,8.81139,4.374,100.0,119.0,30.91
913.831,8.80122,4.376,100.0,119.0,30.89
913.931,8.8,4.377,100.0,119.0,30.89
914.031,8.80225,4.379,100.0,119.0,30.89
914.131,8.79157,4.381,100.0,119.0,30.91
914.231,8.78845,4.383,100.0,119.0,30.91
914.331,8.78558,4.384,100.0,119.0,30.91
914.431,8.78554,4.386,100.0,119.0,30.96
914.531,8.78185,4.388,100.0,119.0,30.96
914.631,8.77192,4.39,100.0,119.0,30.96
914.731,8.76761,4.391,100.0,119.0,30.96
914.831,8.76521,4.393,100.0,119.0,30.96
914.931,8.76489,4.395,100.0,119.0,30.96
915.031,8.7529,4.397,100.0,119.0,30.97
915.13,8.74744,4.398,100.0,119.0,30.97
915.231,8.75263,4.4,100.0,119.0,30.97
915.331,8.74417,4.402,100.0,119.0,30.97
915.431,8.74353,4.404,100.0,119.0,30.97
915.531,8.73395,4.406,100.0,119.0,30.97
915.631,8.72789,4.407,100.0,119.0,30.94
915.731,8.7262,4.409,100.0,119.0,30.94
915.831,8.72818,4.411,100.0,119.0,30.94
915.931,8.7236,4.413,100.0,119.0,30.95
916.031,8.72289,4.414,100.0,119.0,30.95
916.131,8.71662,4.416,100.0,119.0,30.95
916.231,8.7029,4.418,100.0,119.0,30.88
916.331,8.69081,4.42,100.0,119.0,30.88
916.431,8.6809,4.421,100.0,119.0,30.88
916.531,8.67365,4.423,100.0,119.0,30.94
916.631,8.67058,4.425,100.0,119.0,30.94
916.731,8.66634,4.427,100.0,119.0,30.94
916.831,8.66458,4.429,100.0,119.0,30.98
916.931,8.66574,4.43,100.0,119.0,30.98
917.031,8.66204,4.432,100.0,119.0,30.98
917.131,8.64974,4.434,100.0,119.0,31.02
917.231,8.64365,4.436,100.0,119.0,31.02
917.331,8.64503,4.437,100.0,119.0,31.02
917.431,8.64175,4.439,100.0,119.0,30.98
917.531,8.63972,4.441,100.0,119.0,30.98
917.631,8.62593,4.443,100.0,119.0,30.98
917.731,8.62309,4.444,100.0,119.0,31.02
917.831,8.62612,4.446,100.0,119.0,31.02
917.931,8.61845,4.448,100.0,119.0,31.02
918.031,8.6144,4.45,100.0,119.0,31.02
918.131,8.61059,4.451,100.0,119.0,31.02
918.231,8.60898,4.453,100.0,119.0,31.02
918.33,8.60445,4.455,100.0,119.0,31.05
918.431,8.59712,4.457,100.0,119.0,31.05
918.531,8.59689,4.459,100.0,119.0,31.05
918.631,8.59844,4.46,100.0,119.0,31.01
918.731,8.58965,4.462,100.0,119.0,31.01
918.831,8.575,4.464,100.0,119.0,31.01
918.931,8.57638,4.466,100.0,119.0,30.97
919.031,8.57362,4.467,100.0,119.0,30.97
919.131,8.56614,4.469,100.0,119.0,30.97
919.231,8.56058,4.471,100.0,119.0,30.97
919.331,8.55602,4.473,100.0,119.0,30.97
919.431,8.55045,4.474,100.0,119.0,30.97
919.531,8.55022,4.476,100.0,119.0,30.9
919.631,8.54941,4.478,100.0,119.0,30.9
919.731,8.54334,4.48,100.0,119.0,30.9
919.831,8.5423,4.482,100.0,119.0,30.88
919.931,8.52645,4.483,100.0,119.0,30.88
920.031,8.52057,4.485,100.0,119.0,30.88
920.131,8.51952,4.487,100.0,119.0,30.9
920.231,8.50574,4.489,100.0,119.0,30.9
920.331,8.49365,4.49,100.0,119.0,30.9
920.431,8.48721,4.492,100.0,119.0,30.88
920.531,8.48464,4.494,100.0,119.0,30.88
920.631,8.48262,4.496,100.0,119.0,30.88
920.731,8.49082,4.497,100.0,119.0,30.86
920.831,8.48465,4.499,100.0,119.0,30.86
920.931,8.47568,4.501,100.0,119.0,30.86
921.031,8.47188,4.503,100.0,119.0,30.84
921.131,8.4583,4.504,100.0,119.0,30.84
921.231,8.44675,4.506,100.0,119.0,30.84
921.331,8.45614,4.508,100.0,119.0,30.9
921.431,8.45674,4.51,100.0,119.0,30.9
921.53,8.45185,4.512,100.0,119.0,30.9
921.631,8.4439,4.513,100.0,119.0,30.88
921.731,8.42916,4.515,100.0,119.0,30.88
921.831,8.42802,4.517,100.0,119.0,30.88
921.931,8.42883,4.519,100.0,119.0,30.86
922.031,8.42389,4.52,100.0,119.0,30.86
922.131,8.42322,4.522,100.0,119.0,30.86
922.231,8.40792,4.524,100.0,119.0,30.88
922.331,8.41031,4.526,100.0,119.0,30.88
922.431,8.40386,4.528,100.0,119.0,30.88
922.531,8.40343,4.529,100.0,119.0,30.9
922.631,8.39859,4.531,100.0,119.0,30.9
922.731,8.38399,4.533,100.0,119.0,30.9
922.831,8.38139,4.535,100.0,119.0,30.95
922.931,8.38451,4.536,100.0,119.0,30.95
923.031,8.37779,4.538,100.0,119.0,30.95
923.131,8.37111,4.54,100.0,119.0,31.0
923.231,8.37208,4.542,100.0,119.0,31.0
923.331,8.36694,4.544,100.0,119.0,31.0
923.431,8.35661,4.545,100.0,119.0,31.0
923.531,8.35175,4.547,100.0,119.0,31.0
923.631,8.34848,4.549,100.0,119.0,31.0
923.731,8.347,4.551,100.0,119.0,30.96
923.831,8.33982,4.552,100.0,119.0,30.96
923.931,8.33255,4.554,100.0,119.0,30.96
924.031,8.30803,4.556,100.0,119.0,30.93
924.131,8.31119,4.558,100.0,119.0,30.93
924.231,8.31056,4.559,100.0,119.0,30.93
924.331,8.30313,4.561,100.0,119.0,30.94
924.431,8.30372,4.563,100.0,119.0,30.94
924.531,8.28786,4.565,100.0,119.0,30.94
924.631,8.28814,4.567,100.0,119.0,30.95
924.73,8.2768,4.568,100.0,119.0,30.95
924.831,8.2763,4.57,100.0,119.0,30.95
924.931,8.27423,4.572,100.0,119.0,30.96
925.031,8.27007,4.574,100.0,119.0,30.96
925.131,8.25658,4.575,100.0,119.0,30.96
925.231,8.25424,4.577,100.0,119.0,31.0
925.331,8.25104,4.579,100.0,119.0,31.0
925.431,8.25054,4.581,100.0,119.0,31.0
925.531,8.24801,4.582,100.0,118.0,31.04
925.631,8.23544,4.584,100.0,119.0,31.04
925.731,8.22304,4.586,100.0,119.0,31.04
925.831,8.21844,4.588,100.0,119.0,31.03
925.931,8.2229,4.59,100.0,119.0,31.03
926.031,8.22641,4.591,100.0,119.0,31.03
926.131,8.21768,4.593,100.0,119.0,31.03
926.231,8.20726,4.595,100.0,119.0,31.03
926.331,8.20749,4.597,100.0,119.0,31.03
926.431,8.19804,4.598,100.0,119.0,31.1
926.531,8.18418,4.6,100.0,119.0,31.1
926.631,8.18031,4.602,100.0,119.0,31.1
926.731,8.16932,4.604,100.0,119.0,31.05
926.831,8.1702,4.605,100.0,119.0,31.05
926.931,8.17413,4.607,100.0,119.0,31.05
927.031,8.16726,4.609,100.0,119.0,31.08
927.131,8.16708,4.611,100.0,119.0,31.08
927.231,8.16595,4.612,100.0,119.0,31.08
927.331,8.15106,4.614,100.0,119.0,31.03
927.43,8.14685,4.616,100.0,119.0,31.03
927.531,8.14186,4.618,100.0,119.0,31.03
927.631,8.13381,4.62,100.0,119.0,31.02
927.731,8.1284,4.621,100.0,119.0,31.02
927.831,8.11342,4.623,100.0,119.0,31.02
927.93,8.10559,4.625,100.0,119.0,31.06
928.031,8.0947,4.627,100.0,119.0,31.06
928.131,8.08955,4.628,100.0,119.0,31.06
928.231,8.09549,4.63,100.0,119.0,31.05
928.331,8.09343,4.632,100.0,119.0,31.05
928.431,8.08489,4.634,100.0,119.0,31.05
928.531,8.08128,4.635,100.0,119.0,31.08
928.631,8.07244,4.637,100.0,119.0,31.08
928.731,8.06662,4.639,100.0,119.0,31.08
928.831,8.05924,4.641,100.0,119.0,31.1
928.931,8.05603,4.643,100.0,119.0,31.1
929.031,8.05229,4.644,100.0,119.0,31.1
929.131,8.05205,4.646,100.0,119.0,31.13
929.231,8.04108,4.648,100.0,119.0,31.13
929.331,8.03265,4.65,100.0,119.0,31.13
929.431,8.02841,4.651,100.0,119.0,31.11
929.531,8.02329,4.653,100.0,119.0,31.11
929.631,8.01981,4.655,100.0,119.0,31.11
929.731,8.02341,4.657,100.0,119.0,31.13
929.831,8.01012,4.658,100.0,119.0,31.13
929.931,8.0075,4.66,100.0,119.0,31.13
930.031,8.00242,4.662,100.0,119.0,31.11
930.131,8.00152,4.664,100.0,119.0,31.11
930.231,7.99849,4.666,100.0,119.0,31.11
930.331,7.97489,4.667,100.0,119.0,31.09
930.431,7.97195,4.669,100.0,119.0,31.09
930.531,7.96724,4.671,100.0,119.0,31.09
930.631,7.96167,4.673,100.0,119.0,31.12
930.731,7.95792,4.674,100.0,119.0,31.12
930.831,7.9508,4.676,100.0,119.0,31.12
930.931,7.95765,4.678,100.0,119.0,31.1
931.031,7.95263,4.68,100.0,119.0,31.1
931.13,7.94402,4.681,100.0,119.0,31.1
931.231,7.93437,4.683,100.0,119.0,31.08
931.331,7.92421,4.685,100.0,119.0,31.08
931.431,7.91808,4.687,100.0,119.0,31.08
931.531,7.89906,4.688,100.0,119.0,31.11
931.631,7.89289,4.69,100.0,119.0,31.11
931.731,7.88835,4.692,100.0,119.0,31.11
931.831,7.88829,4.694,100.0,119.0,31.13
931.931,7.88202,4.696,100.0,119.0,31.13
932.031,7.87548,4.697,100.0,119.0,31.13
932.131,7.86888,4.699,100.0,119.0,31.15
932.231,7.85791,4.701,100.0,119.0,31.15
932.331,7.84786,4.703,100.0,119.0,31.15
932.431,7.85025,4.704,100.0,119.0,31.16
932.531,7.85374,4.706,100.0,119.0,31.16
932.631,7.8436,4.708,100.0,119.0,31.16
932.731,7.83303,4.71,100.0,119.0,31.21
932.831,7.83072,4.711,100.0,119.0,31.21
932.931,7.83242,4.713,100.0,119.0,31.21
933.031,7.82102,4.715,100.0,119.0,31.18
933.131,7.81312,4.717,100.0,119.0,31.18
933.231,7.80611,4.719,100.0,119.0,31.18
933.331,7.79822,4.72,100.0,119.0,31.23
933.431,7.79792,4.722,100.0,119.0,31.23
933.531,7.79537,4.724,100.0,119.0,31.23
933.631,7.78715,4.726,100.0,119.0,31.27
933.731,7.78809,4.727,100.0,119.0,31.27
933.831,7.77536,4.729,100.0,119.0,31.27
933.931,7.76954,4.731,100.0,119.0,31.23
934.031,7.76104,4.733,100.0,119.0,31.23
934.131,7.75311,4.734,100.0,119.0,31.23
934.231,7.7585,4.736,100.0,119.0,31.2
934.33,7.75459,4.738,100.0,119.0,31.2
934.431,7.73566,4.74,100.0,119.0,31.2
934.531,7.73628,4.741,100.0,119.0,31.17
934.631,7.73689,4.743,100.0,119.0,31.17
934.731,7.72532,4.745,100.0,119.0,31.17
934.831,7.71889,4.747,100.0,119.0,31.18
934.931,7.71973,4.749,100.0,119.0,31.18
935.031,7.70578,4.75,100.0,119.0,31.18
935.131,7.69635,4.752,100.0,119.0,31.19
935.231,7.68853,4.754,100.0,119.0,31.19
935.331,7.68264,4.756,100.0,119.0,31.19
935.431,7.6706,4.757,100.0,119.0,31.27
935.531,7.65809,4.759,100.0,119.0,31.27
935.631,7.66156,4.761,100.0,119.0,31.27
935.731,7.65395,4.763,100.0,119.0,31.27
935.831,7.64919,4.764,100.0,119.0,31.27
935.931,7.64662,4.766,100.0,119.0,31.27
936.031,7.64264,4.768,100.0,119.0,31.23
936.131,7.63016,4.77,100.0,119.0,31.23
936.231,7.62675,4.772,100.0,119.0,31.23
936.331,7.62377,4.773,100.0,119.0,31.27
936.431,7.61646,4.775,100.0,119.0,31.27
936.531,7.60983,4.777,100.0,119.0,31.27
936.631,7.60648,4.779,100.0,119.0,31.27
936.731,7.60493,4.78,100.0,119.0,31.27
936.831,7.59379,4.782,100.0,119.0,31.27
936.931,7.58331,4.784,100.0,119.0,31.3
937.031,7.57781,4.786,100.0,119.0,31.3
937.131,7.56732,4.788,100.0,119.0,31.3
937.231,7.56342,4.789,100.0,119.0,31.18
937.331,7.56973,4.791,100.0,119.0,31.18
937.431,7.56766,4.793,100.0,119.0,31.18
937.53,7.55927,4.795,100.0,119.0,31.12
937.631,7.55149,4.796,100.0,119.0,31.12
937.731,7.54719,4.798,100.0,119.0,31.12
937.831,7.53107,4.8,100.0,119.0,31.06
937.931,7.51353,4.802,100.0,119.0,31.06
938.031,7.50966,4.803,100.0,119.0,31.06
938.131,7.50979,4.805,100.0,119.0,31.13
938.231,7.51149,4.807,100.0,119.0,31.13
938.331,7.50693,4.809,100.0,119.0,31.13
938.431,7.49519,4.811,100.0,119.0,31.11
938.531,7.49001,4.812,100.0,119.0,31.11
938.631,7.4896,4.814,100.0,119.0,31.11
938.731,7.48006,4.816,100.0,119.0,31.17
938.831,7.47007,4.818,100.0,119.0,31.17
938.931,7.46449,4.819,100.0,119.0,31.17
939.031,7.45205,4.821,100.0,119.0,31.18
939.131,7.43826,4.823,100.0,119.0,31.18
939.231,7.425,4.825,100.0,119.0,31.18
939.331,7.41876,4.827,100.0,119.0,31.23
939.431,7.41701,4.828,100.0,119.0,31.23
939.531,7.41499,4.83,100.0,119.0,31.23
939.631,7.41125,4.832,100.0,119.0,31.27
939.731,7.40167,4.834,100.0,119.0,31.27
939.831,7.39106,4.835,100.0,119.0,31.27
939.931,7.38997,4.837,100.0,119.0,31.23
940.031,7.38442,4.839,100.0,119.0,31.23
940.131,7.38182,4.841,100.0,119.0,31.23
940.231,7.36455,4.842,100.0,119.0,31.16
940.331,7.35357,4.844,100.0,119.0,31.16
940.431,7.35406,4.846,100.0,119.0,31.16
940.531,7.35659,4.848,100.0,119.0,31.13
940.631,7.34525,4.849,100.0,119.0,31.13
940.73,7.32952,4.851,100.0,119.0,31.13
940.831,7.31872,4.853,100.0,119.0,31.11
940.931,7.31841,4.855,100.0,119.0,31.11
941.031,7.31281,4.857,100.0,119.0,31.11
941.131,7.30947,4.858,100.0,119.0,31.13
941.231,7.30361,4.86,100.0,119.0,31.13
941.331,7.29005,4.862,100.0,119.0,31.13
941.431,7.28697,4.864,100.0,119.0,31.15
941.531,7.2796,4.865,100.0,119.0,31.15
941.631,7.26866,4.867,100.0,119.0,31.15
941.731,7.25778,4.869,100.0,119.0,31.2
941.831,7.25217,4.871,100.0,119.0,31.2
941.931,7.24619,4.872,100.0,119.0,31.2
942.031,7.24219,4.874,100.0,119.0,31.29
942.131,7.23534,4.876,100.0,119.0,31.29
942.231,7.23069,4.878,100.0,119.0,31.29
942.331,7.22813,4.879,100.0,119.0,31.28
942.431,7.22547,4.881,100.0,119.0,31.28
942.531,7.20557,4.883,100.0,119.0,31.28
942.631,7.19605,4.885,100.0,119.0,31.31
942.731,7.18722,4.887,100.0,119.0,31.31
942.831,7.18174,4.888,100.0,119.0,31.31
942.931,7.16873,4.89,100.0,119.0,31.27
943.031,7.15717,4.892,100.0,119.0,31.27
943.131,7.14599,4.894,100.0,119.0,31.27
943.231,7.13006,4.895,100.0,119.0,31.3
943.331,7.10453,4.897,100.0,119.0,31.3
943.431,5.99143,4.899,100.0,119.0,31.3
