t,F,D,P1,P2,T
303.307,0.09875,0.0,100.0,119.0,26.7
303.407,0.10497,0.0,100.0,119.0,26.7
303.507,0.10198,0.001,100.0,120.0,26.7
303.607,0.09955,0.003,100.0,119.0,26.7
303.707,0.099,0.004,100.0,119.0,26.7
303.807,0.10484,0.006,100.0,119.0,26.7
303.907,0.1084,0.008,100.0,119.0,26.71
304.007,0.10439,0.01,100.0,119.0,26.71
304.107,0.09576,0.012,100.0,119.0,26.71
304.207,0.10689,0.013,100.0,119.0,26.72
304.307,0.1121,0.015,100.0,119.0,26.72
304.407,0.10876,0.017,100.0,119.0,26.72
304.507,0.11053,0.019,100.0,119.0,26.72
304.607,0.10796,0.02,100.0,119.0,26.72
304.707,0.10843,0.022,100.0,119.0,26.72
304.807,0.11119,0.024,100.0,119.0,26.73
304.907,0.11036,0.026,100.0,119.0,26.73
305.007,0.10757,0.027,100.0,119.0,26.73
305.107,0.11175,0.029,100.0,119.0,26.77
305.207,0.108,0.031,100.0,120.0,26.77
305.307,0.1022,0.033,100.0,119.0,26.77
305.407,0.1068,0.034,100.0,119.0,26.76
305.507,0.1128,0.036,100.0,120.0,26.76
305.607,0.10624,0.038,100.0,120.0,26.76
305.707,0.10916,0.04,100.0,119.0,26.76
305.807,0.10664,0.042,100.0,120.0,26.76
305.907,0.10292,0.043,100.0,119.0,26.76
306.007,0.10643,0.045,100.0,119.0,26.76
306.106,0.11472,0.047,100.0,119.0,26.76
306.207,0.11301,0.049,100.0,120.0,26.76
306.307,0.11576,0.05,100.0,120.0,26.76
306.407,0.10762,0.052,100.0,119.0,26.76
306.507,0.10964,0.054,100.0,120.0,26.76
306.607,0.11449,0.056,100.0,119.0,26.76
306.707,0.11311,0.058,100.0,120.0,26.76
306.807,0.10573,0.059,100.0,119.0,26.76
306.907,0.10604,0.061,100.0,119.0,26.72
307.007,0.10807,0.063,100.0,119.0,26.72
307.107,0.11062,0.065,100.0,119.0,26.72
307.207,0.11727,0.066,100.0,119.0,26.8
307.307,0.11323,0.068,100.0,119.0,26.8
307.407,0.11131,0.07,100.0,119.0,26.8
307.507,0.11597,0.072,100.0,119.0,26.75
307.607,0.11238,0.074,100.0,119.0,26.75
307.707,0.11019,0.075,100.0,119.0,26.75
307.807,0.11434,0.077,100.0,119.0,26.72
307.907,0.11624,0.079,100.0,119.0,26.72
308.007,0.11652,0.081,100.0,119.0,26.72
308.107,0.12127,0.082,100.0,119.0,26.72
308.207,0.12097,0.084,100.0,119.0,26.72
308.307,0.1146,0.086,100.0,119.0,26.72
308.407,0.116,0.088,100.0,119.0,26.73
308.507,0.11647,0.09,100.0,119.0,26.73
308.607,0.12251,0.091,100.0,119.0,26.73
308.707,0.1134,0.093,100.0,119.0,26.73
308.807,0.11655,0.095,100.0,119.0,26.73
308.907,0.12575,0.097,100.0,119.0,26.73
309.007,0.12125,0.098,100.0,120.0,26.73
309.107,0.12035,0.1,100.0,120.0,26.73
309.207,0.11627,0.102,100.0,119.0,26.73
309.306,0.11209,0.104,100.0,120.0,26.7
309.407,0.11416,0.106,100.0,119.0,26.7
309.507,0.11746,0.107,100.0,120.0,26.7
309.607,0.11926,0.109,100.0,119.0,26.71
309.708,0.12545,0.111,100.0,119.0,26.71
309.807,0.12026,0.113,100.0,119.0,26.71
309.907,0.11903,0.114,100.0,119.0,26.64
310.007,0.11927,0.116,100.0,119.0,26.64
310.107,0.12136,0.118,100.0,119.0,26.64
310.207,0.11624,0.12,100.0,120.0,26.69
310.307,0.1111,0.122,100.0,119.0,26.69
310.407,0.121,0.123,100.0,119.0,26.69
310.507,0.12246,0.125,100.0,119.0,26.66
310.607,0.11507,0.127,100.0,119.0,26.66
310.707,0.11135,0.129,100.0,119.0,26.66
310.807,0.11627,0.13,100.0,120.0,26.71
310.907,0.1175,0.132,100.0,119.0,26.71
311.007,0.10935,0.134,100.0,119.0,26.71
311.107,0.12153,0.136,100.0,119.0,26.61
311.207,0.12815,0.138,100.0,119.0,26.61
311.307,0.12407,0.139,100.0,119.0,26.61
311.407,0.11767,0.141,100.0,120.0,26.63
311.507,0.11768,0.143,100.0,119.0,26.63
311.607,0.12475,0.145,100.0,119.0,26.63
311.707,0.11806,0.146,100.0,119.0,26.61
311.807,0.11758,0.148,100.0,119.0,26.61
311.907,0.1147,0.15,100.0,119.0,26.61
312.007,0.11039,0.152,100.0,119.0,26.67
312.107,0.11478,0.154,100.0,119.0,26.67
312.207,0.12091,0.155,100.0,120.0,26.67
312.307,0.11479,0.157,100.0,119.0,26.68
312.407,0.11509,0.159,100.0,119.0,26.68
312.506,0.11864,0.161,100.0,119.0,26.68
312.607,0.11843,0.163,100.0,119.0,26.69
312.707,0.11941,0.164,100.0,119.0,26.69
312.807,0.119,0.166,100.0,119.0,26.69
312.907,0.12894,0.168,100.0,119.0,26.66
313.007,0.1299,0.17,100.0,119.0,26.66
313.107,0.1263,0.171,100.0,119.0,26.66
313.207,0.12424,0.173,100.0,119.0,26.67
313.307,0.10819,0.175,100.0,119.0,26.67
313.407,0.115,0.177,100.0,119.0,26.67
313.507,0.1182,0.179,100.0,119.0,26.69
313.607,0.12036,0.18,100.0,119.0,26.69
313.707,0.11697,0.182,100.0,119.0,26.69
313.807,0.11577,0.184,100.0,119.0,26.62
313.907,0.11621,0.186,100.0,119.0,26.62
314.007,0.11805,0.187,100.0,119.0,26.62
314.107,0.1235,0.189,100.0,119.0,26.68
314.207,0.12163,0.191,100.0,119.0,26.68
314.307,0.11247,0.193,100.0,119.0,26.68
314.407,0.11784,0.195,100.0,119.0,26.69
314.507,0.12093,0.196,100.0,119.0,26.69
314.607,0.11479,0.198,100.0,119.0,26.69
314.707,0.11308,0.2,100.0,119.0,26.7
314.807,0.11558,0.202,100.0,119.0,26.7
314.907,0.11228,0.203,100.0,119.0,26.7
315.007,0.11589,0.205,100.0,119.0,26.74
315.107,0.12084,0.207,100.0,119.0,26.74
315.207,0.11707,0.209,100.0,119.0,26.74
315.307,0.11991,0.211,100.0,119.0,26.71
315.407,0.12296,0.212,100.0,119.0,26.71
315.507,0.12361,0.214,100.0,119.0,26.71
315.607,0.11722,0.216,100.0,119.0,26.64
315.706,0.11661,0.218,100.0,119.0,26.64
315.807,0.1203,0.219,100.0,120.0,26.64
315.907,0.11601,0.221,100.0,119.0,26.58
316.007,0.11301,0.223,100.0,119.0,26.58
316.107,0.11651,0.225,100.0,119.0,26.58
316.207,0.10696,0.227,100.0,119.0,26.64
316.307,0.11272,0.228,100.0,119.0,26.64
316.407,0.1213,0.23,100.0,119.0,26.64
316.507,0.11441,0.232,100.0,119.0,26.7
316.607,0.11469,0.234,100.0,119.0,26.7
316.707,0.11909,0.235,100.0,119.0,26.7
316.807,0.10954,0.237,100.0,119.0,26.7
316.907,0.12036,0.239,100.0,119.0,26.7
317.007,0.12212,0.241,100.0,119.0,26.7
317.107,0.12249,0.243,100.0,119.0,26.71
317.207,0.1192,0.244,100.0,119.0,26.71
317.307,0.1171,0.246,100.0,119.0,26.71
317.407,0.12069,0.248,100.0,119.0,26.75
317.507,0.11675,0.25,100.0,119.0,26.75
317.607,0.12285,0.251,100.0,119.0,26.75
317.707,0.12384,0.253,100.0,119.0,26.68
317.807,0.12121,0.255,100.0,119.0,26.68
317.907,0.11546,0.257,100.0,119.0,26.68
318.007,0.12106,0.259,100.0,120.0,26.73
318.107,0.11735,0.26,100.0,119.0,26.73
318.207,0.12743,0.262,100.0,119.0,26.73
318.307,0.12472,0.264,100.0,119.0,26.77
318.407,0.12153,0.266,100.0,119.0,26.77
318.507,0.12392,0.268,100.0,119.0,26.77
318.607,0.1215,0.269,100.0,119.0,26.73
318.707,0.11288,0.271,100.0,119.0,26.73
318.807,0.11983,0.273,100.0,120.0,26.73
318.906,0.12323,0.275,100.0,119.0,26.73
319.007,0.11877,0.276,100.0,119.0,26.73
319.107,0.11912,0.278,100.0,119.0,26.73
319.207,0.11836,0.28,100.0,119.0,26.73
319.307,0.11981,0.282,100.0,119.0,26.73
319.407,0.12352,0.284,100.0,119.0,26.73
319.507,0.11633,0.285,100.0,119.0,26.74
319.607,0.11701,0.287,100.0,119.0,26.74
319.707,0.12588,0.289,100.0,119.0,26.74
319.807,0.12976,0.291,100.0,120.0,26.7
319.907,0.12519,0.293,100.0,119.0,26.7
320.007,0.12003,0.294,100.0,119.0,26.7
320.107,0.12039,0.296,100.0,119.0,26.71
320.207,0.12307,0.298,100.0,119.0,26.71
320.307,0.12314,0.3,100.0,119.0,26.71
320.407,0.12701,0.301,100.0,119.0,26.71
320.507,0.12662,0.303,100.0,119.0,26.71
320.607,0.12341,0.305,100.0,119.0,26.71
320.707,0.12134,0.307,100.0,120.0,26.68
320.807,0.12878,0.309,100.0,120.0,26.68
320.907,0.12152,0.31,100.0,119.0,26.68
321.007,0.11728,0.312,100.0,119.0,26.73
321.107,0.12279,0.314,100.0,119.0,26.73
321.207,0.12128,0.316,100.0,119.0,26.73
321.307,0.11473,0.317,100.0,119.0,26.77
321.407,0.11937,0.319,100.0,119.0,26.77
321.507,0.13077,0.321,100.0,119.0,26.77
321.607,0.1289,0.323,100.0,119.0,26.8
321.707,0.12787,0.325,100.0,119.0,26.8
321.807,0.13209,0.326,100.0,119.0,26.8
321.907,0.12944,0.328,100.0,119.0,26.8
322.007,0.13045,0.33,100.0,119.0,26.8
322.106,0.12374,0.332,100.0,119.0,26.8
322.207,0.11965,0.334,100.0,119.0,26.83
322.307,0.11827,0.335,100.0,120.0,26.83
322.407,0.12608,0.337,100.0,120.0,26.83
322.507,0.12546,0.339,100.0,120.0,26.85
322.607,0.12196,0.341,100.0,119.0,26.85
322.707,0.11865,0.342,100.0,119.0,26.85
322.807,0.12691,0.344,100.0,119.0,26.88
322.907,0.12735,0.346,100.0,120.0,26.88
323.007,0.12834,0.348,100.0,119.0,26.88
323.107,0.12299,0.35,100.0,119.0,26.86
323.207,0.12152,0.351,100.0,119.0,26.86
323.307,0.12041,0.353,100.0,119.0,26.86
323.407,0.12889,0.355,100.0,119.0,26.88
323.507,0.12518,0.357,100.0,119.0,26.88
323.607,0.12016,0.358,100.0,119.0,26.88
323.707,0.13286,0.36,100.0,119.0,26.86
323.807,0.13098,0.362,100.0,119.0,26.86
323.907,0.13034,0.364,100.0,119.0,26.86
324.007,0.12203,0.366,100.0,119.0,26.73
324.107,0.11893,0.367,100.0,119.0,26.73
324.207,0.12851,0.369,100.0,120.0,26.73
324.307,0.12985,0.371,100.0,119.0,26.58
324.407,0.12877,0.373,100.0,119.0,26.58
324.507,0.13003,0.374,100.0,119.0,26.58
324.607,0.13071,0.376,100.0,119.0,26.53
324.707,0.1319,0.378,100.0,119.0,26.53
324.807,0.12948,0.38,100.0,119.0,26.53
324.907,0.13058,0.382,100.0,119.0,26.53
325.007,0.12823,0.383,100.0,119.0,26.53
325.107,0.12625,0.385,100.0,119.0,26.53
325.207,0.12942,0.387,100.0,119.0,26.52
325.306,0.13353,0.389,100.0,119.0,26.52
325.407,0.13261,0.39,100.0,119.0,26.52
325.507,0.13279,0.392,100.0,119.0,26.56
325.607,0.13271,0.394,100.0,119.0,26.56
325.707,0.12951,0.396,100.0,119.0,26.56
325.807,0.13302,0.398,100.0,119.0,26.59
325.907,0.13674,0.399,100.0,119.0,26.59
326.007,0.13008,0.401,100.0,119.0,26.59
326.108,0.13042,0.403,100.0,119.0,26.61
326.208,0.12785,0.405,100.0,119.0,26.61
326.308,0.12582,0.407,100.0,119.0,26.61
326.408,0.12539,0.408,100.0,119.0,26.52
326.508,0.13295,0.41,100.0,119.0,26.52
326.608,0.13017,0.412,100.0,119.0,26.52
326.708,0.12386,0.414,100.0,119.0,26.48
326.808,0.12475,0.415,100.0,119.0,26.48
326.908,0.13534,0.417,100.0,119.0,26.48
327.008,0.13098,0.419,100.0,119.0,26.56
327.108,0.13467,0.421,100.0,119.0,26.56
327.208,0.12184,0.423,100.0,119.0,26.56
327.308,0.13028,0.424,100.0,119.0,26.55
327.408,0.13766,0.426,100.0,119.0,26.55
327.508,0.13317,0.428,100.0,119.0,26.55
327.608,0.13524,0.43,100.0,119.0,26.54
327.708,0.13824,0.431,100.0,119.0,26.54
327.808,0.13411,0.433,100.0,119.0,26.54
327.908,0.1342,0.435,100.0,119.0,26.5
328.008,0.13249,0.437,100.0,119.0,26.5
328.108,0.13599,0.438,100.0,119.0,26.5
328.208,0.13688,0.44,100.0,119.0,26.5
328.309,0.13482,0.442,100.0,119.0,26.5
328.409,0.13225,0.444,100.0,119.0,26.5
328.509,0.13196,0.446,100.0,119.0,26.57
328.609,0.13476,0.447,100.0,119.0,26.57
328.709,0.13932,0.449,100.0,119.0,26.57
328.809,0.14093,0.451,100.0,119.0,26.56
328.909,0.12691,0.453,100.0,119.0,26.56
329.009,0.1312,0.455,100.0,119.0,26.56
329.109,0.13167,0.456,100.0,119.0,26.59
329.209,0.13558,0.458,100.0,120.0,26.59
329.309,0.13317,0.46,100.0,119.0,26.59
329.409,0.12792,0.462,100.0,119.0,26.61
329.509,0.13832,0.463,100.0,119.0,26.61
329.609,0.13367,0.465,100.0,119.0,26.61
329.709,0.1313,0.467,100.0,119.0,26.56
329.809,0.13158,0.469,100.0,119.0,26.56
329.909,0.12834,0.471,100.0,119.0,26.56
330.009,0.13351,0.472,100.0,119.0,26.55
330.109,0.13992,0.474,100.0,119.0,26.55
330.209,0.13972,0.476,100.0,119.0,26.55
330.309,0.14198,0.478,100.0,119.0,26.58
330.409,0.13799,0.48,100.0,119.0,26.58
330.509,0.1329,0.481,100.0,119.0,26.58
330.609,0.12888,0.483,100.0,119.0,26.64
330.709,0.13546,0.485,100.0,119.0,26.64
330.809,0.13827,0.487,100.0,119.0,26.64
330.909,0.13859,0.488,100.0,119.0,26.7
331.009,0.13725,0.49,100.0,119.0,26.7
331.109,0.13541,0.492,100.0,119.0,26.7
331.21,0.13101,0.494,100.0,119.0,26.67
331.31,0.12987,0.496,100.0,119.0,26.67
331.41,0.13523,0.497,100.0,119.0,26.67
331.51,0.13682,0.499,100.0,119.0,26.68
331.61,0.132,0.501,100.0,119.0,26.68
331.71,0.12801,0.503,100.0,119.0,26.68
331.81,0.1377,0.504,100.0,119.0,26.65
331.91,0.1432,0.506,100.0,119.0,26.65
332.01,0.14079,0.508,100.0,119.0,26.65
332.11,0.14451,0.51,100.0,119.0,26.63
332.21,0.14584,0.512,100.0,119.0,26.63
332.31,0.14432,0.513,100.0,119.0,26.63
332.41,0.13914,0.515,100.0,119.0,26.65
332.51,0.13964,0.517,100.0,119.0,26.65
332.61,0.14148,0.519,100.0,119.0,26.65
332.71,0.13234,0.52,100.0,119.0,26.66
332.81,0.12851,0.522,100.0,119.0,26.66
332.91,0.12601,0.524,100.0,119.0,26.66
333.01,0.14048,0.526,100.0,119.0,26.64
333.11,0.14037,0.528,100.0,119.0,26.64
333.21,0.14181,0.529,100.0,119.0,26.64
333.31,0.13976,0.531,100.0,119.0,26.58
333.41,0.14161,0.533,100.0,119.0,26.58
333.51,0.14119,0.535,100.0,119.0,26.58
333.61,0.13433,0.536,100.0,119.0,26.61
333.71,0.13965,0.538,100.0,119.0,26.61
333.81,0.13819,0.54,100.0,119.0,26.61
333.91,0.13988,0.542,100.0,119.0,26.63
334.01,0.13848,0.543,100.0,119.0,26.63
334.111,0.13619,0.545,100.0,120.0,26.63
334.211,0.14187,0.547,100.0,119.0,26.61
334.311,0.15139,0.549,100.0,119.0,26.61
334.411,0.14794,0.551,100.0,119.0,26.61
334.511,0.1452,0.552,100.0,119.0,26.63
334.611,0.14165,0.554,100.0,119.0,26.63
334.711,0.14352,0.556,100.0,119.0,26.63
334.811,0.13739,0.558,100.0,119.0,26.61
334.911,0.13685,0.559,100.0,119.0,26.61
335.011,0.14045,0.561,100.0,119.0,26.61
335.111,0.14584,0.563,100.0,119.0,26.59
335.211,0.14735,0.565,100.0,119.0,26.59
335.311,0.13411,0.566,100.0,119.0,26.59
335.411,0.14171,0.568,100.0,119.0,26.69
335.511,0.14657,0.57,100.0,119.0,26.69
335.611,0.13695,0.572,100.0,119.0,26.69
335.711,0.14351,0.574,100.0,119.0,26.66
335.811,0.14058,0.575,100.0,119.0,26.66
335.911,0.14462,0.577,100.0,119.0,26.66
336.011,0.14836,0.579,100.0,119.0,26.6
336.111,0.1454,0.581,100.0,119.0,26.6
336.211,0.14271,0.583,100.0,119.0,26.6
336.311,0.13985,0.584,100.0,119.0,26.62
336.41,0.14456,0.586,100.0,119.0,26.62
336.511,0.13869,0.588,100.0,119.0,26.62
336.611,0.13788,0.59,100.0,119.0,26.57
336.711,0.14704,0.591,100.0,119.0,26.57
336.811,0.15382,0.593,100.0,119.0,26.57
336.911,0.15077,0.595,100.0,119.0,26.67
337.011,0.14587,0.597,100.0,119.0,26.67
337.111,0.14807,0.599,100.0,119.0,26.67
337.21,0.14106,0.6,100.0,119.0,26.68
337.311,0.14416,0.602,100.0,119.0,26.68
337.411,0.15042,0.604,100.0,119.0,26.68
337.511,0.14622,0.606,100.0,119.0,26.69
337.611,0.14668,0.607,100.0,119.0,26.69
337.711,0.14995,0.609,100.0,119.0,26.69
337.811,0.14816,0.611,100.0,119.0,26.7
337.911,0.14581,0.613,100.0,119.0,26.7
338.011,0.14714,0.615,100.0,119.0,26.7
338.111,0.14484,0.616,100.0,119.0,26.71
338.211,0.14371,0.618,100.0,119.0,26.71
338.311,0.14075,0.62,100.0,119.0,26.71
338.411,0.14776,0.622,100.0,119.0,26.64
338.511,0.14403,0.624,100.0,119.0,26.64
338.611,0.14122,0.625,100.0,119.0,26.64
338.711,0.14204,0.627,100.0,119.0,26.54
338.811,0.14801,0.629,100.0,119.0,26.54
338.911,0.15373,0.631,100.0,119.0,26.54
339.011,0.15176,0.632,100.0,119.0,26.57
339.111,0.14855,0.634,100.0,119.0,26.57
339.211,0.14611,0.636,100.0,119.0,26.57
339.311,0.15475,0.638,100.0,119.0,26.53
339.411,0.1457,0.64,100.0,119.0,26.53
339.511,0.1441,0.641,100.0,119.0,26.53
339.611,0.14969,0.643,100.0,119.0,26.52
339.711,0.15631,0.645,100.0,119.0,26.52
339.811,0.1467,0.647,100.0,119.0,26.52
339.911,0.1517,0.649,100.0,119.0,26.52
340.011,0.15156,0.65,100.0,119.0,26.52
340.111,0.15055,0.652,100.0,119.0,26.52
340.211,0.14892,0.654,100.0,119.0,26.59
340.311,0.14295,0.656,100.0,119.0,26.59
340.41,0.14328,0.657,100.0,119.0,26.59
340.511,0.14683,0.659,100.0,119.0,26.61
340.611,0.14165,0.661,100.0,119.0,26.61
340.711,0.14261,0.663,100.0,119.0,26.61
340.811,0.15142,0.665,100.0,119.0,26.67
340.911,0.15126,0.666,100.0,119.0,26.67
341.011,0.15565,0.668,100.0,119.0,26.67
341.111,0.15426,0.67,100.0,119.0,26.68
341.211,0.15273,0.672,100.0,119.0,26.68
341.311,0.14933,0.673,100.0,119.0,26.68
341.411,0.15156,0.675,100.0,119.0,26.66
341.511,0.14873,0.677,100.0,119.0,26.66
341.611,0.15265,0.679,100.0,119.0,26.66
341.711,0.15141,0.681,100.0,119.0,26.67
341.811,0.15197,0.682,100.0,119.0,26.67
341.911,0.15357,0.684,100.0,119.0,26.67
342.011,0.1559,0.686,100.0,119.0,26.68
342.111,0.15186,0.688,100.0,119.0,26.68
342.211,0.14943,0.689,100.0,119.0,26.68
342.311,0.15149,0.691,100.0,119.0,26.66
342.411,0.15568,0.693,100.0,119.0,26.66
342.511,0.15392,0.695,100.0,119.0,26.66
342.611,0.15627,0.697,100.0,119.0,26.71
342.711,0.15331,0.698,100.0,119.0,26.71
342.811,0.14956,0.7,100.0,119.0,26.71
342.911,0.15481,0.702,100.0,119.0,26.71
343.011,0.15467,0.704,100.0,119.0,26.71
343.111,0.15482,0.706,100.0,119.0,26.71
343.211,0.15365,0.707,100.0,119.0,26.68
343.311,0.15572,0.709,100.0,119.0,26.68
343.411,0.15469,0.711,100.0,119.0,26.68
343.511,0.15048,0.713,100.0,119.0,26.62
343.61,0.15127,0.715,100.0,119.0,26.62
343.711,0.15449,0.716,100.0,119.0,26.62
343.811,0.16284,0.718,100.0,119.0,26.56
343.911,0.16521,0.72,100.0,119.0,26.56
344.011,0.16439,0.722,100.0,119.0,26.56
344.111,0.16071,0.724,100.0,119.0,26.59
344.211,0.15777,0.725,100.0,119.0,26.59
344.311,0.15554,0.727,100.0,119.0,26.59
344.411,0.15568,0.729,100.0,119.0,26.58
344.51,0.15535,0.731,100.0,119.0,26.58
344.611,0.14511,0.732,100.0,119.0,26.58
344.711,0.14534,0.734,100.0,119.0,26.53
344.811,0.1557,0.736,100.0,119.0,26.53
344.911,0.15507,0.738,100.0,119.0,26.53
345.011,0.15298,0.74,100.0,119.0,26.56
345.111,0.15388,0.741,100.0,119.0,26.56
345.211,0.1541,0.743,100.0,119.0,26.56
345.311,0.1641,0.745,100.0,119.0,26.55
345.411,0.16509,0.747,100.0,119.0,26.55
345.511,0.16077,0.749,100.0,119.0,26.55
345.611,0.16057,0.75,100.0,119.0,26.54
345.711,0.15314,0.752,100.0,119.0,26.54
345.811,0.16268,0.754,100.0,119.0,26.54
345.911,0.16081,0.756,100.0,119.0,26.54
346.011,0.15385,0.758,100.0,119.0,26.54
346.111,0.15857,0.759,100.0,119.0,26.54
346.211,0.16063,0.761,100.0,119.0,26.53
346.311,0.15388,0.763,100.0,119.0,26.53
346.411,0.16298,0.765,100.0,119.0,26.53
346.511,0.161,0.767,100.0,119.0,26.56
346.611,0.15781,0.768,100.0,119.0,26.56
346.711,0.15479,0.77,100.0,119.0,26.56
346.81,0.15615,0.772,100.0,119.0,26.59
346.911,0.16073,0.774,100.0,119.0,26.59
347.011,0.16341,0.775,100.0,119.0,26.59
347.111,0.16852,0.777,100.0,119.0,26.58
347.211,0.16564,0.779,100.0,119.0,26.58
347.311,0.15411,0.781,100.0,119.0,26.58
347.411,0.16289,0.783,100.0,119.0,26.6
347.511,0.16473,0.784,100.0,119.0,26.6
347.611,0.16385,0.786,100.0,119.0,26.6
347.711,0.16565,0.788,100.0,119.0,26.55
347.811,0.16341,0.79,100.0,119.0,26.55
347.911,0.16219,0.792,100.0,119.0,26.55
348.011,0.17083,0.793,100.0,119.0,26.58
348.111,0.17365,0.795,100.0,119.0,26.58
348.211,0.17195,0.797,100.0,119.0,26.58
348.311,0.16,0.799,100.0,119.0,26.57
348.411,0.16033,0.801,100.0,119.0,26.57
348.511,0.16522,0.802,100.0,119.0,26.57
348.611,0.15754,0.804,100.0,119.0,26.52
348.711,0.15335,0.806,100.0,119.0,26.52
348.811,0.1646,0.808,100.0,119.0,26.52
348.911,0.16436,0.81,100.0,119.0,26.56
349.011,0.1698,0.811,100.0,119.0,26.56
349.111,0.16496,0.813,100.0,119.0,26.56
349.211,0.16244,0.815,100.0,119.0,26.58
349.311,0.16083,0.817,100.0,119.0,26.58
349.411,0.16604,0.819,100.0,119.0,26.58
349.511,0.16756,0.82,100.0,119.0,26.61
349.611,0.16313,0.822,100.0,119.0,26.61
349.71,0.17904,0.824,100.0,119.0,26.61
349.811,0.17546,0.826,100.0,119.0,26.63
349.911,0.16704,0.827,100.0,119.0,26.63
350.01,0.16815,0.829,100.0,119.0,26.63
350.111,0.16512,0.831,100.0,119.0,26.57
350.211,0.16704,0.833,100.0,119.0,26.57
350.311,0.1704,0.835,100.0,119.0,26.57
350.411,0.17165,0.836,100.0,119.0,26.64
350.511,0.17594,0.838,100.0,119.0,26.64
350.611,0.17686,0.84,100.0,119.0,26.64
350.711,0.17156,0.842,100.0,119.0,26.65
350.811,0.17108,0.844,100.0,119.0,26.65
350.911,0.17413,0.845,100.0,119.0,26.65
351.011,0.17188,0.847,100.0,119.0,26.67
351.111,0.17054,0.849,100.0,119.0,26.67
351.211,0.17177,0.851,100.0,119.0,26.67
351.311,0.16393,0.852,100.0,119.0,26.68
351.411,0.16735,0.854,100.0,119.0,26.68
351.511,0.17103,0.856,100.0,119.0,26.68
351.611,0.16812,0.858,100.0,119.0,26.65
351.711,0.16255,0.86,100.0,119.0,26.65
351.811,0.17326,0.861,100.0,119.0,26.65
351.911,0.17649,0.863,100.0,119.0,26.67
352.011,0.16992,0.865,100.0,119.0,26.67
352.111,0.16739,0.867,100.0,119.0,26.67
352.211,0.16159,0.869,100.0,119.0,26.64
352.311,0.16904,0.87,100.0,119.0,26.64
352.411,0.17301,0.872,100.0,119.0,26.64
352.511,0.17284,0.874,100.0,119.0,26.7
352.611,0.16378,0.876,100.0,119.0,26.7
352.711,0.165,0.878,100.0,119.0,26.7
352.811,0.1668,0.879,100.0,119.0,26.7
352.911,0.16804,0.881,100.0,119.0,26.7
353.011,0.1704,0.883,100.0,119.0,26.7
353.111,0.16709,0.885,100.0,119.0,26.67
353.21,0.17261,0.886,100.0,119.0,26.67
353.311,0.17954,0.888,100.0,119.0,26.67
353.411,0.17405,0.89,100.0,119.0,26.72
353.511,0.17547,0.892,100.0,119.0,26.72
353.611,0.17281,0.894,100.0,119.0,26.72
353.711,0.17028,0.895,100.0,119.0,26.73
353.811,0.17493,0.897,100.0,119.0,26.73
353.911,0.17523,0.899,100.0,119.0,26.73
354.011,0.17591,0.901,100.0,119.0,26.73
354.111,0.18178,0.903,100.0,119.0,26.73
354.211,0.18102,0.904,100.0,119.0,26.73
354.311,0.17413,0.906,100.0,119.0,26.73
354.411,0.17446,0.908,100.0,119.0,26.73
354.511,0.17606,0.91,100.0,119.0,26.73
354.611,0.17154,0.912,100.0,119.0,26.74
354.711,0.17532,0.913,100.0,119.0,26.74
354.811,0.18169,0.915,100.0,119.0,26.74
354.911,0.18025,0.917,100.0,119.0,26.66
355.011,0.17992,0.919,100.0,119.0,26.66
355.111,0.17718,0.92,100.0,119.0,26.66
355.211,0.17878,0.922,100.0,119.0,26.6
355.311,0.17805,0.924,100.0,119.0,26.6
355.411,0.17139,0.926,100.0,119.0,26.6
355.511,0.17828,0.928,100.0,119.0,26.59
355.611,0.17813,0.929,100.0,119.0,26.59
355.711,0.16981,0.931,100.0,119.0,26.59
355.811,0.17613,0.933,100.0,119.0,26.65
355.911,0.17985,0.935,100.0,119.0,26.65
356.011,0.17819,0.937,100.0,119.0,26.65
356.111,0.17643,0.938,100.0,119.0,26.66
356.211,0.18046,0.94,100.0,119.0,26.66
356.311,0.1765,0.942,100.0,119.0,26.66
356.41,0.18228,0.944,100.0,119.0,26.68
356.511,0.18627,0.945,100.0,119.0,26.68
356.611,0.18327,0.947,100.0,119.0,26.68
356.711,0.18046,0.949,100.0,120.0,26.61
356.811,0.18338,0.951,100.0,119.0,26.61
356.911,0.18117,0.953,100.0,119.0,26.61
357.011,0.18069,0.954,100.0,119.0,26.67
357.111,0.18165,0.956,100.0,119.0,26.67
357.211,0.17933,0.958,100.0,119.0,26.67
357.311,0.17974,0.96,100.0,119.0,26.72
357.411,0.17996,0.962,100.0,119.0,26.72
357.511,0.18007,0.963,100.0,119.0,26.72
357.611,0.18082,0.965,100.0,119.0,26.69
357.711,0.18385,0.967,100.0,119.0,26.69
357.811,0.18095,0.969,100.0,119.0,26.69
357.911,0.18092,0.971,100.0,119.0,26.62
358.011,0.17593,0.972,100.0,119.0,26.62
358.111,0.17794,0.974,100.0,119.0,26.62
358.211,0.17748,0.976,100.0,119.0,26.64
358.311,0.18732,0.978,100.0,119.0,26.64
358.411,0.1834,0.98,100.0,119.0,26.64
358.511,0.1852,0.981,100.0,119.0,26.66
358.611,0.18585,0.983,100.0,119.0,26.66
358.711,0.18299,0.985,100.0,119.0,26.66
358.811,0.17829,0.987,100.0,119.0,26.67
358.911,0.17796,0.988,100.0,119.0,26.67
359.011,0.18317,0.99,100.0,119.0,26.67
359.111,0.18677,0.992,100.0,119.0,26.61
359.211,0.18662,0.994,100.0,119.0,26.61
359.311,0.18322,0.996,100.0,119.0,26.61
359.411,0.17661,0.997,100.0,119.0,26.67
359.511,0.1755,0.999,100.0,119.0,26.67
359.61,0.18276,1.001,100.0,119.0,26.67
359.711,0.18668,1.003,100.0,119.0,26.64
359.811,0.18238,1.005,100.0,119.0,26.64
359.911,0.18971,1.006,100.0,119.0,26.64
360.011,0.19116,1.008,100.0,119.0,26.66
360.111,0.17859,1.01,100.0,119.0,26.66
360.211,0.18835,1.012,100.0,119.0,26.66
360.311,0.19044,1.014,100.0,119.0,26.67
360.411,0.18751,1.015,100.0,120.0,26.67
360.511,0.18538,1.017,100.0,119.0,26.67
360.611,0.18301,1.019,100.0,119.0,26.65
360.711,0.18153,1.021,100.0,119.0,26.65
360.811,0.18114,1.022,100.0,119.0,26.65
360.911,0.18431,1.024,100.0,119.0,26.66
361.011,0.19079,1.026,100.0,119.0,26.66
361.111,0.19016,1.028,100.0,119.0,26.66
361.211,0.18843,1.03,100.0,119.0,26.75
361.311,0.18416,1.031,100.0,119.0,26.75
361.411,0.1846,1.033,100.0,119.0,26.75
361.511,0.18451,1.035,100.0,119.0,26.79
361.611,0.17865,1.037,100.0,119.0,26.79
361.711,0.18677,1.039,100.0,119.0,26.79
361.811,0.18774,1.04,100.0,119.0,26.82
361.911,0.19023,1.042,100.0,119.0,26.82
362.011,0.18966,1.044,100.0,119.0,26.82
362.111,0.19186,1.046,100.0,119.0,26.81
362.211,0.19257,1.048,100.0,119.0,26.81
362.311,0.18992,1.049,100.0,119.0,26.81
362.411,0.18926,1.051,100.0,119.0,26.8
362.511,0.19081,1.053,100.0,119.0,26.8
362.611,0.19438,1.055,100.0,119.0,26.8
362.711,0.19477,1.056,100.0,119.0,26.76
362.81,0.19366,1.058,100.0,119.0,26.76
362.911,0.19028,1.06,100.0,119.0,26.76
363.011,0.19484,1.062,100.0,119.0,26.72
363.111,0.18816,1.064,100.0,119.0,26.72
363.211,0.1896,1.065,100.0,119.0,26.72
363.311,0.18907,1.067,100.0,119.0,26.65
363.411,0.18637,1.069,100.0,119.0,26.65
363.511,0.19196,1.071,100.0,119.0,26.65
363.611,0.18661,1.073,100.0,119.0,26.62
363.711,0.18687,1.074,100.0,119.0,26.62
363.811,0.19325,1.076,100.0,119.0,26.62
363.911,0.19263,1.078,100.0,119.0,26.64
364.011,0.19472,1.08,100.0,119.0,26.64
364.111,0.19258,1.081,100.0,119.0,26.64
364.211,0.19986,1.083,100.0,119.0,26.62
364.311,0.19598,1.085,100.0,119.0,26.62
364.411,0.19552,1.087,100.0,119.0,26.62
364.511,0.19761,1.089,100.0,119.0,26.6
364.611,0.19223,1.09,100.0,119.0,26.6
364.711,0.18367,1.092,100.0,119.0,26.6
364.811,0.19336,1.094,100.0,119.0,26.55
364.911,0.19493,1.096,100.0,119.0,26.55
365.011,0.19555,1.098,100.0,119.0,26.55
365.111,0.19267,1.099,100.0,119.0,26.62
365.211,0.19271,1.101,100.0,119.0,26.62
365.311,0.19382,1.103,100.0,119.0,26.62
365.411,0.19553,1.105,100.0,119.0,26.64
365.511,0.20071,1.107,100.0,119.0,26.64
365.611,0.19562,1.108,100.0,119.0,26.64
365.711,0.19409,1.11,100.0,119.0,26.65
365.811,0.19516,1.112,100.0,119.0,26.65
365.911,0.19757,1.114,100.0,119.0,26.65
366.01,0.19382,1.116,100.0,119.0,26.67
366.111,0.1987,1.117,100.0,119.0,26.67
366.211,0.19463,1.119,100.0,119.0,26.67
366.311,0.1885,1.121,100.0,119.0,26.76
366.411,0.19618,1.123,100.0,119.0,26.76
366.511,0.1983,1.124,100.0,119.0,26.76
366.611,0.19405,1.126,100.0,119.0,26.76
366.711,0.20131,1.128,100.0,119.0,26.76
366.811,0.20041,1.13,100.0,119.0,26.76
366.911,0.19091,1.132,100.0,119.0,26.75
367.011,0.19312,1.133,100.0,119.0,26.75
367.111,0.19325,1.135,100.0,119.0,26.75
367.211,0.18654,1.137,100.0,119.0,26.75
367.311,0.19118,1.139,100.0,119.0,26.75
367.411,0.1908,1.141,100.0,119.0,26.75
367.511,0.19964,1.142,100.0,119.0,26.75
367.611,0.20652,1.144,100.0,119.0,26.75
367.711,0.19744,1.146,100.0,119.0,26.75
367.811,0.19385,1.148,100.0,119.0,26.75
367.911,0.19652,1.15,100.0,119.0,26.75
368.011,0.20111,1.151,100.0,119.0,26.75
368.111,0.2047,1.153,100.0,119.0,26.75
368.211,0.19542,1.155,100.0,119.0,26.75
368.311,0.19527,1.157,100.0,119.0,26.75
368.411,0.19522,1.159,100.0,119.0,26.75
368.511,0.20378,1.16,100.0,119.0,26.75
368.611,0.20516,1.162,100.0,119.0,26.75
368.711,0.19876,1.164,100.0,119.0,26.79
368.811,0.19218,1.166,100.0,119.0,26.79
368.911,0.19047,1.168,100.0,119.0,26.79
369.011,0.19535,1.169,100.0,119.0,26.78
369.111,0.19292,1.171,100.0,119.0,26.78
369.21,0.19752,1.173,100.0,119.0,26.78
369.311,0.20145,1.175,100.0,119.0,26.78
369.411,0.19631,1.176,100.0,119.0,26.78
369.511,0.19554,1.178,100.0,119.0,26.78
369.611,0.19588,1.18,100.0,119.0,26.77
369.711,0.20241,1.182,100.0,119.0,26.77
369.811,0.20781,1.184,100.0,119.0,26.77
369.911,0.20685,1.185,100.0,119.0,26.7
370.011,0.19772,1.187,100.0,119.0,26.7
370.111,0.19928,1.189,100.0,119.0,26.7
370.211,0.20345,1.191,100.0,119.0,26.67
370.311,0.19971,1.193,100.0,119.0,26.67
370.411,0.19828,1.194,100.0,119.0,26.67
370.511,0.19716,1.196,100.0,119.0,26.64
370.611,0.19439,1.198,100.0,119.0,26.64
370.711,0.19888,1.2,100.0,119.0,26.64
370.811,0.19918,1.202,100.0,119.0,26.58
370.911,0.19059,1.203,100.0,119.0,26.58
371.011,0.19087,1.205,100.0,119.0,26.58
371.111,0.19388,1.207,100.0,120.0,26.65
371.211,0.19831,1.209,100.0,119.0,26.65
371.311,0.20339,1.21,100.0,119.0,26.65
371.411,0.20169,1.212,100.0,119.0,26.55
371.511,0.19847,1.214,100.0,119.0,26.55
371.611,0.19948,1.216,100.0,119.0,26.55
371.711,0.19831,1.218,100.0,119.0,26.58
371.811,0.19559,1.219,100.0,119.0,26.58
371.911,0.20122,1.221,100.0,119.0,26.58
372.011,0.19965,1.223,100.0,119.0,26.6
372.111,0.19841,1.225,100.0,119.0,26.6
372.211,0.19344,1.227,100.0,119.0,26.6
372.311,0.2035,1.228,100.0,119.0,26.66
372.41,0.19442,1.23,100.0,119.0,26.66
372.511,0.19379,1.232,100.0,119.0,26.66
372.611,0.20351,1.234,100.0,119.0,26.71
372.711,0.20037,1.236,100.0,119.0,26.71
372.811,0.20089,1.237,100.0,119.0,26.71
372.911,0.19711,1.239,100.0,119.0,26.76
373.011,0.19199,1.241,100.0,119.0,26.76
373.111,0.18684,1.243,100.0,119.0,26.76
373.211,0.19592,1.244,100.0,119.0,26.76
373.311,0.19977,1.246,100.0,119.0,26.76
373.411,0.19996,1.248,100.0,119.0,26.76
373.511,0.19649,1.25,100.0,119.0,26.76
373.611,0.19934,1.252,100.0,119.0,26.76
373.711,0.20067,1.253,100.0,119.0,26.76
373.811,0.19915,1.255,100.0,119.0,26.79
373.911,0.19306,1.257,100.0,119.0,26.79
374.011,0.2037,1.259,100.0,119.0,26.79
374.111,0.2042,1.261,100.0,119.0,26.75
374.211,0.20067,1.262,100.0,119.0,26.75
374.311,0.20228,1.264,100.0,119.0,26.75
374.411,0.20746,1.266,100.0,119.0,26.75
374.511,0.20325,1.268,100.0,119.0,26.75
374.611,0.18815,1.269,100.0,119.0,26.75
374.711,0.19353,1.271,100.0,119.0,26.79
374.811,0.20106,1.273,100.0,119.0,26.79
374.911,0.20184,1.275,100.0,119.0,26.79
375.011,0.20189,1.277,100.0,119.0,26.78
375.111,0.19641,1.278,100.0,119.0,26.78
375.211,0.19671,1.28,100.0,119.0,26.78
375.311,0.1938,1.282,100.0,119.0,26.78
375.411,0.19226,1.284,100.0,119.0,26.78
375.511,0.18826,1.286,100.0,119.0,26.78
375.61,0.19521,1.287,100.0,119.0,26.77
375.711,0.20384,1.289,100.0,119.0,26.77
375.811,0.20241,1.291,100.0,119.0,26.77
375.911,0.19814,1.293,100.0,119.0,26.77
376.011,0.18868,1.295,100.0,119.0,26.77
376.111,0.19182,1.296,100.0,119.0,26.77
376.211,0.20132,1.298,100.0,119.0,26.8
376.311,0.20204,1.3,100.0,119.0,26.8
376.411,0.19896,1.302,100.0,119.0,26.8
376.511,0.19891,1.304,100.0,119.0,26.8
376.611,0.19838,1.305,100.0,119.0,26.8
376.711,0.20363,1.307,100.0,119.0,26.8
376.811,0.19896,1.309,100.0,119.0,26.75
376.911,0.19995,1.311,100.0,119.0,26.75
377.011,0.20466,1.312,100.0,119.0,26.75
377.111,0.19796,1.314,100.0,119.0,26.79
377.211,0.19869,1.316,100.0,119.0,26.79
377.311,0.19525,1.318,100.0,119.0,26.79
377.411,0.19114,1.32,100.0,119.0,26.78
377.511,0.2032,1.321,100.0,119.0,26.78
377.611,0.2017,1.323,100.0,119.0,26.78
377.711,0.19225,1.325,100.0,119.0,26.78
377.811,0.19768,1.327,100.0,119.0,26.78
377.911,0.19896,1.329,100.0,119.0,26.78
378.011,0.20342,1.33,100.0,119.0,26.85
378.111,0.19962,1.332,100.0,119.0,26.85
378.211,0.20001,1.334,100.0,119.0,26.85
378.311,0.20621,1.336,100.0,119.0,26.8
378.411,0.20177,1.338,100.0,119.0,26.8
378.511,0.19182,1.339,100.0,119.0,26.8
378.611,0.19508,1.341,100.0,119.0,26.83
378.711,0.2027,1.343,100.0,119.0,26.83
378.81,0.20493,1.345,100.0,119.0,26.83
378.911,0.19928,1.346,100.0,119.0,26.82
379.011,0.20157,1.348,100.0,119.0,26.82
379.111,0.19769,1.35,100.0,119.0,26.82
379.211,0.1992,1.352,100.0,119.0,26.81
379.311,0.19781,1.354,100.0,119.0,26.81
379.411,0.20814,1.355,100.0,119.0,26.81
379.511,0.20817,1.357,100.0,119.0,26.76
379.611,0.19828,1.359,100.0,119.0,26.76
379.711,0.1936,1.361,100.0,120.0,26.76
379.811,0.19854,1.363,100.0,119.0,26.72
379.911,0.20154,1.364,100.0,119.0,26.72
380.011,0.19675,1.366,100.0,119.0,26.72
380.111,0.19409,1.368,100.0,119.0,26.65
380.211,0.19098,1.37,100.0,119.0,26.65
380.311,0.19638,1.371,100.0,119.0,26.65
380.411,0.19762,1.373,100.0,119.0,26.59
380.511,0.19974,1.375,100.0,119.0,26.59
380.611,0.19857,1.377,100.0,119.0,26.59
380.711,0.20491,1.379,100.0,119.0,26.58
380.811,0.20451,1.38,100.0,119.0,26.58
380.911,0.1982,1.382,100.0,119.0,26.58
381.011,0.20849,1.384,100.0,119.0,26.6
381.111,0.2053,1.386,100.0,119.0,26.6
381.211,0.19871,1.388,100.0,119.0,26.6
381.311,0.19911,1.389,100.0,119.0,26.59
381.411,0.20027,1.391,100.0,119.0,26.59
381.511,0.20862,1.393,100.0,119.0,26.59
381.611,0.19407,1.395,100.0,119.0,26.57
381.711,0.19718,1.397,100.0,119.0,26.57
381.811,0.20015,1.398,100.0,119.0,26.57
381.911,0.19955,1.4,100.0,119.0,26.56
382.01,0.19807,1.402,100.0,119.0,26.56
382.111,0.20107,1.404,100.0,119.0,26.56
382.211,0.20144,1.405,100.0,119.0,26.59
382.311,0.20149,1.407,100.0,119.0,26.59
382.411,0.20209,1.409,100.0,119.0,26.59
382.511,0.20001,1.411,100.0,119.0,26.58
382.611,0.19594,1.413,100.0,119.0,26.58
382.711,0.20603,1.414,100.0,119.0,26.58
382.811,0.20365,1.416,100.0,119.0,26.64
382.911,0.1926,1.418,100.0,119.0,26.64
383.011,0.19338,1.42,100.0,119.0,26.64
383.111,0.1945,1.421,100.0,119.0,26.62
383.211,0.19468,1.423,100.0,119.0,26.62
383.311,0.19729,1.425,100.0,119.0,26.62
383.411,0.19316,1.427,100.0,119.0,26.64
383.511,0.19312,1.429,100.0,119.0,26.64
383.611,0.19644,1.43,100.0,119.0,26.64
383.711,0.1951,1.432,100.0,119.0,26.66
383.811,0.19475,1.434,100.0,119.0,26.66
383.911,0.19997,1.436,100.0,119.0,26.66
384.011,0.20089,1.438,100.0,119.0,26.67
384.111,0.19932,1.439,100.0,119.0,26.67
384.211,0.20198,1.441,100.0,119.0,26.67
384.311,0.19429,1.443,100.0,119.0,26.64
384.411,0.19409,1.445,100.0,119.0,26.64
384.511,0.1964,1.447,100.0,119.0,26.64
384.611,0.19939,1.448,100.0,119.0,26.66
384.711,0.19651,1.45,100.0,119.0,26.66
384.811,0.19984,1.452,100.0,119.0,26.66
384.911,0.19726,1.454,100.0,119.0,26.67
385.01,0.20373,1.455,100.0,119.0,26.67
385.111,0.20345,1.457,100.0,119.0,26.67
385.21,0.19627,1.459,100.0,119.0,26.65
385.311,0.19692,1.461,100.0,119.0,26.65
385.411,0.19741,1.463,100.0,119.0,26.65
385.511,0.19522,1.464,100.0,119.0,26.66
385.611,0.19408,1.466,100.0,119.0,26.66
385.711,0.19587,1.468,100.0,119.0,26.66
385.811,0.20028,1.47,100.0,119.0,26.68
385.911,0.1975,1.472,100.0,119.0,26.68
386.011,0.19729,1.473,100.0,119.0,26.68
386.111,0.19758,1.475,100.0,119.0,26.72
386.211,0.20199,1.477,100.0,119.0,26.72
386.311,0.19664,1.479,100.0,119.0,26.72
386.411,0.19315,1.48,100.0,119.0,26.73
386.511,0.19577,1.482,100.0,119.0,26.73
386.611,0.19861,1.484,100.0,119.0,26.73
386.711,0.20011,1.486,100.0,119.0,26.73
386.811,0.20023,1.488,100.0,119.0,26.73
386.911,0.19409,1.489,100.0,119.0,26.73
387.011,0.19675,1.491,100.0,119.0,26.7
387.111,0.20126,1.493,100.0,119.0,26.7
387.211,0.19888,1.495,100.0,119.0,26.7
387.311,0.19842,1.497,100.0,119.0,26.7
387.411,0.19791,1.498,100.0,119.0,26.7
387.511,0.19608,1.5,100.0,119.0,26.7
387.611,0.20057,1.502,100.0,119.0,26.71
387.711,0.19349,1.504,100.0,119.0,26.71
387.811,0.19113,1.506,100.0,119.0,26.71
387.911,0.19964,1.507,100.0,119.0,26.75
388.011,0.19851,1.509,100.0,119.0,26.75
388.111,0.20164,1.511,100.0,119.0,26.75
388.211,0.20429,1.513,100.0,119.0,26.72
388.311,0.20183,1.514,100.0,119.0,26.72
388.41,0.19642,1.516,100.0,119.0,26.72
388.511,0.2019,1.518,100.0,119.0,26.76
388.611,0.20175,1.52,100.0,119.0,26.76
388.711,0.19822,1.522,100.0,119.0,26.76
388.811,0.19726,1.523,100.0,119.0,26.76
388.911,0.19132,1.525,100.0,119.0,26.76
389.011,0.19347,1.527,100.0,119.0,26.76
389.111,0.19628,1.529,100.0,119.0,26.79
389.211,0.19686,1.531,100.0,119.0,26.79
389.311,0.20217,1.532,100.0,119.0,26.79
389.411,0.20031,1.534,100.0,119.0,26.83
389.511,0.20062,1.536,100.0,119.0,26.83
389.611,0.20673,1.538,100.0,119.0,26.83
389.711,0.20188,1.539,100.0,119.0,26.85
389.811,0.20533,1.541,100.0,119.0,26.85
389.911,0.19944,1.543,100.0,119.0,26.85
390.011,0.20109,1.545,100.0,119.0,26.87
390.111,0.20013,1.547,100.0,119.0,26.87
390.211,0.20358,1.548,100.0,119.0,26.87
390.311,0.19999,1.55,100.0,119.0,26.86
390.411,0.19933,1.552,100.0,119.0,26.86
390.511,0.19841,1.554,100.0,119.0,26.86
390.611,0.20234,1.556,100.0,119.0,26.88
390.711,0.20507,1.557,100.0,119.0,26.88
390.811,0.20089,1.559,100.0,119.0,26.88
390.911,0.19934,1.561,100.0,119.0,26.82
391.011,0.20341,1.563,100.0,119.0,26.82
391.111,0.20131,1.565,100.0,119.0,26.82
391.211,0.19951,1.566,100.0,119.0,26.81
391.311,0.20086,1.568,100.0,119.0,26.81
391.411,0.19838,1.57,100.0,119.0,26.81
391.511,0.19465,1.572,100.0,119.0,26.76
391.61,0.19989,1.573,100.0,119.0,26.76
391.711,0.20563,1.575,100.0,119.0,26.76
391.811,0.19965,1.577,100.0,119.0,26.76
391.911,0.19808,1.579,100.0,119.0,26.76
392.011,0.20088,1.581,100.0,119.0,26.76
392.111,0.19951,1.582,100.0,119.0,26.8
392.211,0.19012,1.584,100.0,119.0,26.8
392.311,0.18827,1.586,100.0,119.0,26.8
392.411,0.19613,1.588,100.0,119.0,26.83
392.511,0.19409,1.59,100.0,119.0,26.83
392.611,0.20064,1.591,100.0,119.0,26.83
392.711,0.19967,1.593,100.0,119.0,26.82
392.811,0.19754,1.595,100.0,119.0,26.82
392.911,0.19577,1.597,100.0,119.0,26.82
393.011,0.19701,1.599,100.0,119.0,26.81
393.11,0.20186,1.6,100.0,119.0,26.81
393.211,0.2023,1.602,100.0,119.0,26.81
393.311,0.19894,1.604,100.0,119.0,26.8
393.411,0.19545,1.606,100.0,119.0,26.8
393.511,0.19005,1.608,100.0,119.0,26.8
393.611,0.19425,1.609,100.0,119.0,26.83
393.711,0.19624,1.611,100.0,119.0,26.83
393.811,0.19948,1.613,100.0,119.0,26.83
393.911,0.2028,1.615,100.0,119.0,26.78
394.011,0.19886,1.616,100.0,119.0,26.78
394.111,0.2002,1.618,100.0,119.0,26.78
394.211,0.19892,1.62,100.0,119.0,26.74
394.311,0.20561,1.622,100.0,119.0,26.74
394.411,0.20679,1.624,100.0,119.0,26.74
394.511,0.20446,1.625,100.0,119.0,26.78
394.611,0.20442,1.627,100.0,119.0,26.78
394.711,0.19929,1.629,100.0,119.0,26.78
394.81,0.19797,1.631,100.0,119.0,26.77
394.911,0.20272,1.633,100.0,119.0,26.77
395.011,0.19582,1.634,100.0,119.0,26.77
395.111,0.1961,1.636,100.0,119.0,26.77
395.211,0.20217,1.638,100.0,119.0,26.77
395.311,0.20218,1.64,100.0,119.0,26.77
395.411,0.19929,1.642,100.0,119.0,26.8
395.511,0.20332,1.643,100.0,119.0,26.8
395.611,0.20503,1.645,100.0,119.0,26.8
395.711,0.21474,1.647,100.0,119.0,26.8
395.811,0.21881,1.649,100.0,119.0,26.8
395.911,0.21696,1.651,100.0,119.0,26.8
396.011,0.23539,1.652,100.0,119.0,26.79
396.111,0.23942,1.654,100.0,119.0,26.79
396.211,0.24804,1.656,100.0,119.0,26.79
396.311,0.25608,1.658,100.0,119.0,26.78
396.411,0.25961,1.659,100.0,119.0,26.78
396.511,0.26888,1.661,100.0,119.0,26.78
396.611,0.27398,1.663,100.0,119.0,26.78
396.711,0.28904,1.665,100.0,119.0,26.78
396.811,0.29926,1.667,100.0,119.0,26.78
396.911,0.31018,1.668,100.0,119.0,26.74
397.011,0.31791,1.67,100.0,119.0,26.74
397.111,0.31946,1.672,100.0,119.0,26.74
397.211,0.33598,1.674,100.0,119.0,26.7
397.311,0.34927,1.676,100.0,119.0,26.7
397.411,0.3591,1.677,100.0,119.0,26.7
397.511,0.36295,1.679,100.0,119.0,26.75
397.611,0.37116,1.681,100.0,119.0,26.75
397.711,0.38348,1.683,100.0,119.0,26.75
397.811,0.39405,1.685,100.0,119.0,26.75
397.911,0.40804,1.686,100.0,119.0,26.75
398.01,0.41879,1.688,100.0,119.0,26.75
398.111,0.42185,1.69,100.0,119.0,26.78
398.211,0.43282,1.692,100.0,119.0,26.78
398.311,0.44614,1.693,100.0,119.0,26.78
398.411,0.46606,1.695,100.0,119.0,26.74
398.511,0.47499,1.697,100.0,119.0,26.74
398.611,0.48954,1.699,100.0,119.0,26.74
398.711,0.50724,1.701,100.0,119.0,26.78
398.811,0.51351,1.702,100.0,119.0,26.78
398.911,0.52784,1.704,100.0,119.0,26.78
399.011,0.54564,1.706,100.0,119.0,26.74
399.111,0.56184,1.708,100.0,119.0,26.74
399.211,0.57581,1.71,100.0,119.0,26.74
399.311,0.58762,1.711,100.0,119.0,26.7
399.411,0.598,1.713,100.0,119.0,26.7
399.511,0.63066,1.715,100.0,119.0,26.7
399.611,0.6427,1.717,100.0,119.0,26.75
399.711,0.66065,1.718,100.0,119.0,26.75
399.811,0.67306,1.72,100.0,119.0,26.75
399.911,0.68105,1.722,100.0,119.0,26.82
400.011,0.69074,1.724,100.0,119.0,26.82
400.111,0.72869,1.726,100.0,119.0,26.82
400.211,0.7436,1.727,100.0,119.0,26.81
400.311,0.75891,1.729,100.0,119.0,26.81
400.411,0.77188,1.731,100.0,120.0,26.81
400.511,0.78477,1.733,100.0,119.0,26.84
400.611,0.80231,1.735,100.0,119.0,26.84
400.711,0.82576,1.736,100.0,119.0,26.84
400.811,0.8374,1.738,100.0,119.0,26.83
400.911,0.84611,1.74,100.0,119.0,26.83
401.011,0.85528,1.742,100.0,119.0,26.83
401.111,0.86975,1.744,100.0,119.0,26.78
401.21,0.9033,1.745,100.0,119.0,26.78
401.311,0.91841,1.747,100.0,119.0,26.78
401.411,0.92675,1.749,100.0,119.0,26.81
401.511,0.93803,1.751,100.0,119.0,26.81
401.611,0.94748,1.752,100.0,119.0,26.81
401.711,0.95562,1.754,100.0,119.0,26.84
401.811,0.99166,1.756,100.0,119.0,26.84
401.911,1.00775,1.758,100.0,119.0,26.84
402.011,1.0232,1.76,100.0,119.0,26.86
402.111,1.03549,1.761,100.0,119.0,26.86
402.211,1.05011,1.763,100.0,119.0,26.86
402.311,1.06303,1.765,100.0,119.0,26.81
402.411,1.08566,1.767,100.0,119.0,26.81
402.511,1.09893,1.769,100.0,119.0,26.81
402.611,1.11254,1.77,100.0,119.0,26.8
402.711,1.13177,1.772,100.0,119.0,26.8
402.811,1.14804,1.774,100.0,119.0,26.8
402.911,1.16161,1.776,100.0,119.0,26.87
403.011,1.19513,1.777,100.0,119.0,26.87
403.111,1.2109,1.779,100.0,119.0,26.87
403.211,1.22317,1.781,100.0,119.0,26.81
403.311,1.23986,1.783,100.0,119.0,26.81
403.411,1.25297,1.785,100.0,119.0,26.81
403.511,1.26794,1.786,100.0,119.0,26.8
403.611,1.2974,1.788,100.0,119.0,26.8
403.711,1.30961,1.79,100.0,119.0,26.8
403.811,1.32393,1.792,100.0,119.0,26.83
403.911,1.3441,1.794,100.0,119.0,26.83
404.011,1.36108,1.795,100.0,119.0,26.83
404.111,1.39017,1.797,100.0,119.0,26.78
404.211,1.40503,1.799,100.0,119.0,26.78
404.311,1.41947,1.801,100.0,119.0,26.78
404.41,1.43557,1.802,100.0,119.0,26.78
404.511,1.45093,1.804,100.0,119.0,26.78
404.611,1.45991,1.806,100.0,119.0,26.78
404.711,1.49223,1.808,100.0,119.0,26.77
404.811,1.50726,1.81,100.0,119.0,26.77
404.911,1.51987,1.811,100.0,119.0,26.77
405.011,1.5314,1.813,100.0,119.0,26.77
405.111,1.54035,1.815,100.0,119.0,26.77
405.211,1.5557,1.817,100.0,119.0,26.77
405.311,1.58607,1.819,100.0,119.0,26.8
405.411,1.59317,1.82,100.0,119.0,26.8
405.511,1.60867,1.822,100.0,119.0,26.8
405.611,1.62402,1.824,100.0,119.0,26.83
405.711,1.63916,1.826,100.0,119.0,26.83
405.811,1.65401,1.828,100.0,119.0,26.83
405.911,1.68224,1.829,100.0,119.0,26.82
406.011,1.69816,1.831,100.0,119.0,26.82
406.111,1.70782,1.833,100.0,119.0,26.82
406.211,1.71638,1.835,100.0,119.0,26.85
406.311,1.72924,1.837,100.0,119.0,26.85
406.411,1.76379,1.838,100.0,119.0,26.85
406.511,1.77586,1.84,100.0,119.0,26.87
406.611,1.79029,1.842,100.0,119.0,26.87
406.711,1.80063,1.844,100.0,119.0,26.87
406.811,1.82158,1.845,100.0,119.0,26.82
406.911,1.84214,1.847,100.0,119.0,26.82
407.011,1.87013,1.849,100.0,119.0,26.82
407.111,1.88303,1.851,100.0,119.0,26.84
407.211,1.89933,1.853,100.0,119.0,26.84
407.311,1.91184,1.854,100.0,119.0,26.84
407.411,1.92426,1.856,100.0,119.0,26.87
407.511,1.93659,1.858,100.0,119.0,26.87
407.61,1.96398,1.86,100.0,119.0,26.87
407.711,1.97877,1.862,100.0,119.0,26.85
407.811,1.99797,1.863,100.0,119.0,26.85
407.911,2.01073,1.865,100.0,119.0,26.85
408.011,2.02735,1.867,100.0,119.0,26.91
408.111,2.03877,1.869,100.0,119.0,26.91
408.211,2.0742,1.871,100.0,119.0,26.91
408.311,2.08719,1.872,100.0,119.0,26.96
408.411,2.10018,1.874,100.0,119.0,26.96
408.511,2.10956,1.876,100.0,119.0,26.96
408.611,2.12336,1.878,100.0,119.0,26.93
408.711,2.14477,1.88,100.0,119.0,26.93
408.811,2.17372,1.881,100.0,119.0,26.93
408.911,2.18832,1.883,100.0,119.0,26.86
409.011,2.20215,1.885,100.0,119.0,26.86
409.111,2.21262,1.887,100.0,119.0,26.86
409.211,2.23062,1.888,100.0,119.0,26.85
409.31,2.2669,1.89,100.0,119.0,26.85
409.411,2.2814,1.892,100.0,119.0,26.85
409.511,2.28783,1.894,100.0,119.0,26.83
409.611,2.30472,1.896,100.0,119.0,26.83
409.711,2.32109,1.897,100.0,119.0,26.83
409.811,2.33274,1.899,100.0,119.0,26.82
409.911,2.36891,1.901,100.0,119.0,26.82
410.011,2.37707,1.903,100.0,119.0,26.82
410.111,2.40004,1.905,100.0,119.0,26.77
410.211,2.41913,1.906,100.0,119.0,26.77
410.311,2.43566,1.908,100.0,119.0,26.77
410.411,2.45338,1.91,100.0,119.0,26.77
410.511,2.49172,1.912,100.0,119.0,26.77
410.611,2.50596,1.913,100.0,119.0,26.77
410.711,2.51668,1.915,100.0,119.0,26.8
410.81,2.53754,1.917,100.0,119.0,26.8
410.911,2.56346,1.919,100.0,119.0,26.8
411.011,2.57576,1.921,100.0,119.0,26.8
411.111,2.61074,1.922,100.0,119.0,26.8
411.211,2.62842,1.924,100.0,119.0,26.8
411.311,2.64785,1.926,100.0,119.0,26.79
411.411,2.66387,1.928,100.0,119.0,26.79
411.511,2.6851,1.93,100.0,119.0,26.79
411.611,2.70794,1.931,100.0,119.0,26.78
411.711,2.74762,1.933,100.0,119.0,26.78
411.811,2.76574,1.935,100.0,119.0,26.78
411.911,2.79086,1.937,100.0,119.0,26.78
412.011,2.80741,1.938,100.0,119.0,26.78
412.111,2.82418,1.94,100.0,119.0,26.78
412.211,2.85629,1.942,100.0,119.0,26.77
412.311,2.8724,1.944,100.0,119.0,26.77
412.411,2.88782,1.946,100.0,119.0,26.77
412.511,2.91552,1.947,100.0,119.0,26.81
412.611,2.93148,1.949,100.0,119.0,26.81
412.711,2.94888,1.951,100.0,119.0,26.81
412.811,2.97684,1.953,100.0,119.0,26.84
412.911,2.99985,1.955,100.0,119.0,26.84
413.011,3.01947,1.956,100.0,119.0,26.84
413.111,3.03173,1.958,100.0,119.0,26.86
413.211,3.05216,1.96,100.0,119.0,26.86
413.311,3.07085,1.962,100.0,119.0,26.86
413.411,3.10404,1.963,100.0,119.0,26.81
413.511,3.12547,1.965,100.0,119.0,26.81
413.611,3.14912,1.967,100.0,119.0,26.81
413.711,3.16069,1.969,100.0,119.0,26.84
413.811,3.1755,1.971,100.0,119.0,26.84
413.911,3.19352,1.972,100.0,119.0,26.84
414.01,3.23262,1.974,100.0,119.0,26.86
414.111,3.2545,1.976,100.0,119.0,26.86
414.211,3.27506,1.978,100.0,119.0,26.86
414.311,3.29286,1.98,100.0,119.0,26.84
414.411,3.31274,1.981,100.0,119.0,26.84
414.511,3.33755,1.983,100.0,119.0,26.84
414.611,3.37227,1.985,100.0,119.0,26.87
414.711,3.38257,1.987,100.0,119.0,26.87
414.811,3.39772,1.988,100.0,119.0,26.87
414.911,3.4165,1.99,100.0,119.0,26.85
415.011,3.42529,1.992,100.0,119.0,26.85
415.111,3.4531,1.994,100.0,119.0,26.85
415.211,3.47386,1.996,100.0,119.0,26.83
415.311,3.48296,1.997,100.0,119.0,26.83
415.411,3.49998,1.999,100.0,119.0,26.83
415.511,3.51413,2.001,100.0,119.0,26.86
415.611,3.52457,2.003,100.0,119.0,26.86
415.711,3.55894,2.005,100.0,119.0,26.86
415.811,3.57013,2.006,100.0,119.0,26.77
415.911,3.58376,2.008,100.0,119.0,26.77
416.011,3.5967,2.01,100.0,119.0,26.77
416.111,3.60415,2.012,100.0,119.0,26.8
416.211,3.61432,2.014,100.0,119.0,26.8
416.311,3.65263,2.015,100.0,119.0,26.8
416.411,3.6646,2.017,100.0,119.0,26.83
416.511,3.67526,2.019,100.0,119.0,26.83
416.611,3.68856,2.021,100.0,119.0,26.83
416.711,3.69947,2.022,100.0,119.0,26.86
416.811,3.70564,2.024,100.0,119.0,26.86
416.911,3.73593,2.026,100.0,119.0,26.86
417.011,3.74512,2.028,100.0,119.0,26.84
417.111,3.76,2.03,100.0,119.0,26.84
417.21,3.77138,2.031,100.0,119.0,26.84
417.311,3.78525,2.033,100.0,119.0,26.9
417.411,3.81312,2.035,100.0,119.0,26.9
417.511,3.82272,2.037,100.0,119.0,26.9
417.611,3.83646,2.039,100.0,119.0,26.95
417.711,3.84773,2.04,100.0,119.0,26.95
417.811,3.85601,2.042,100.0,119.0,26.95
417.911,3.86546,2.044,100.0,119.0,27.0
418.011,3.89865,2.046,100.0,119.0,27.0
418.111,3.9088,2.047,100.0,119.0,27.0
418.211,3.9155,2.049,100.0,119.0,27.04
418.311,3.93396,2.051,100.0,119.0,27.04
418.411,3.95332,2.053,100.0,119.0,27.04
418.511,3.96623,2.055,100.0,119.0,26.99
418.611,3.98446,2.056,100.0,119.0,26.99
418.711,3.99151,2.058,100.0,119.0,26.99
418.811,4.00689,2.06,100.0,119.0,27.03
418.911,4.02081,2.062,100.0,119.0,27.03
419.011,4.03536,2.064,100.0,119.0,27.03
419.111,4.05234,2.065,100.0,119.0,26.95
419.211,4.07901,2.067,100.0,119.0,26.95
419.311,4.09685,2.069,100.0,119.0,26.95
419.411,4.10964,2.071,100.0,119.0,26.96
419.511,4.1262,2.072,100.0,119.0,26.96
419.611,4.13962,2.074,100.0,119.0,26.96
419.711,4.15471,2.076,100.0,119.0,26.89
419.811,4.17391,2.078,100.0,119.0,26.89
419.911,4.18664,2.08,100.0,119.0,26.89
420.011,4.20053,2.081,100.0,119.0,26.94
420.111,4.21875,2.083,100.0,119.0,26.94
420.211,4.23598,2.085,100.0,119.0,26.94
420.311,4.25782,2.087,100.0,119.0,26.84
420.41,4.27291,2.088,100.0,119.0,26.84
420.511,4.28395,2.09,100.0,119.0,26.84
420.611,4.29225,2.092,100.0,119.0,26.83
420.711,4.30845,2.094,100.0,119.0,26.83
420.811,4.32088,2.096,100.0,119.0,26.83
420.911,4.34249,2.097,100.0,119.0,26.82
421.011,4.35323,2.099,100.0,119.0,26.82
421.111,4.36448,2.101,100.0,119.0,26.82
421.211,4.37719,2.103,100.0,119.0,26.88
421.311,4.39386,2.105,100.0,119.0,26.88
421.411,4.40355,2.106,100.0,119.0,26.88
421.511,4.42915,2.108,100.0,119.0,26.9
421.611,4.44441,2.11,100.0,119.0,26.9
421.711,4.45434,2.112,100.0,119.0,26.9
421.811,4.46109,2.114,100.0,119.0,26.99
421.911,4.47493,2.115,100.0,119.0,26.99
422.011,4.49232,2.117,100.0,119.0,26.99
422.111,4.51675,2.119,100.0,119.0,27.03
422.211,4.52482,2.121,100.0,119.0,27.03
422.311,4.53297,2.122,100.0,119.0,27.03
422.411,4.54771,2.124,100.0,119.0,27.02
422.511,4.55727,2.126,100.0,119.0,27.02
422.611,4.56365,2.128,100.0,119.0,27.02
422.711,4.59236,2.13,100.0,119.0,27.06
422.811,4.59568,2.131,100.0,119.0,27.06
422.911,4.6047,2.133,100.0,119.0,27.06
423.011,4.61744,2.135,100.0,119.0,27.01
423.111,4.62762,2.137,100.0,119.0,27.01
423.211,4.6527,2.138,100.0,119.0,27.01
423.311,4.66148,2.14,100.0,119.0,27.08
423.411,4.67344,2.142,100.0,119.0,27.08
423.511,4.68156,2.144,100.0,119.0,27.08
423.61,4.68225,2.146,100.0,119.0,27.07
423.711,4.68619,2.147,100.0,119.0,27.07
423.811,4.70592,2.149,100.0,119.0,27.07
423.911,4.71337,2.151,100.0,119.0,27.1
424.011,4.72561,2.153,100.0,119.0,27.1
424.111,4.73592,2.155,100.0,119.0,27.1
424.211,4.73945,2.156,100.0,119.0,27.12
424.311,4.74771,2.158,100.0,119.0,27.12
424.411,4.75574,2.16,100.0,119.0,27.12
424.511,4.75705,2.162,100.0,119.0,27.14
424.611,4.76024,2.164,100.0,119.0,27.14
424.711,4.76874,2.165,100.0,119.0,27.14
424.811,4.77187,2.167,100.0,119.0,27.12
424.911,4.77918,2.169,100.0,119.0,27.12
425.011,4.78982,2.171,100.0,119.0,27.12
425.111,4.79688,2.172,100.0,119.0,27.06
425.211,4.79431,2.174,100.0,119.0,27.06
425.311,4.79518,2.176,100.0,119.0,27.06
425.411,4.80481,2.178,100.0,119.0,27.05
425.511,4.8093,2.18,100.0,119.0,27.05
425.612,4.80835,2.181,100.0,119.0,27.05
425.712,4.81478,2.183,100.0,119.0,26.97
425.812,4.81864,2.185,100.0,119.0,26.97
425.912,4.82021,2.187,100.0,119.0,26.97
426.012,4.82052,2.189,100.0,119.0,27.01
426.112,4.81892,2.19,100.0,119.0,27.01
426.212,4.82177,2.192,100.0,119.0,27.01
426.312,4.828,2.194,100.0,119.0,27.01
426.412,4.83341,2.196,100.0,119.0,27.01
426.512,4.83762,2.198,100.0,119.0,27.01
426.613,4.83844,2.199,100.0,119.0,27.01
426.713,4.84267,2.201,100.0,119.0,27.01
426.813,4.84778,2.203,100.0,119.0,27.01
426.913,4.84898,2.205,100.0,119.0,27.05
427.013,4.85329,2.207,100.0,119.0,27.05
427.113,4.85839,2.208,100.0,119.0,27.05
427.213,4.85703,2.21,100.0,119.0,27.04
427.313,4.86302,2.212,100.0,120.0,27.04
427.413,4.86598,2.214,100.0,119.0,27.04
427.513,4.86485,2.216,100.0,119.0,27.11
427.613,4.87183,2.217,100.0,119.0,27.11
427.713,4.87005,2.219,100.0,119.0,27.11
427.813,4.87868,2.221,100.0,119.0,27.09
427.913,4.88706,2.223,100.0,119.0,27.09
428.013,4.8843,2.224,100.0,119.0,27.09
428.113,4.88323,2.226,100.0,119.0,27.08
428.213,4.88136,2.228,100.0,119.0,27.08
428.313,4.89064,2.23,100.0,119.0,27.08
428.413,4.90083,2.232,100.0,119.0,27.1
428.513,4.89567,2.233,100.0,119.0,27.1
428.613,4.89943,2.235,100.0,119.0,27.1
428.713,4.90771,2.237,100.0,120.0,27.13
428.813,4.9086,2.239,100.0,119.0,27.13
428.913,4.91225,2.241,100.0,119.0,27.13
429.013,4.91113,2.242,100.0,119.0,27.14
429.113,4.91496,2.244,100.0,119.0,27.14
429.213,4.91649,2.246,100.0,119.0,27.14
429.313,4.92223,2.248,100.0,119.0,27.16
429.413,4.92292,2.25,100.0,119.0,27.16
429.514,4.91711,2.251,100.0,119.0,27.16
429.614,4.92812,2.253,100.0,119.0,27.14
429.714,4.93359,2.255,100.0,119.0,27.14
429.814,4.94065,2.257,100.0,119.0,27.14
429.914,4.93853,2.259,100.0,119.0,27.15
430.014,4.93603,2.26,100.0,119.0,27.15
430.114,4.93555,2.262,100.0,119.0,27.15
430.214,4.94603,2.264,100.0,119.0,27.13
430.314,4.94626,2.266,100.0,119.0,27.13
430.414,4.94747,2.267,100.0,119.0,27.13
430.514,4.95305,2.269,100.0,119.0,27.07
430.614,4.95536,2.271,100.0,119.0,27.07
430.714,4.96071,2.273,100.0,119.0,27.07
430.814,4.96342,2.275,100.0,119.0,27.06
430.914,4.96837,2.276,100.0,119.0,27.06
431.014,4.96626,2.278,100.0,119.0,27.06
431.114,4.96554,2.28,100.0,119.0,27.05
431.214,4.96716,2.282,100.0,119.0,27.05
431.314,4.97885,2.284,100.0,119.0,27.05
431.414,4.97894,2.285,100.0,119.0,27.04
431.514,4.98216,2.287,100.0,119.0,27.04
431.614,4.98233,2.289,100.0,119.0,27.04
431.714,4.98109,2.291,100.0,119.0,27.08
431.814,4.9865,2.293,100.0,119.0,27.08
431.914,4.99211,2.294,100.0,119.0,27.08
432.014,4.99189,2.296,100.0,119.0,27.1
432.114,4.98577,2.298,100.0,119.0,27.1
432.214,4.98994,2.3,100.0,119.0,27.1
432.314,5.00119,2.301,100.0,119.0,27.01
432.415,5.00415,2.303,100.0,119.0,27.01
432.515,5.01106,2.305,100.0,119.0,27.01
432.615,5.01053,2.307,100.0,119.0,27.08
432.715,5.00957,2.309,100.0,119.0,27.08
432.815,5.01435,2.31,100.0,119.0,27.08
432.915,5.01262,2.312,100.0,119.0,27.07
433.015,5.01786,2.314,100.0,119.0,27.07
433.115,5.01911,2.316,100.0,119.0,27.07
433.215,5.02251,2.318,100.0,119.0,27.06
433.315,5.02663,2.319,100.0,119.0,27.06
433.415,5.02984,2.321,100.0,119.0,27.06
433.515,5.03163,2.323,100.0,119.0,27.09
433.615,5.0302,2.325,100.0,119.0,27.09
433.715,5.03731,2.327,100.0,119.0,27.09
433.815,5.0362,2.328,100.0,119.0,27.15
433.915,5.04079,2.33,100.0,119.0,27.15
434.015,5.04482,2.332,100.0,119.0,27.15
434.115,5.04653,2.334,100.0,119.0,27.2
434.215,5.04469,2.335,100.0,119.0,27.2
434.315,5.05511,2.337,100.0,119.0,27.2
434.415,5.05135,2.339,100.0,119.0,27.17
434.515,5.05138,2.341,100.0,119.0,27.17
434.615,5.06031,2.343,100.0,119.0,27.17
434.715,5.06095,2.344,100.0,119.0,27.18
434.815,5.05556,2.346,100.0,119.0,27.18
434.915,5.05842,2.348,100.0,119.0,27.18
435.015,5.06016,2.35,100.0,119.0,27.19
435.115,5.06397,2.352,100.0,119.0,27.19
435.215,5.06308,2.353,100.0,119.0,27.19
435.315,5.06247,2.355,100.0,119.0,27.2
435.415,5.07479,2.357,100.0,119.0,27.2
435.514,5.07994,2.359,100.0,119.0,27.2
435.615,5.08021,2.36,100.0,119.0,27.17
435.715,5.07688,2.362,100.0,119.0,27.17
435.815,5.07237,2.364,100.0,119.0,27.17
435.915,5.08004,2.366,100.0,119.0,27.15
436.015,5.08439,2.368,100.0,119.0,27.15
436.115,5.08686,2.369,100.0,119.0,27.15
436.215,5.08359,2.371,100.0,119.0,27.16
436.315,5.07745,2.373,100.0,119.0,27.16
436.415,5.08662,2.375,100.0,119.0,27.16
436.515,5.09609,2.377,100.0,119.0,27.18
436.615,5.09373,2.378,100.0,119.0,27.18
436.715,5.0942,2.38,100.0,119.0,27.18
436.815,5.10094,2.382,100.0,119.0,27.22
436.915,5.10231,2.384,100.0,119.0,27.22
437.015,5.1017,2.386,100.0,119.0,27.22
437.115,5.10321,2.387,100.0,119.0,27.23
437.215,5.10716,2.389,100.0,119.0,27.23
437.315,5.10735,2.391,100.0,119.0,27.23
437.415,5.11291,2.393,100.0,119.0,27.19
437.515,5.10953,2.394,100.0,119.0,27.19
437.615,5.10858,2.396,100.0,119.0,27.19
437.715,5.11872,2.398,100.0,119.0,27.2
437.815,5.12137,2.4,100.0,119.0,27.2
437.915,5.12283,2.402,100.0,119.0,27.2
438.015,5.12078,2.403,100.0,119.0,27.13
438.115,5.12449,2.405,100.0,119.0,27.13
438.215,5.12815,2.407,100.0,119.0,27.13
438.315,5.13386,2.409,100.0,119.0,27.19
438.415,5.12968,2.41,100.0,119.0,27.19
438.515,5.1298,2.412,100.0,119.0,27.19
438.615,5.1281,2.414,100.0,119.0,27.16
438.714,5.13457,2.416,100.0,119.0,27.16
438.815,5.13483,2.418,100.0,119.0,27.16
438.915,5.13813,2.419,100.0,119.0,27.17
439.015,5.13852,2.421,100.0,119.0,27.17
439.115,5.13695,2.423,100.0,119.0,27.17
439.215,5.1371,2.425,100.0,120.0,27.15
439.315,5.14437,2.427,100.0,119.0,27.15
439.415,5.15019,2.428,100.0,119.0,27.15
439.515,5.15354,2.43,100.0,119.0,27.16
439.615,5.15449,2.432,100.0,119.0,27.16
439.715,5.15232,2.434,100.0,119.0,27.16
439.815,5.15934,2.436,100.0,119.0,27.21
439.915,5.15826,2.437,100.0,119.0,27.21
440.015,5.16409,2.439,100.0,119.0,27.21
440.115,5.16699,2.441,100.0,119.0,27.29
440.215,5.16492,2.443,100.0,119.0,27.29
440.315,5.1619,2.444,100.0,119.0,27.29
440.415,5.17261,2.446,100.0,119.0,27.21
440.515,5.17414,2.448,100.0,119.0,27.21
440.615,5.17433,2.45,100.0,119.0,27.21
440.715,5.17161,2.452,100.0,119.0,27.22
440.815,5.17274,2.453,100.0,119.0,27.22
440.915,5.17827,2.455,100.0,119.0,27.22
441.015,5.1794,2.457,100.0,119.0,27.26
441.115,5.18063,2.459,100.0,119.0,27.26
441.215,5.18772,2.461,100.0,119.0,27.26
441.315,5.18145,2.462,100.0,119.0,27.15
441.415,5.18471,2.464,100.0,119.0,27.15
441.515,5.1867,2.466,100.0,119.0,27.15
441.615,5.18482,2.468,100.0,119.0,27.16
441.715,5.19694,2.47,100.0,119.0,27.16
441.815,5.19735,2.471,100.0,119.0,27.16
441.914,5.19953,2.473,100.0,119.0,27.18
442.015,5.19939,2.475,100.0,119.0,27.18
442.115,5.19826,2.477,100.0,119.0,27.18
442.215,5.19895,2.478,100.0,119.0,27.19
442.315,5.20198,2.48,100.0,119.0,27.19
442.415,5.20372,2.482,100.0,119.0,27.19
442.515,5.20673,2.484,100.0,119.0,27.23
442.615,5.20431,2.486,100.0,119.0,27.23
442.715,5.20262,2.487,100.0,119.0,27.23
442.815,5.20715,2.489,100.0,119.0,27.24
442.915,5.21768,2.491,100.0,119.0,27.24
443.015,5.22382,2.493,100.0,119.0,27.24
443.115,5.22531,2.495,100.0,119.0,27.28
443.215,5.22128,2.496,100.0,119.0,27.28
443.315,5.21808,2.498,100.0,119.0,27.28
443.415,5.21845,2.5,100.0,119.0,27.31
443.515,5.22647,2.502,100.0,119.0,27.31
443.615,5.23131,2.503,100.0,119.0,27.31
443.715,5.23669,2.505,100.0,119.0,27.34
443.815,5.23699,2.507,100.0,119.0,27.34
443.915,5.23192,2.509,100.0,119.0,27.34
444.015,5.24015,2.511,100.0,119.0,27.32
444.116,5.24528,2.512,100.0,119.0,27.32
444.216,5.24027,2.514,100.0,119.0,27.32
444.316,5.23862,2.516,100.0,119.0,27.31
444.416,5.23959,2.518,100.0,119.0,27.31
444.516,5.24313,2.52,100.0,119.0,27.31
444.616,5.23686,2.521,100.0,119.0,27.34
444.716,5.24057,2.523,100.0,119.0,27.34
444.816,5.24848,2.525,100.0,119.0,27.34
444.917,5.25369,2.527,100.0,119.0,27.33
445.017,5.25219,2.529,100.0,119.0,27.33
445.117,5.24751,2.53,100.0,119.0,27.33
445.217,5.25575,2.532,100.0,119.0,27.32
445.317,5.25468,2.534,100.0,119.0,27.32
445.417,5.25981,2.536,100.0,119.0,27.32
445.517,5.2637,2.538,100.0,119.0,27.34
445.617,5.2632,2.539,100.0,119.0,27.34
445.717,5.26632,2.541,100.0,119.0,27.34
445.817,5.26713,2.543,100.0,119.0,27.37
445.917,5.26867,2.545,100.0,119.0,27.37
446.017,5.27095,2.546,100.0,119.0,27.37
446.117,5.27265,2.548,100.0,119.0,27.31
446.217,5.27184,2.55,100.0,119.0,27.31
446.317,5.27362,2.552,100.0,119.0,27.31
446.417,5.273,2.554,100.0,119.0,27.27
446.517,5.27952,2.555,100.0,119.0,27.27
446.617,5.27886,2.557,100.0,119.0,27.27
446.717,5.27365,2.559,100.0,119.0,27.26
446.817,5.2772,2.561,100.0,119.0,27.26
446.917,5.27864,2.562,100.0,119.0,27.26
447.017,5.28439,2.564,100.0,119.0,27.26
447.117,5.28527,2.566,100.0,119.0,27.26
447.217,5.28781,2.568,100.0,119.0,27.26
447.317,5.28459,2.57,100.0,119.0,27.22
447.417,5.29115,2.571,100.0,119.0,27.22
447.517,5.29981,2.573,100.0,119.0,27.22
447.617,5.29536,2.575,100.0,119.0,27.26
447.717,5.29331,2.577,100.0,119.0,27.26
447.818,5.29835,2.579,100.0,119.0,27.26
447.918,5.30267,2.58,100.0,119.0,27.22
448.018,5.30447,2.582,100.0,119.0,27.22
448.118,5.29742,2.584,100.0,119.0,27.22
448.218,5.29924,2.586,100.0,119.0,27.27
448.318,5.30957,2.587,100.0,119.0,27.27
448.418,5.31049,2.589,100.0,119.0,27.27
448.518,5.31029,2.591,100.0,119.0,27.26
448.618,5.30226,2.593,100.0,119.0,27.26
448.718,5.31181,2.595,100.0,119.0,27.26
448.818,5.31108,2.596,100.0,119.0,27.3
448.918,5.31411,2.598,100.0,119.0,27.3
449.018,5.3267,2.6,100.0,119.0,27.3
449.118,5.32212,2.602,100.0,119.0,27.33
449.218,5.32115,2.604,100.0,119.0,27.33
449.318,5.32838,2.605,100.0,119.0,27.33
449.418,5.32974,2.607,100.0,119.0,27.35
449.518,5.32881,2.609,100.0,119.0,27.35
449.618,5.32818,2.611,100.0,119.0,27.35
449.718,5.33048,2.613,100.0,119.0,27.41
449.818,5.32904,2.614,100.0,119.0,27.41
449.918,5.32877,2.616,100.0,119.0,27.41
450.018,5.33313,2.618,100.0,119.0,27.31
450.118,5.33725,2.62,100.0,119.0,27.31
450.218,5.33549,2.622,100.0,119.0,27.31
450.318,5.33684,2.623,100.0,119.0,27.3
450.418,5.33516,2.625,100.0,119.0,27.3
450.518,5.34106,2.627,100.0,119.0,27.3
450.618,5.34437,2.629,100.0,119.0,27.26
450.719,5.34441,2.631,100.0,119.0,27.26
450.819,5.34344,2.632,100.0,119.0,27.26
450.919,5.35173,2.634,100.0,119.0,27.26
451.019,5.34477,2.636,100.0,119.0,27.26
451.119,5.35102,2.638,100.0,119.0,27.26
451.219,5.34865,2.639,100.0,119.0,27.29
451.319,5.34806,2.641,100.0,119.0,27.29
451.419,5.35082,2.643,100.0,119.0,27.29
451.519,5.35726,2.645,100.0,119.0,27.21
451.619,5.3591,2.647,100.0,119.0,27.21
451.719,5.35824,2.648,100.0,119.0,27.21
451.819,5.36112,2.65,100.0,119.0,27.26
451.919,5.36684,2.652,100.0,119.0,27.26
452.019,5.36528,2.654,100.0,119.0,27.26
452.119,5.36668,2.656,100.0,119.0,27.29
452.219,5.36866,2.657,100.0,119.0,27.29
452.319,5.37382,2.659,100.0,119.0,27.29
452.419,5.37788,2.661,100.0,119.0,27.32
452.519,5.37721,2.663,100.0,119.0,27.32
452.619,5.37633,2.665,100.0,119.0,27.32
452.719,5.37914,2.666,100.0,119.0,27.35
452.819,5.38323,2.668,100.0,119.0,27.35
452.919,5.38914,2.67,100.0,119.0,27.35
453.019,5.38984,2.672,100.0,119.0,27.33
453.119,5.38283,2.674,100.0,119.0,27.33
453.219,5.38261,2.675,100.0,119.0,27.33
453.319,5.37861,2.677,100.0,119.0,27.32
453.419,5.38517,2.679,100.0,119.0,27.32
453.519,5.3912,2.681,100.0,119.0,27.32
453.619,5.39218,2.682,100.0,119.0,27.24
453.719,5.38983,2.684,100.0,119.0,27.24
453.818,5.38727,2.686,100.0,119.0,27.24
453.919,5.38667,2.688,100.0,119.0,27.28
454.019,5.39575,2.69,100.0,119.0,27.28
454.119,5.39538,2.691,100.0,119.0,27.28
454.219,5.39686,2.693,100.0,119.0,27.27
454.319,5.39977,2.695,100.0,119.0,27.27
454.419,5.40394,2.697,100.0,119.0,27.27
454.519,5.40158,2.699,100.0,119.0,27.31
454.619,5.39934,2.7,100.0,119.0,27.31
454.719,5.40363,2.702,100.0,119.0,27.31
454.819,5.40499,2.704,100.0,119.0,27.3
454.919,5.4027,2.706,100.0,119.0,27.3
455.019,5.40977,2.708,100.0,119.0,27.3
455.119,5.40533,2.709,100.0,119.0,27.25
455.219,5.40714,2.711,100.0,119.0,27.25
455.319,5.4087,2.713,100.0,119.0,27.25
455.419,5.41003,2.715,100.0,119.0,27.22
455.519,5.41228,2.716,100.0,119.0,27.22
455.619,5.4102,2.718,100.0,119.0,27.22
455.719,5.41257,2.72,100.0,119.0,27.22
455.819,5.41334,2.722,100.0,119.0,27.22
455.919,5.41962,2.724,100.0,119.0,27.22
456.019,5.41975,2.725,100.0,119.0,27.15
456.119,5.42097,2.727,100.0,119.0,27.15
456.219,5.42352,2.729,100.0,119.0,27.15
456.319,5.43153,2.731,100.0,119.0,27.16
456.419,5.42935,2.733,100.0,119.0,27.16
456.519,5.42359,2.734,100.0,119.0,27.16
456.619,5.42748,2.736,100.0,119.0,27.22
456.719,5.43041,2.738,100.0,119.0,27.22
456.819,5.432,2.74,100.0,119.0,27.22
456.919,5.4376,2.741,100.0,119.0,27.26
457.018,5.43667,2.743,100.0,119.0,27.26
457.119,5.4351,2.745,100.0,119.0,27.26
457.219,5.43752,2.747,100.0,119.0,27.26
457.319,5.44131,2.749,100.0,119.0,27.26
457.419,5.43548,2.75,100.0,119.0,27.26
457.519,5.44001,2.752,100.0,119.0,27.26
457.619,5.44437,2.754,100.0,119.0,27.26
457.719,5.44131,2.756,100.0,119.0,27.26
457.819,5.441,2.758,100.0,119.0,27.29
457.919,5.45772,2.759,100.0,119.0,27.29
458.019,5.45462,2.761,100.0,119.0,27.29
458.119,5.45361,2.763,100.0,119.0,27.25
458.219,5.45721,2.765,100.0,119.0,27.25
458.319,5.46073,2.766,100.0,119.0,27.25
458.419,5.46023,2.768,100.0,119.0,27.25
458.519,5.45011,2.77,100.0,119.0,27.25
458.619,5.45334,2.772,100.0,119.0,27.25
458.719,5.46185,2.774,100.0,119.0,27.29
458.819,5.46531,2.775,100.0,119.0,27.29
458.919,5.46063,2.777,100.0,119.0,27.29
459.019,5.45778,2.779,100.0,119.0,27.28
459.119,5.462,2.781,100.0,119.0,27.28
459.219,5.46682,2.782,100.0,119.0,27.28
459.319,5.46841,2.784,100.0,119.0,27.31
459.419,5.46641,2.786,100.0,119.0,27.31
459.519,5.46981,2.788,100.0,119.0,27.31
459.619,5.47575,2.79,100.0,119.0,27.3
459.719,5.47542,2.791,100.0,119.0,27.3
459.819,5.47774,2.793,100.0,119.0,27.3
459.919,5.47418,2.795,100.0,119.0,27.26
460.019,5.47762,2.797,100.0,119.0,27.26
460.119,5.47952,2.798,100.0,119.0,27.26
460.218,5.48041,2.8,100.0,119.0,27.22
460.319,5.48238,2.802,100.0,119.0,27.22
460.419,5.48771,2.804,100.0,119.0,27.22
460.519,5.49156,2.806,100.0,119.0,27.3
460.619,5.4964,2.807,100.0,119.0,27.3
460.719,5.49258,2.809,100.0,119.0,27.3
460.819,5.49568,2.811,100.0,119.0,27.29
460.919,5.4934,2.813,100.0,119.0,27.29
461.019,5.49391,2.814,100.0,119.0,27.29
461.119,5.49133,2.816,100.0,119.0,27.29
461.219,5.48712,2.818,100.0,119.0,27.29
461.319,5.48916,2.82,100.0,119.0,27.29
461.419,5.4892,2.821,100.0,119.0,27.24
461.519,5.49099,2.823,100.0,119.0,27.24
461.619,5.49722,2.825,100.0,119.0,27.24
461.719,5.49749,2.827,100.0,119.0,27.24
461.819,5.49494,2.829,100.0,119.0,27.24
461.919,5.49601,2.83,100.0,119.0,27.24
462.019,5.49755,2.832,100.0,119.0,27.24
462.119,5.49882,2.834,100.0,119.0,27.24
462.219,5.50205,2.836,100.0,119.0,27.24
462.319,5.50157,2.837,100.0,119.0,27.28
462.419,5.50654,2.839,100.0,119.0,27.28
462.519,5.50115,2.841,100.0,119.0,27.28
462.619,5.50829,2.843,100.0,119.0,27.32
462.719,5.51028,2.845,100.0,119.0,27.32
462.819,5.5015,2.846,100.0,119.0,27.32
462.919,5.51129,2.848,100.0,119.0,27.19
463.019,5.51272,2.85,100.0,119.0,27.19
463.119,5.5114,2.852,100.0,119.0,27.19
463.219,5.51823,2.853,100.0,119.0,27.2
463.319,5.52567,2.855,100.0,119.0,27.2
463.418,5.52067,2.857,100.0,119.0,27.2
463.519,5.52339,2.859,100.0,119.0,27.25
463.619,5.51975,2.861,100.0,119.0,27.25
463.719,5.51593,2.862,100.0,119.0,27.25
463.819,5.52802,2.864,100.0,119.0,27.25
463.919,5.53128,2.866,100.0,119.0,27.25
464.019,5.52747,2.868,100.0,119.0,27.25
464.119,5.52562,2.869,100.0,119.0,27.21
464.219,5.52682,2.871,100.0,119.0,27.21
464.319,5.53207,2.873,100.0,119.0,27.21
464.419,5.53247,2.875,100.0,119.0,27.22
464.519,5.53729,2.876,100.0,119.0,27.22
464.619,5.53525,2.878,100.0,119.0,27.22
464.719,5.53701,2.88,100.0,119.0,27.18
464.819,5.53655,2.882,100.0,119.0,27.18
464.919,5.542,2.884,100.0,119.0,27.18
465.019,5.53705,2.885,100.0,119.0,27.27
465.119,5.53538,2.887,100.0,119.0,27.27
465.219,5.53359,2.889,100.0,119.0,27.27
465.319,5.54049,2.891,100.0,119.0,27.27
465.419,5.54641,2.892,100.0,119.0,27.27
465.519,5.54287,2.894,100.0,119.0,27.27
465.619,5.53848,2.896,100.0,119.0,27.19
465.719,5.54392,2.898,100.0,119.0,27.19
465.819,5.54692,2.899,100.0,119.0,27.19
465.919,5.54928,2.901,100.0,119.0,27.24
466.019,5.54279,2.903,100.0,119.0,27.24
466.119,5.54441,2.905,100.0,119.0,27.24
466.219,5.55054,2.907,100.0,119.0,27.27
466.319,5.55306,2.908,100.0,119.0,27.27
466.419,5.54958,2.91,100.0,119.0,27.27
466.519,5.55262,2.912,100.0,119.0,27.27
466.618,5.55529,2.914,100.0,119.0,27.27
466.719,5.54897,2.915,100.0,119.0,27.27
466.819,5.5562,2.917,100.0,119.0,27.19
466.919,5.5606,2.919,100.0,119.0,27.19
467.019,5.56502,2.921,100.0,119.0,27.19
467.119,5.56471,2.923,100.0,119.0,27.24
467.219,5.56364,2.924,100.0,119.0,27.24
467.319,5.56159,2.926,100.0,119.0,27.24
467.419,5.57008,2.928,100.0,119.0,27.28
467.519,5.57735,2.93,100.0,119.0,27.28
467.619,5.57369,2.931,100.0,119.0,27.28
467.719,5.5682,2.933,100.0,119.0,27.27
467.819,5.57468,2.935,100.0,119.0,27.27
467.919,5.57168,2.937,100.0,119.0,27.27
468.019,5.57091,2.938,100.0,119.0,27.23
468.119,5.57539,2.94,100.0,119.0,27.23
468.219,5.57651,2.942,100.0,119.0,27.23
468.319,5.58619,2.944,100.0,119.0,27.24
468.419,5.58412,2.945,100.0,119.0,27.24
468.519,5.58308,2.947,100.0,119.0,27.24
468.619,5.57764,2.949,100.0,119.0,27.28
468.719,5.57832,2.951,100.0,119.0,27.28
468.819,5.58117,2.953,100.0,119.0,27.28
468.919,5.58832,2.954,100.0,119.0,27.31
469.019,5.5878,2.956,100.0,119.0,27.31
469.119,5.58409,2.958,100.0,119.0,27.31
469.219,5.58241,2.96,100.0,119.0,27.26
469.319,5.58328,2.961,100.0,119.0,27.26
469.419,5.58926,2.963,100.0,119.0,27.26
469.519,5.58694,2.965,100.0,119.0,27.22
469.619,5.58511,2.967,100.0,119.0,27.22
469.719,5.58699,2.968,100.0,119.0,27.22
469.818,5.59152,2.97,100.0,119.0,27.23
469.919,5.59296,2.972,100.0,119.0,27.23
470.019,5.59408,2.974,100.0,119.0,27.23
470.119,5.59523,2.976,100.0,119.0,27.23
470.219,5.60123,2.977,100.0,119.0,27.23
470.319,5.59616,2.979,100.0,119.0,27.23
470.419,5.59668,2.981,100.0,119.0,27.31
470.519,5.599,2.983,100.0,119.0,27.31
470.619,5.59994,2.984,100.0,119.0,27.31
470.719,5.59907,2.986,100.0,119.0,27.22
470.819,5.60244,2.988,100.0,119.0,27.22
470.919,5.60668,2.99,100.0,119.0,27.22
471.019,5.60481,2.991,100.0,119.0,27.27
471.119,5.60677,2.993,100.0,119.0,27.27
471.219,5.60789,2.995,100.0,119.0,27.27
471.319,5.60737,2.997,100.0,119.0,27.23
471.419,5.61318,2.999,100.0,119.0,27.23
471.519,5.61469,3.0,100.0,119.0,27.23
471.619,5.61579,3.002,100.0,119.0,27.23
471.719,5.61292,3.004,100.0,119.0,27.23
471.819,5.62156,3.006,100.0,119.0,27.23
471.919,5.61855,3.007,100.0,119.0,27.23
472.019,5.61909,3.009,100.0,119.0,27.23
472.119,5.62405,3.011,100.0,119.0,27.23
472.219,5.62272,3.013,100.0,119.0,27.27
472.319,5.61606,3.015,100.0,119.0,27.27
472.419,5.62012,3.016,100.0,119.0,27.27
472.519,5.62225,3.018,100.0,119.0,27.34
472.619,5.62427,3.02,100.0,119.0,27.34
472.719,5.62264,3.022,100.0,119.0,27.34
472.819,5.62347,3.023,100.0,119.0,27.37
472.919,5.62487,3.025,100.0,119.0,27.37
473.018,5.63169,3.027,100.0,119.0,27.37
473.119,5.62924,3.029,100.0,119.0,27.43
473.219,5.63157,3.031,100.0,119.0,27.43
473.319,5.63509,3.032,100.0,119.0,27.43
473.419,5.63185,3.034,100.0,119.0,27.4
473.519,5.628,3.036,100.0,119.0,27.4
473.619,5.63737,3.038,100.0,119.0,27.4
473.719,5.63318,3.039,100.0,119.0,27.41
473.819,5.63266,3.041,100.0,119.0,27.41
473.919,5.63262,3.043,100.0,119.0,27.41
474.019,5.63683,3.045,100.0,119.0,27.46
474.119,5.62823,3.047,100.0,119.0,27.46
474.219,5.63371,3.048,100.0,119.0,27.46
474.319,5.63987,3.05,100.0,119.0,27.51
474.419,5.63846,3.052,100.0,119.0,27.51
474.519,5.6376,3.054,100.0,119.0,27.51
474.619,5.63463,3.055,100.0,119.0,27.51
474.719,5.64487,3.057,100.0,119.0,27.51
474.819,5.64325,3.059,100.0,119.0,27.51
474.919,5.64472,3.061,100.0,119.0,27.51
475.019,5.64821,3.063,100.0,119.0,27.51
475.119,5.64598,3.064,100.0,119.0,27.51
475.219,5.65045,3.066,100.0,119.0,27.54
475.319,5.64978,3.068,100.0,119.0,27.54
475.419,5.64822,3.07,100.0,119.0,27.54
475.519,5.64807,3.071,100.0,119.0,27.61
475.619,5.65683,3.073,100.0,119.0,27.61
475.719,5.66221,3.075,100.0,119.0,27.61
475.819,5.65703,3.077,100.0,119.0,27.63
475.919,5.65849,3.079,100.0,119.0,27.63
476.019,5.65318,3.08,100.0,119.0,27.63
476.119,5.65234,3.082,100.0,119.0,27.61
476.218,5.65486,3.084,100.0,119.0,27.61
476.319,5.65919,3.086,100.0,119.0,27.61
476.419,5.66724,3.087,100.0,119.0,27.63
476.519,5.65909,3.089,100.0,119.0,27.63
476.619,5.65447,3.091,100.0,119.0,27.63
476.719,5.65577,3.093,100.0,119.0,27.65
476.819,5.66014,3.094,100.0,119.0,27.65
476.919,5.66372,3.096,100.0,119.0,27.65
477.019,5.66602,3.098,100.0,119.0,27.63
477.119,5.6665,3.1,100.0,119.0,27.63
477.219,5.67183,3.102,100.0,119.0,27.63
477.319,5.66858,3.103,100.0,119.0,27.65
477.419,5.66837,3.105,100.0,119.0,27.65
477.519,5.67575,3.107,100.0,119.0,27.65
477.619,5.67322,3.109,100.0,119.0,27.59
477.719,5.67652,3.11,100.0,119.0,27.59
477.819,5.68186,3.112,100.0,119.0,27.59
477.919,5.68174,3.114,100.0,119.0,27.61
478.019,5.67795,3.116,100.0,119.0,27.61
478.119,5.6772,3.117,100.0,119.0,27.61
478.219,5.67733,3.119,100.0,119.0,27.59
478.319,5.67672,3.121,100.0,119.0,27.59
478.419,5.67499,3.123,100.0,119.0,27.59
478.519,5.67782,3.125,100.0,119.0,27.54
478.619,5.68853,3.126,100.0,119.0,27.54
478.719,5.68428,3.128,100.0,119.0,27.54
478.819,5.68851,3.13,100.0,119.0,27.54
478.919,5.68714,3.132,100.0,119.0,27.54
479.019,5.6895,3.133,100.0,119.0,27.54
479.119,5.69314,3.135,100.0,119.0,27.46
479.219,5.6977,3.137,100.0,119.0,27.46
479.319,5.69129,3.139,100.0,119.0,27.46
479.418,5.69447,3.141,100.0,119.0,27.5
479.519,5.69047,3.142,100.0,119.0,27.5
479.619,5.69417,3.144,100.0,119.0,27.5
479.719,5.69747,3.146,100.0,119.0,27.54
479.819,5.69856,3.148,100.0,119.0,27.54
479.919,5.69904,3.15,100.0,119.0,27.54
480.019,5.69855,3.151,100.0,119.0,27.57
480.119,5.6947,3.153,100.0,119.0,27.57
480.219,5.69785,3.155,100.0,119.0,27.57
480.319,5.70156,3.157,100.0,119.0,27.56
480.419,5.69482,3.158,100.0,119.0,27.56
480.519,5.69964,3.16,100.0,119.0,27.56
480.619,5.69948,3.162,100.0,119.0,27.59
480.719,5.70142,3.164,100.0,119.0,27.59
480.819,5.70346,3.166,100.0,119.0,27.59
480.919,5.70333,3.167,100.0,119.0,27.61
481.019,5.70176,3.169,100.0,119.0,27.61
481.119,5.70207,3.171,100.0,119.0,27.61
481.219,5.70428,3.173,100.0,119.0,27.52
481.319,5.70211,3.174,100.0,119.0,27.52
481.419,5.70621,3.176,100.0,119.0,27.52
481.519,5.71236,3.178,100.0,119.0,27.44
481.619,5.71285,3.18,100.0,119.0,27.44
481.719,5.71303,3.181,100.0,119.0,27.44
481.819,5.71314,3.183,100.0,119.0,27.45
481.919,5.70827,3.185,100.0,119.0,27.45
482.019,5.7135,3.187,100.0,119.0,27.45
482.119,5.7155,3.189,100.0,119.0,27.46
482.219,5.72034,3.19,100.0,119.0,27.46
482.319,5.71821,3.192,100.0,119.0,27.46
482.419,5.72423,3.194,100.0,119.0,27.46
482.519,5.72396,3.196,100.0,119.0,27.46
482.618,5.71948,3.197,100.0,119.0,27.46
482.719,5.72064,3.199,100.0,119.0,27.47
482.819,5.72563,3.201,100.0,119.0,27.47
482.919,5.72503,3.203,100.0,119.0,27.47
483.019,5.72792,3.204,100.0,119.0,27.44
483.119,5.72613,3.206,100.0,119.0,27.44
483.219,5.7216,3.208,100.0,119.0,27.44
483.319,5.71871,3.21,100.0,119.0,27.45
483.419,5.7344,3.212,100.0,119.0,27.45
483.519,5.73055,3.213,100.0,119.0,27.45
483.619,5.72731,3.215,100.0,119.0,27.45
483.719,5.72706,3.217,100.0,119.0,27.45
483.819,5.73432,3.219,100.0,119.0,27.45
483.919,5.74043,3.22,100.0,119.0,27.42
484.019,5.74131,3.222,100.0,119.0,27.42
484.119,5.73718,3.224,100.0,119.0,27.42
484.219,5.73262,3.226,100.0,119.0,27.44
484.319,5.73454,3.227,100.0,119.0,27.44
484.419,5.74147,3.229,100.0,119.0,27.44
484.519,5.73812,3.231,100.0,119.0,27.52
484.619,5.73617,3.233,100.0,119.0,27.52
484.719,5.73295,3.235,100.0,119.0,27.52
484.819,5.74055,3.236,100.0,119.0,27.55
484.919,5.74478,3.238,100.0,119.0,27.55
485.019,5.74332,3.24,100.0,119.0,27.55
485.119,5.74301,3.242,100.0,119.0,27.55
485.219,5.74475,3.243,100.0,119.0,27.55
485.319,5.74314,3.245,100.0,119.0,27.55
485.419,5.74333,3.247,100.0,119.0,27.58
485.519,5.7443,3.249,100.0,119.0,27.58
485.619,5.74413,3.25,100.0,119.0,27.58
485.719,5.74862,3.252,100.0,119.0,27.57
485.818,5.73903,3.254,100.0,119.0,27.57
485.919,5.74468,3.256,100.0,119.0,27.57
486.019,5.75072,3.258,100.0,119.0,27.56
486.119,5.74954,3.259,100.0,119.0,27.56
486.219,5.75449,3.261,100.0,119.0,27.56
486.319,5.75838,3.263,100.0,119.0,27.47
486.419,5.76302,3.265,100.0,119.0,27.47
486.519,5.76487,3.266,100.0,119.0,27.47
486.619,5.76321,3.268,100.0,119.0,27.51
486.719,5.76042,3.27,100.0,119.0,27.51
486.819,5.75839,3.272,100.0,119.0,27.51
486.919,5.76009,3.274,100.0,119.0,27.47
487.019,5.76363,3.275,100.0,119.0,27.47
487.119,5.7625,3.277,100.0,119.0,27.47
487.219,5.76588,3.279,100.0,119.0,27.55
487.319,5.76967,3.281,100.0,119.0,27.55
487.419,5.7674,3.282,100.0,119.0,27.55
487.519,5.76822,3.284,100.0,119.0,27.58
487.619,5.76675,3.286,100.0,119.0,27.58
487.719,5.76453,3.288,100.0,119.0,27.58
487.819,5.767,3.29,100.0,119.0,27.57
487.919,5.7663,3.291,100.0,119.0,27.57
488.019,5.77064,3.293,100.0,119.0,27.57
488.119,5.7649,3.295,100.0,119.0,27.52
488.219,5.7605,3.297,100.0,119.0,27.52
488.319,5.7655,3.298,100.0,119.0,27.52
488.419,5.76985,3.3,100.0,119.0,27.48
488.519,5.77339,3.302,100.0,119.0,27.48
488.619,5.76661,3.304,100.0,119.0,27.48
488.719,5.76638,3.305,100.0,119.0,27.48
488.819,5.767,3.307,100.0,119.0,27.48
488.919,5.76963,3.309,100.0,119.0,27.48
489.018,5.77648,3.311,100.0,119.0,27.45
489.119,5.77469,3.312,100.0,119.0,27.45
489.219,5.77259,3.314,100.0,119.0,27.45
489.319,5.78169,3.316,100.0,119.0,27.46
489.419,5.7865,3.318,100.0,119.0,27.46
489.519,5.78273,3.32,100.0,119.0,27.46
489.619,5.7784,3.321,100.0,119.0,27.46
489.719,5.7766,3.323,100.0,119.0,27.46
489.819,5.78516,3.325,100.0,119.0,27.46
489.919,5.78628,3.327,100.0,119.0,27.47
490.019,5.78433,3.328,100.0,119.0,27.47
490.119,5.78917,3.33,100.0,119.0,27.47
490.219,5.78843,3.332,100.0,119.0,27.47
490.319,5.78997,3.334,100.0,119.0,27.47
490.419,5.79618,3.336,100.0,119.0,27.47
490.519,5.79318,3.337,100.0,119.0,27.51
490.619,5.79045,3.339,100.0,119.0,27.51
490.719,5.79337,3.341,100.0,119.0,27.51
490.819,5.79652,3.343,100.0,119.0,27.48
490.919,5.80315,3.344,100.0,119.0,27.48
491.019,5.79416,3.346,100.0,119.0,27.48
491.119,5.79893,3.348,100.0,119.0,27.52
491.219,5.79995,3.35,100.0,119.0,27.52
491.319,5.79636,3.352,100.0,119.0,27.52
491.419,5.79835,3.353,100.0,119.0,27.51
491.519,5.80547,3.355,100.0,119.0,27.51
491.619,5.80277,3.357,100.0,119.0,27.51
491.719,5.79886,3.359,100.0,119.0,27.59
491.819,5.80337,3.36,100.0,119.0,27.59
491.919,5.8076,3.362,100.0,119.0,27.59
492.019,5.80554,3.364,100.0,119.0,27.57
492.119,5.80259,3.366,100.0,119.0,27.57
492.218,5.80298,3.367,100.0,119.0,27.57
492.319,5.8027,3.369,100.0,119.0,27.56
492.419,5.80953,3.371,100.0,119.0,27.56
492.519,5.80778,3.373,100.0,119.0,27.56
492.619,5.80577,3.375,100.0,119.0,27.52
492.719,5.80796,3.376,100.0,119.0,27.52
492.819,5.81132,3.378,100.0,119.0,27.52
492.919,5.80905,3.38,100.0,119.0,27.55
493.019,5.80355,3.382,100.0,119.0,27.55
493.119,5.80851,3.383,100.0,119.0,27.55
493.219,5.81059,3.385,100.0,119.0,27.54
493.319,5.81195,3.387,100.0,119.0,27.54
493.419,5.8096,3.389,100.0,119.0,27.54
493.519,5.8104,3.39,100.0,119.0,27.54
493.619,5.81785,3.392,100.0,119.0,27.54
493.719,5.81522,3.394,100.0,119.0,27.54
493.819,5.81967,3.396,100.0,119.0,27.57
493.919,5.82216,3.398,100.0,119.0,27.57
494.019,5.82077,3.399,100.0,119.0,27.57
494.119,5.82127,3.401,100.0,119.0,27.56
494.219,5.82433,3.403,100.0,119.0,27.56
494.319,5.81981,3.405,100.0,119.0,27.56
494.419,5.82418,3.406,100.0,119.0,27.59
494.519,5.82643,3.408,100.0,119.0,27.59
494.619,5.83195,3.41,100.0,119.0,27.59
494.719,5.83315,3.412,100.0,119.0,27.57
494.819,5.83061,3.414,100.0,119.0,27.57
494.919,5.83048,3.415,100.0,119.0,27.57
495.019,5.83457,3.417,100.0,119.0,27.6
495.119,5.84116,3.419,100.0,119.0,27.6
495.219,5.83857,3.421,100.0,119.0,27.6
495.319,5.83261,3.422,100.0,119.0,27.62
495.418,5.82766,3.424,100.0,119.0,27.62
495.519,5.83026,3.426,100.0,119.0,27.62
495.619,5.83451,3.428,100.0,119.0,27.64
495.719,5.83451,3.429,100.0,119.0,27.64
495.819,5.83161,3.431,100.0,119.0,27.64
495.919,5.82886,3.433,100.0,119.0,27.66
496.019,5.83095,3.435,100.0,119.0,27.66
496.119,5.83547,3.436,100.0,119.0,27.66
496.219,5.83749,3.438,100.0,119.0,27.63
496.319,5.83743,3.44,100.0,119.0,27.63
496.419,5.84313,3.442,100.0,119.0,27.63
496.519,5.83958,3.444,100.0,119.0,27.65
496.619,5.83821,3.445,100.0,119.0,27.65
496.719,5.83855,3.447,100.0,119.0,27.65
496.819,5.83958,3.449,100.0,119.0,27.67
496.919,5.84175,3.451,100.0,119.0,27.67
497.019,5.84189,3.452,100.0,119.0,27.67
497.119,5.84142,3.454,100.0,119.0,27.64
497.219,5.84529,3.456,100.0,119.0,27.64
497.319,5.84768,3.458,100.0,119.0,27.64
497.419,5.84364,3.459,100.0,119.0,27.66
497.519,5.84894,3.461,100.0,119.0,27.66
497.619,5.851,3.463,100.0,119.0,27.66
497.719,5.85107,3.465,100.0,119.0,27.63
497.819,5.84694,3.466,100.0,119.0,27.63
497.919,5.8536,3.468,100.0,119.0,27.63
498.019,5.85415,3.47,100.0,119.0,27.61
498.119,5.84931,3.472,100.0,119.0,27.61
498.219,5.85614,3.474,100.0,119.0,27.61
498.319,5.8571,3.475,100.0,119.0,27.56
498.419,5.85753,3.477,100.0,119.0,27.56
498.519,5.86281,3.479,100.0,119.0,27.56
498.618,5.85789,3.481,100.0,119.0,27.59
498.719,5.8575,3.482,100.0,119.0,27.59
498.819,5.86023,3.484,100.0,119.0,27.59
498.919,5.85944,3.486,100.0,119.0,27.65
499.019,5.85766,3.488,100.0,119.0,27.65
499.119,5.85539,3.489,100.0,119.0,27.65
499.219,5.85949,3.491,100.0,119.0,27.66
499.319,5.85965,3.493,100.0,119.0,27.66
499.419,5.86141,3.495,100.0,119.0,27.66
499.519,5.85956,3.497,100.0,119.0,27.68
499.619,5.85965,3.498,100.0,119.0,27.68
499.719,5.86617,3.5,100.0,119.0,27.68
499.819,5.86712,3.502,100.0,119.0,27.73
499.919,5.86434,3.504,100.0,119.0,27.73
500.019,5.86629,3.505,100.0,119.0,27.73
500.119,5.8665,3.507,100.0,119.0,27.69
500.219,5.86961,3.509,100.0,119.0,27.69
500.319,5.8675,3.511,100.0,119.0,27.69
500.419,5.86311,3.512,100.0,119.0,27.7
500.519,5.86848,3.514,100.0,119.0,27.7
500.619,5.87365,3.516,100.0,119.0,27.7
500.719,5.87068,3.518,100.0,119.0,27.75
500.819,5.87045,3.52,100.0,119.0,27.75
500.919,5.86684,3.521,100.0,119.0,27.75
501.019,5.86872,3.523,100.0,119.0,27.78
501.119,5.87432,3.525,100.0,119.0,27.78
501.219,5.87215,3.527,100.0,119.0,27.78
501.319,5.87245,3.528,100.0,119.0,27.7
501.419,5.87341,3.53,100.0,119.0,27.7
501.519,5.87593,3.532,100.0,119.0,27.7
501.619,5.87732,3.534,100.0,119.0,27.71
501.719,5.87714,3.536,100.0,119.0,27.71
501.818,5.87617,3.537,100.0,119.0,27.71
501.919,5.88424,3.539,100.0,119.0,27.72
502.019,5.87988,3.541,100.0,119.0,27.72
502.119,5.88099,3.543,100.0,119.0,27.72
502.219,5.88512,3.544,100.0,119.0,27.72
502.319,5.88838,3.546,100.0,119.0,27.72
502.419,5.88715,3.548,100.0,119.0,27.72
502.519,5.88962,3.55,100.0,119.0,27.73
502.619,5.88505,3.551,100.0,119.0,27.73
502.719,5.88558,3.553,100.0,119.0,27.73
502.819,5.88961,3.555,100.0,119.0,27.8
502.919,5.89112,3.557,100.0,119.0,27.8
503.019,5.888,3.559,100.0,119.0,27.8
503.119,5.88771,3.56,100.0,119.0,27.87
503.219,5.8895,3.562,100.0,119.0,27.87
503.319,5.89511,3.564,100.0,119.0,27.87
503.419,5.89347,3.566,100.0,119.0,27.93
503.519,5.88843,3.567,100.0,119.0,27.93
503.619,5.89516,3.569,100.0,119.0,27.93
503.719,5.88582,3.571,100.0,119.0,27.83
503.819,5.88695,3.573,100.0,119.0,27.83
503.919,5.88898,3.575,100.0,119.0,27.83
504.019,5.89414,3.576,100.0,119.0,27.81
504.119,5.89122,3.578,100.0,119.0,27.81
504.219,5.89627,3.58,100.0,119.0,27.81
504.319,5.88876,3.582,100.0,119.0,27.81
504.419,5.89267,3.583,100.0,119.0,27.81
504.519,5.89659,3.585,100.0,119.0,27.81
504.619,5.8979,3.587,100.0,119.0,27.83
504.719,5.89277,3.589,100.0,119.0,27.83
504.819,5.89357,3.59,100.0,119.0,27.83
504.919,5.90039,3.592,100.0,119.0,27.78
505.018,5.90128,3.594,100.0,119.0,27.78
505.119,5.90103,3.596,100.0,119.0,27.78
505.219,5.90452,3.598,100.0,119.0,27.82
505.319,5.90911,3.599,100.0,119.0,27.82
505.419,5.90308,3.601,100.0,119.0,27.82
505.519,5.9068,3.603,100.0,119.0,27.84
505.619,5.90271,3.605,100.0,119.0,27.84
505.719,5.90723,3.606,100.0,119.0,27.84
505.819,5.91089,3.608,100.0,119.0,27.83
505.919,5.91122,3.61,100.0,119.0,27.83
506.019,5.91376,3.612,100.0,119.0,27.83
506.119,5.90913,3.613,100.0,119.0,27.86
506.219,5.90911,3.615,100.0,119.0,27.86
506.319,5.90982,3.617,100.0,119.0,27.86
506.419,5.91555,3.619,100.0,119.0,27.88
506.519,5.91279,3.621,100.0,119.0,27.88
506.619,5.91999,3.622,100.0,119.0,27.88
506.719,5.92225,3.624,100.0,119.0,27.86
506.819,5.91515,3.626,100.0,119.0,27.86
506.919,5.9101,3.628,100.0,119.0,27.86
507.019,5.90587,3.629,100.0,119.0,27.84
507.119,5.91242,3.631,100.0,119.0,27.84
507.219,5.91251,3.633,100.0,119.0,27.84
507.319,5.91119,3.635,100.0,119.0,27.83
507.419,5.91317,3.636,100.0,119.0,27.83
507.519,5.91664,3.638,100.0,119.0,27.83
507.619,5.91665,3.64,100.0,119.0,27.85
507.719,5.92196,3.642,100.0,119.0,27.85
507.819,5.91705,3.644,100.0,119.0,27.85
507.919,5.92045,3.645,100.0,120.0,27.8
508.019,5.91654,3.647,100.0,119.0,27.8
508.119,5.91892,3.649,100.0,119.0,27.8
508.218,5.92823,3.651,100.0,119.0,27.83
508.319,5.92588,3.652,100.0,119.0,27.83
508.419,5.92262,3.654,100.0,119.0,27.83
508.519,5.91959,3.656,100.0,119.0,27.78
508.619,5.92645,3.658,100.0,119.0,27.78
508.719,5.92363,3.66,100.0,119.0,27.78
508.819,5.92566,3.661,100.0,119.0,27.81
508.919,5.93159,3.663,100.0,119.0,27.81
509.019,5.93233,3.665,100.0,119.0,27.81
509.119,5.9306,3.667,100.0,119.0,27.8
509.219,5.93539,3.668,100.0,119.0,27.8
509.319,5.9397,3.67,100.0,119.0,27.8
509.419,5.94014,3.672,100.0,119.0,27.83
509.519,5.93747,3.674,100.0,119.0,27.83
509.619,5.93463,3.675,100.0,119.0,27.83
509.719,5.93731,3.677,100.0,119.0,27.82
509.819,5.9365,3.679,100.0,119.0,27.82
509.919,5.94052,3.681,100.0,119.0,27.82
510.019,5.93484,3.683,100.0,119.0,27.77
510.119,5.93726,3.684,100.0,119.0,27.77
510.219,5.94508,3.686,100.0,119.0,27.77
510.319,5.94051,3.688,100.0,119.0,27.81
510.419,5.9372,3.69,100.0,119.0,27.81
510.519,5.93921,3.691,100.0,119.0,27.81
510.619,5.93815,3.693,100.0,119.0,27.8
510.719,5.94122,3.695,100.0,119.0,27.8
510.819,5.94502,3.697,100.0,119.0,27.8
510.919,5.94456,3.699,100.0,119.0,27.75
511.019,5.94528,3.7,100.0,119.0,27.75
511.119,5.94608,3.702,100.0,119.0,27.75
511.219,5.94102,3.704,100.0,119.0,27.79
511.319,5.94406,3.706,100.0,119.0,27.79
511.418,5.93457,3.707,100.0,119.0,27.79
511.519,5.93282,3.709,100.0,119.0,27.82
511.619,5.93912,3.711,100.0,119.0,27.82
511.719,5.94453,3.713,100.0,119.0,27.82
511.819,5.95063,3.714,100.0,119.0,27.85
511.919,5.95355,3.716,100.0,119.0,27.85
512.019,5.9502,3.718,100.0,119.0,27.85
512.119,5.95197,3.72,100.0,119.0,27.91
512.219,5.94923,3.722,100.0,119.0,27.91
512.319,5.94729,3.723,100.0,119.0,27.91
512.419,5.9471,3.725,100.0,119.0,27.92
512.519,5.94804,3.727,100.0,119.0,27.92
512.619,5.95093,3.729,100.0,119.0,27.92
512.719,5.94866,3.73,100.0,119.0,27.9
512.819,5.95324,3.732,100.0,119.0,27.9
512.919,5.94865,3.734,100.0,119.0,27.9
513.019,5.95337,3.736,100.0,119.0,27.91
513.119,5.9508,3.737,100.0,119.0,27.91
513.219,5.94649,3.739,100.0,119.0,27.91
513.319,5.95127,3.741,100.0,119.0,27.89
513.419,5.95518,3.743,100.0,119.0,27.89
513.519,5.96294,3.744,100.0,119.0,27.89
513.619,5.9657,3.746,100.0,119.0,27.94
513.719,5.96262,3.748,100.0,119.0,27.94
513.819,5.96773,3.75,100.0,119.0,27.94
513.919,5.96485,3.752,100.0,119.0,27.91
514.019,5.96409,3.753,100.0,119.0,27.91
514.119,5.95868,3.755,100.0,119.0,27.91
514.219,5.95785,3.757,100.0,119.0,27.93
514.319,5.96489,3.759,100.0,119.0,27.93
514.419,5.96123,3.76,100.0,119.0,27.93
514.519,5.96036,3.762,100.0,119.0,28.01
514.618,5.96448,3.764,100.0,119.0,28.01
514.719,5.96311,3.766,100.0,119.0,28.01
514.819,5.96235,3.767,100.0,119.0,28.01
514.919,5.96445,3.769,100.0,119.0,28.01
515.019,5.97175,3.771,100.0,119.0,28.01
515.119,5.96683,3.773,100.0,119.0,27.97
515.219,5.96722,3.775,100.0,119.0,27.97
515.319,5.97673,3.776,100.0,119.0,27.97
515.419,5.96978,3.778,100.0,119.0,27.98
515.519,5.96054,3.78,100.0,119.0,27.98
515.619,5.962,3.782,100.0,119.0,27.98
515.719,5.97075,3.783,100.0,119.0,27.94
515.819,5.97281,3.785,100.0,119.0,27.94
515.919,5.97135,3.787,100.0,119.0,27.94
516.019,5.97739,3.789,100.0,119.0,27.95
516.119,5.97665,3.791,100.0,119.0,27.95
516.219,5.97976,3.792,100.0,119.0,27.95
516.319,5.97692,3.794,100.0,119.0,27.96
516.419,5.97145,3.796,100.0,119.0,27.96
516.519,5.97462,3.798,100.0,119.0,27.96
516.619,5.97922,3.799,100.0,119.0,27.93
516.719,5.98294,3.801,100.0,119.0,27.93
516.819,5.98317,3.803,100.0,119.0,27.93
516.919,5.98079,3.805,100.0,119.0,27.86
517.019,5.98433,3.806,100.0,119.0,27.86
517.119,5.98244,3.808,100.0,119.0,27.86
517.219,5.98212,3.81,100.0,119.0,27.92
517.319,5.98177,3.812,100.0,119.0,27.92
517.419,5.98116,3.814,100.0,119.0,27.92
517.519,5.98211,3.815,100.0,119.0,27.82
517.621,5.98126,3.817,100.0,119.0,27.82
517.721,5.98721,3.819,100.0,119.0,27.82
517.821,5.98778,3.821,100.0,119.0,27.85
517.921,5.9906,3.822,100.0,119.0,27.85
518.021,5.98866,3.824,100.0,119.0,27.85
518.121,5.98585,3.826,100.0,119.0,27.87
518.221,5.98366,3.828,100.0,119.0,27.87
518.321,5.98092,3.83,100.0,119.0,27.87
518.421,5.98875,3.831,100.0,119.0,27.89
518.521,5.98951,3.833,100.0,119.0,27.89
518.621,5.98603,3.835,100.0,119.0,27.89
518.721,5.98695,3.837,100.0,119.0,27.87
518.821,5.98262,3.838,100.0,119.0,27.87
518.921,5.98605,3.84,100.0,119.0,27.87
519.021,5.98896,3.842,100.0,119.0,27.89
519.121,5.99086,3.844,100.0,119.0,27.89
519.221,5.99426,3.846,100.0,119.0,27.89
519.321,5.99199,3.847,100.0,119.0,27.94
519.421,5.98714,3.849,100.0,119.0,27.94
519.521,5.99203,3.851,100.0,119.0,27.94
519.621,5.98751,3.853,100.0,119.0,27.95
519.721,5.98832,3.854,100.0,119.0,27.95
519.821,5.98586,3.856,100.0,119.0,27.95
519.921,5.99764,3.858,100.0,119.0,28.0
520.021,5.99763,3.86,100.0,119.0,28.0
520.121,5.99163,3.861,100.0,118.0,28.0
520.221,5.99579,3.863,100.0,119.0,28.0
520.321,5.99858,3.865,100.0,119.0,28.0
520.421,6.00124,3.867,100.0,119.0,28.0
520.522,6.00121,3.868,100.0,119.0,28.0
520.622,6.00507,3.87,100.0,119.0,28.0
520.722,6.00124,3.872,100.0,119.0,28.0
520.822,5.99399,3.874,100.0,119.0,28.04
520.922,5.99552,3.876,100.0,119.0,28.04
521.022,6.00863,3.877,100.0,119.0,28.04
521.122,6.01107,3.879,100.0,119.0,27.95
521.222,6.01038,3.881,100.0,119.0,27.95
521.322,6.00457,3.883,100.0,119.0,27.95
521.422,6.00319,3.884,100.0,119.0,27.96
521.522,6.004,3.886,100.0,119.0,27.96
521.622,6.00886,3.888,100.0,119.0,27.96
521.722,6.00706,3.89,100.0,119.0,27.97
521.822,6.01147,3.891,100.0,119.0,27.97
521.922,6.01551,3.893,100.0,119.0,27.97
522.022,6.01165,3.895,100.0,119.0,27.97
522.122,6.00829,3.897,100.0,119.0,27.97
522.222,6.00992,3.899,100.0,119.0,27.97
522.322,6.00497,3.9,100.0,119.0,27.86
522.422,6.00237,3.902,100.0,119.0,27.86
522.522,6.0063,3.904,100.0,119.0,27.86
522.622,6.01025,3.906,100.0,119.0,27.92
522.722,6.0034,3.907,100.0,119.0,27.92
522.822,6.00413,3.909,100.0,119.0,27.92
522.922,6.00961,3.911,100.0,119.0,27.93
523.022,6.01022,3.913,100.0,119.0,27.93
523.122,6.01261,3.914,100.0,119.0,27.93
523.222,6.0136,3.916,100.0,119.0,27.94
523.322,6.00722,3.918,100.0,119.0,27.94
523.423,6.01334,3.92,100.0,119.0,27.94
523.523,6.01326,3.921,100.0,119.0,27.99
523.623,6.01324,3.923,100.0,119.0,27.99
523.723,6.01471,3.925,100.0,119.0,27.99
523.823,6.00949,3.927,100.0,119.0,27.99
523.923,6.0125,3.929,100.0,119.0,27.99
524.023,6.01398,3.93,100.0,119.0,27.99
524.123,6.01895,3.932,100.0,119.0,27.95
524.223,6.01379,3.934,100.0,119.0,27.95
524.323,6.01597,3.936,100.0,119.0,27.95
524.423,6.01996,3.937,100.0,119.0,28.0
524.523,6.01817,3.939,100.0,119.0,28.0
524.623,6.01493,3.941,100.0,119.0,28.0
524.723,6.01927,3.943,100.0,119.0,28.0
524.823,6.02217,3.944,100.0,119.0,28.0
524.923,6.01298,3.946,100.0,119.0,28.0
525.023,6.01983,3.948,100.0,119.0,28.0
525.123,6.02811,3.95,100.0,119.0,28.0
525.223,6.02669,3.952,100.0,119.0,28.0
525.323,6.03036,3.953,100.0,119.0,28.0
525.423,6.02234,3.955,100.0,119.0,28.0
525.523,6.02212,3.957,100.0,119.0,28.0
525.623,6.02992,3.959,100.0,119.0,28.04
525.723,6.02556,3.96,100.0,119.0,28.04
525.823,6.02921,3.962,100.0,119.0,28.04
525.923,6.03371,3.964,100.0,119.0,27.92
526.023,6.03374,3.966,100.0,119.0,27.92
526.123,6.02763,3.967,100.0,119.0,27.92
526.223,6.02956,3.969,100.0,119.0,27.93
526.323,6.02964,3.971,100.0,119.0,27.93
526.423,6.03264,3.973,100.0,119.0,27.93
526.522,6.03471,3.975,100.0,119.0,28.02
526.623,6.03965,3.976,100.0,119.0,28.02
526.723,6.03274,3.978,100.0,119.0,28.02
526.823,6.02605,3.98,100.0,119.0,28.01
526.923,6.02791,3.982,100.0,119.0,28.01
527.023,6.03269,3.983,100.0,119.0,28.01
527.123,6.03128,3.985,100.0,119.0,28.05
527.223,6.03353,3.987,100.0,119.0,28.05
527.323,6.03629,3.989,100.0,119.0,28.05
527.423,6.03469,3.99,100.0,119.0,28.08
527.523,6.0361,3.992,100.0,119.0,28.08
527.623,6.03303,3.994,100.0,119.0,28.08
527.723,6.02621,3.996,100.0,119.0,28.03
527.823,6.0355,3.997,100.0,119.0,28.03
527.923,6.04039,3.999,100.0,119.0,28.03
528.023,6.03456,4.001,100.0,119.0,28.03
528.123,6.0348,4.003,100.0,119.0,28.03
528.223,6.03692,4.004,100.0,119.0,28.03
528.323,6.03892,4.006,100.0,119.0,28.06
528.423,6.03871,4.008,100.0,119.0,28.06
528.523,6.03635,4.01,100.0,119.0,28.06
528.623,6.0343,4.012,100.0,119.0,28.09
528.723,6.03998,4.013,100.0,119.0,28.09
528.823,6.04894,4.015,100.0,119.0,28.09
528.923,6.04887,4.017,100.0,119.0,28.07
529.023,6.04596,4.019,100.0,119.0,28.07
529.123,6.05008,4.02,100.0,119.0,28.07
529.223,6.04789,4.022,100.0,119.0,28.06
529.323,6.05024,4.024,100.0,119.0,28.06
529.423,6.04535,4.026,100.0,119.0,28.06
529.523,6.05083,4.028,100.0,119.0,28.05
529.623,6.04602,4.029,100.0,119.0,28.05
529.722,6.04834,4.031,100.0,119.0,28.05
529.823,6.04544,4.033,100.0,119.0,28.08
529.923,6.04233,4.035,100.0,119.0,28.08
530.023,6.04657,4.037,100.0,119.0,28.08
530.123,6.04498,4.038,100.0,119.0,28.07
530.223,6.0496,4.04,100.0,119.0,28.07
530.323,6.04362,4.042,100.0,119.0,28.07
530.423,6.04606,4.044,100.0,119.0,28.1
530.523,6.04668,4.045,100.0,119.0,28.1
530.623,6.04687,4.047,100.0,119.0,28.1
530.723,6.05394,4.049,100.0,119.0,28.12
530.823,6.05122,4.051,100.0,119.0,28.12
530.923,6.05455,4.053,100.0,119.0,28.12
531.023,6.05278,4.054,100.0,119.0,28.14
531.123,6.05295,4.056,100.0,119.0,28.14
531.223,6.05465,4.058,100.0,119.0,28.14
531.323,6.05382,4.06,100.0,119.0,28.16
531.423,6.04791,4.061,100.0,119.0,28.16
531.523,6.05367,4.063,100.0,119.0,28.16
531.623,6.05569,4.065,100.0,119.0,28.13
531.723,6.05056,4.067,100.0,119.0,28.13
531.823,6.05293,4.068,100.0,119.0,28.13
531.923,6.06029,4.07,100.0,119.0,28.11
532.023,6.06268,4.072,100.0,119.0,28.11
532.123,6.06464,4.074,100.0,119.0,28.11
532.223,6.06682,4.075,100.0,119.0,28.06
532.323,6.0687,4.077,100.0,119.0,28.06
532.423,6.06384,4.079,100.0,119.0,28.06
532.523,6.06346,4.081,100.0,119.0,28.05
532.623,6.06054,4.083,100.0,119.0,28.05
532.723,6.06474,4.084,100.0,119.0,28.05
532.823,6.0611,4.086,100.0,119.0,28.0
532.922,6.06602,4.088,100.0,119.0,28.0
533.023,6.06087,4.09,100.0,119.0,28.0
533.123,6.05611,4.091,100.0,119.0,28.04
533.223,6.06512,4.093,100.0,119.0,28.04
533.323,6.06553,4.095,100.0,119.0,28.04
533.423,6.06492,4.097,100.0,119.0,28.07
533.523,6.06034,4.099,100.0,119.0,28.07
533.623,6.06227,4.1,100.0,119.0,28.07
533.723,6.06016,4.102,100.0,119.0,28.02
533.823,6.06054,4.104,100.0,119.0,28.02
533.923,6.06247,4.106,100.0,119.0,28.02
534.023,6.06292,4.107,100.0,119.0,28.06
534.123,6.06553,4.109,100.0,119.0,28.06
534.223,6.06957,4.111,100.0,119.0,28.06
534.323,6.07152,4.113,100.0,119.0,28.05
534.423,6.06991,4.115,100.0,119.0,28.05
534.523,6.07216,4.116,100.0,119.0,28.05
534.623,6.06788,4.118,100.0,119.0,28.0
534.723,6.06433,4.12,100.0,119.0,28.0
534.823,6.06923,4.122,100.0,119.0,28.0
534.923,6.06862,4.123,100.0,119.0,28.04
535.023,6.06745,4.125,100.0,119.0,28.04
535.123,6.07102,4.127,100.0,119.0,28.04
535.223,6.07073,4.129,100.0,119.0,28.04
535.323,6.07135,4.131,100.0,119.0,28.04
535.423,6.07044,4.132,100.0,119.0,28.04
535.523,6.07327,4.134,100.0,119.0,28.03
535.623,6.06874,4.136,100.0,119.0,28.03
535.723,6.07235,4.138,100.0,119.0,28.03
535.823,6.06924,4.139,100.0,119.0,28.06
535.923,6.06981,4.141,100.0,119.0,28.06
536.023,6.07316,4.143,100.0,119.0,28.06
536.122,6.0875,4.145,100.0,119.0,28.09
536.223,6.08328,4.147,100.0,119.0,28.09
536.323,6.08047,4.148,100.0,119.0,28.09
536.423,6.07687,4.15,100.0,119.0,28.11
536.523,6.0773,4.152,100.0,119.0,28.11
536.623,6.08864,4.154,100.0,119.0,28.11
536.723,6.08747,4.155,100.0,119.0,28.14
536.823,6.08697,4.157,100.0,119.0,28.14
536.923,6.09099,4.159,100.0,119.0,28.14
537.023,6.08578,4.161,100.0,119.0,28.08
537.123,6.08697,4.162,100.0,119.0,28.08
537.223,6.0762,4.164,100.0,119.0,28.08
537.323,6.08272,4.166,100.0,119.0,28.1
537.423,6.08518,4.168,100.0,119.0,28.1
537.523,6.08753,4.17,100.0,119.0,28.1
537.623,6.08614,4.171,100.0,119.0,28.09
537.723,6.08204,4.173,100.0,119.0,28.09
537.823,6.08286,4.175,100.0,119.0,28.09
537.923,6.08011,4.177,100.0,119.0,28.11
538.023,6.07946,4.178,100.0,119.0,28.11
538.123,6.07823,4.18,100.0,119.0,28.11
538.223,6.07743,4.182,100.0,119.0,28.13
538.323,6.08547,4.184,100.0,119.0,28.13
538.423,6.08551,4.185,100.0,119.0,28.13
538.523,6.08504,4.187,100.0,119.0,28.15
538.623,6.08862,4.189,100.0,119.0,28.15
538.723,6.08598,4.191,100.0,119.0,28.15
538.823,6.08362,4.193,100.0,119.0,28.17
538.923,6.08732,4.194,100.0,119.0,28.17
539.024,6.08865,4.196,100.0,119.0,28.17
539.125,6.0918,4.198,100.0,119.0,28.18
539.225,6.09116,4.2,100.0,119.0,28.18
539.325,6.09233,4.201,100.0,119.0,28.18
539.425,6.09401,4.203,100.0,119.0,28.23
539.525,6.09939,4.205,100.0,119.0,28.23
539.625,6.09065,4.207,100.0,119.0,28.23
539.725,6.09351,4.209,100.0,119.0,28.23
539.825,6.10248,4.21,100.0,119.0,28.23
539.925,6.09653,4.212,100.0,119.0,28.23
540.025,6.09491,4.214,100.0,119.0,28.2
540.125,6.09402,4.216,100.0,119.0,28.2
540.225,6.09332,4.217,100.0,119.0,28.2
540.325,6.10057,4.219,100.0,119.0,28.2
540.425,6.10462,4.221,100.0,119.0,28.2
540.525,6.10355,4.223,100.0,119.0,28.2
540.625,6.10137,4.224,100.0,119.0,28.21
540.725,6.09756,4.226,100.0,119.0,28.21
540.825,6.10161,4.228,100.0,119.0,28.21
540.925,6.0981,4.23,100.0,119.0,28.22
541.025,6.0914,4.232,100.0,119.0,28.22
541.125,6.0946,4.233,100.0,119.0,28.22
541.225,6.1039,4.235,100.0,119.0,28.22
541.325,6.10303,4.237,100.0,119.0,28.22
541.425,6.1013,4.239,100.0,119.0,28.22
541.525,6.10172,4.24,100.0,119.0,28.26
541.625,6.09856,4.242,100.0,119.0,28.26
541.725,6.10473,4.244,100.0,119.0,28.26
541.825,6.1062,4.246,100.0,119.0,28.26
541.925,6.10012,4.247,100.0,119.0,28.26
542.026,6.10107,4.249,100.0,119.0,28.26
542.126,6.10135,4.251,100.0,119.0,28.3
542.226,6.1055,4.253,100.0,119.0,28.3
542.326,6.10736,4.254,100.0,119.0,28.3
542.426,6.09963,4.256,100.0,119.0,28.29
542.526,6.09697,4.258,100.0,119.0,28.29
542.626,6.10224,4.26,100.0,119.0,28.29
542.726,6.10522,4.262,100.0,119.0,28.25
542.826,6.10992,4.263,100.0,119.0,28.25
542.926,6.109,4.265,100.0,119.0,28.25
543.026,6.10736,4.267,100.0,119.0,28.25
543.126,6.10486,4.269,100.0,119.0,28.25
543.226,6.10709,4.27,100.0,119.0,28.25
543.326,6.10195,4.272,100.0,119.0,28.21
543.426,6.10943,4.274,100.0,119.0,28.21
543.526,6.11136,4.276,100.0,119.0,28.21
543.626,6.10853,4.278,100.0,119.0,28.25
543.726,6.10751,4.279,100.0,119.0,28.25
543.826,6.10547,4.281,100.0,119.0,28.25
543.926,6.1168,4.283,100.0,119.0,28.33
544.026,6.11684,4.285,100.0,119.0,28.33
544.126,6.11651,4.286,100.0,119.0,28.33
544.226,6.11611,4.288,100.0,119.0,28.35
544.326,6.11331,4.29,100.0,119.0,28.35
544.426,6.12106,4.292,100.0,119.0,28.35
544.526,6.11744,4.294,100.0,119.0,28.34
544.626,6.11588,4.295,100.0,119.0,28.34
544.726,6.115,4.297,100.0,119.0,28.34
544.826,6.11745,4.299,100.0,119.0,28.29
544.927,6.12132,4.301,100.0,119.0,28.29
545.027,6.11651,4.302,100.0,119.0,28.29
545.127,6.1215,4.304,100.0,119.0,28.24
545.227,6.12132,4.306,100.0,119.0,28.24
545.327,6.12216,4.308,100.0,119.0,28.24
545.427,6.11694,4.309,100.0,119.0,28.28
545.527,6.11813,4.311,100.0,119.0,28.28
545.627,6.11208,4.313,100.0,119.0,28.28
545.727,6.10914,4.315,100.0,119.0,28.28
545.827,6.11906,4.317,100.0,119.0,28.28
545.927,6.11724,4.318,100.0,119.0,28.28
546.027,6.11722,4.32,100.0,119.0,28.27
546.127,6.1192,4.322,100.0,119.0,28.27
546.227,6.11335,4.324,100.0,119.0,28.27
546.327,6.11971,4.325,100.0,119.0,28.23
546.427,6.12145,4.327,100.0,119.0,28.23
546.527,6.11966,4.329,100.0,119.0,28.23
546.627,6.11824,4.331,100.0,119.0,28.27
546.727,6.12404,4.332,100.0,119.0,28.27
546.827,6.12366,4.334,100.0,119.0,28.27
546.927,6.12238,4.336,100.0,119.0,28.31
547.027,6.11968,4.338,100.0,119.0,28.31
547.127,6.12085,4.34,100.0,119.0,28.31
547.227,6.12336,4.341,100.0,119.0,28.3
547.327,6.12621,4.343,100.0,119.0,28.3
547.427,6.12442,4.345,100.0,119.0,28.3
547.527,6.12602,4.347,100.0,119.0,28.25
547.627,6.12695,4.348,100.0,119.0,28.25
547.727,6.12499,4.35,100.0,119.0,28.25
547.827,6.1264,4.352,100.0,119.0,28.29
547.927,6.12811,4.354,100.0,119.0,28.29
548.026,6.12333,4.355,100.0,119.0,28.29
548.127,6.12695,4.357,100.0,119.0,28.28
548.227,6.12809,4.359,100.0,119.0,28.28
548.327,6.12761,4.361,100.0,119.0,28.28
548.427,6.13622,4.362,100.0,119.0,28.32
548.527,6.13775,4.364,100.0,119.0,28.32
548.627,6.13437,4.366,100.0,119.0,28.32
548.727,6.13233,4.368,100.0,119.0,28.34
548.827,6.12803,4.37,100.0,119.0,28.34
548.927,6.12937,4.371,100.0,119.0,28.34
549.027,6.12471,4.373,100.0,119.0,28.29
549.127,6.13248,4.375,100.0,119.0,28.29
549.227,6.13564,4.377,100.0,119.0,28.29
549.327,6.1285,4.378,100.0,119.0,28.32
549.427,6.12964,4.38,100.0,119.0,28.32
549.527,6.13298,4.382,100.0,119.0,28.32
549.627,6.13107,4.384,100.0,119.0,28.35
549.727,6.13158,4.386,100.0,119.0,28.35
549.827,6.13535,4.387,100.0,119.0,28.35
549.927,6.1381,4.389,100.0,119.0,28.37
550.027,6.13446,4.391,100.0,119.0,28.37
550.127,6.1318,4.393,100.0,119.0,28.37
550.227,6.13211,4.394,100.0,119.0,28.28
550.327,6.12809,4.396,100.0,119.0,28.28
550.427,6.13303,4.398,100.0,119.0,28.28
550.527,6.13656,4.4,100.0,119.0,28.27
550.627,6.13469,4.401,100.0,119.0,28.27
550.727,6.13705,4.403,100.0,119.0,28.27
550.827,6.14451,4.405,100.0,119.0,28.35
550.927,6.14194,4.407,100.0,119.0,28.35
551.027,6.13771,4.408,100.0,118.0,28.35
551.127,6.13999,4.41,100.0,118.0,28.37
551.226,6.14181,4.412,100.0,119.0,28.37
551.327,6.14432,4.414,100.0,118.0,28.37
551.427,6.14558,4.416,100.0,119.0,28.39
551.527,6.14784,4.417,100.0,119.0,28.39
551.627,6.14603,4.419,100.0,118.0,28.39
551.727,6.14962,4.421,100.0,119.0,28.41
551.827,6.15019,4.423,100.0,119.0,28.41
551.927,6.14491,4.424,100.0,119.0,28.41
552.027,6.14248,4.426,100.0,119.0,28.27
552.127,6.14493,4.428,100.0,119.0,28.27
552.227,6.14925,4.43,100.0,119.0,28.27
552.327,6.1466,4.431,100.0,119.0,28.3
552.427,6.14323,4.433,100.0,119.0,28.3
552.527,6.14322,4.435,100.0,119.0,28.3
552.627,6.14447,4.437,100.0,118.0,28.33
552.727,6.14839,4.439,100.0,119.0,28.33
552.827,6.1521,4.44,100.0,119.0,28.33
552.927,6.14693,4.442,100.0,119.0,28.4
553.027,6.1467,4.444,100.0,119.0,28.4
553.127,6.14662,4.446,100.0,119.0,28.4
553.227,6.15106,4.447,100.0,119.0,28.45
553.327,6.14688,4.449,100.0,119.0,28.45
553.427,6.1476,4.451,100.0,119.0,28.45
553.527,6.14118,4.453,100.0,119.0,28.49
553.627,6.1465,4.454,100.0,119.0,28.49
553.727,6.14905,4.456,100.0,119.0,28.49
553.827,6.14883,4.458,100.0,119.0,28.42
553.927,6.15248,4.46,100.0,119.0,28.42
554.027,6.15144,4.461,100.0,119.0,28.42
554.127,6.14605,4.463,100.0,119.0,28.47
554.227,6.14769,4.465,100.0,119.0,28.47
554.327,6.14955,4.467,100.0,119.0,28.47
554.426,6.15531,4.468,100.0,119.0,28.44
554.527,6.15325,4.47,100.0,119.0,28.44
554.627,6.15172,4.472,100.0,119.0,28.44
554.727,6.14251,4.474,100.0,119.0,28.45
554.827,6.15265,4.476,100.0,119.0,28.45
554.927,6.15846,4.477,100.0,119.0,28.45
555.027,6.15512,4.479,100.0,119.0,28.49
555.127,6.15473,4.481,100.0,119.0,28.49
555.227,6.1588,4.483,100.0,119.0,28.49
555.327,6.15941,4.484,100.0,119.0,28.49
555.427,6.15607,4.486,100.0,119.0,28.49
555.527,6.15894,4.488,100.0,119.0,28.49
555.627,6.15461,4.49,100.0,119.0,28.53
555.727,6.16279,4.491,100.0,119.0,28.53
555.827,6.16234,4.493,100.0,119.0,28.53
555.927,6.1636,4.495,100.0,119.0,28.53
556.027,6.15992,4.497,100.0,119.0,28.53
556.127,6.15723,4.498,100.0,119.0,28.53
556.227,6.1586,4.5,100.0,119.0,28.56
556.327,6.16274,4.502,100.0,119.0,28.56
556.427,6.159,4.504,100.0,119.0,28.56
556.527,6.15619,4.506,100.0,119.0,28.51
556.627,6.15643,4.507,100.0,119.0,28.51
556.727,6.15767,4.509,100.0,119.0,28.51
556.827,6.15912,4.511,100.0,119.0,28.51
556.927,6.15874,4.513,100.0,119.0,28.51
557.027,6.16019,4.514,100.0,119.0,28.51
557.127,6.16403,4.516,100.0,119.0,28.51
557.227,6.162,4.518,100.0,119.0,28.51
557.327,6.16212,4.52,100.0,119.0,28.51
557.427,6.15241,4.522,100.0,119.0,28.55
557.527,6.16194,4.523,100.0,119.0,28.55
557.626,6.16475,4.525,100.0,119.0,28.55
557.727,6.16334,4.527,100.0,119.0,28.54
557.827,6.16447,4.529,100.0,119.0,28.54
557.927,6.16257,4.53,100.0,119.0,28.54
558.027,6.16044,4.532,100.0,119.0,28.57
558.127,6.16796,4.534,100.0,118.0,28.57
558.227,6.16454,4.536,100.0,119.0,28.57
558.327,6.17174,4.538,100.0,119.0,28.56
558.427,6.17087,4.539,100.0,119.0,28.56
558.527,6.1598,4.541,100.0,119.0,28.56
558.627,6.17742,4.543,100.0,119.0,28.63
558.727,6.1776,4.545,100.0,119.0,28.63
558.827,6.17013,4.546,100.0,119.0,28.63
558.927,6.1624,4.548,100.0,119.0,28.61
559.027,6.16489,4.55,100.0,119.0,28.61
559.127,6.16489,4.552,100.0,119.0,28.61
559.227,6.17335,4.554,100.0,119.0,28.67
559.327,6.17799,4.555,100.0,119.0,28.67
559.427,6.17965,4.557,100.0,119.0,28.67
559.527,6.1781,4.559,100.0,119.0,28.6
559.627,6.17436,4.561,100.0,119.0,28.6
559.727,6.18088,4.562,100.0,119.0,28.6
559.827,6.17094,4.564,100.0,119.0,28.63
559.927,6.1705,4.566,100.0,119.0,28.63
560.027,6.17506,4.568,100.0,119.0,28.63
560.127,6.17001,4.569,100.0,119.0,28.68
560.227,6.16832,4.571,100.0,119.0,28.68
560.327,6.17107,4.573,100.0,119.0,28.68
560.427,6.17014,4.575,100.0,119.0,28.65
560.527,6.17345,4.576,100.0,119.0,28.65
560.627,6.17573,4.578,100.0,119.0,28.65
560.727,6.17151,4.58,100.0,119.0,28.63
560.826,6.17407,4.582,100.0,118.0,28.63
560.927,6.17663,4.584,100.0,119.0,28.63
561.027,6.18163,4.585,100.0,119.0,28.61
561.127,6.17882,4.587,100.0,119.0,28.61
561.227,6.17756,4.589,100.0,119.0,28.61
561.327,6.17075,4.591,100.0,119.0,28.59
561.427,6.16971,4.592,100.0,119.0,28.59
561.527,6.17041,4.594,100.0,119.0,28.59
561.627,6.17424,4.596,100.0,119.0,28.62
561.727,6.17493,4.598,100.0,119.0,28.62
561.827,6.17244,4.6,100.0,119.0,28.62
561.927,6.17287,4.601,100.0,119.0,28.64
562.027,6.17119,4.603,100.0,119.0,28.64
562.127,6.17694,4.605,100.0,119.0,28.64
562.227,6.17932,4.607,100.0,119.0,28.65
562.327,6.18528,4.608,100.0,119.0,28.65
562.427,6.18432,4.61,100.0,119.0,28.65
562.527,6.17989,4.612,100.0,119.0,28.63
562.627,6.17977,4.614,100.0,119.0,28.63
562.727,6.17623,4.615,100.0,119.0,28.63
562.827,6.17884,4.617,100.0,119.0,28.65
562.927,6.17759,4.619,100.0,119.0,28.65
563.027,6.1809,4.621,100.0,119.0,28.65
563.127,6.18382,4.623,100.0,119.0,28.63
563.227,6.17733,4.624,100.0,119.0,28.63
563.327,6.18159,4.626,100.0,119.0,28.63
563.427,6.18141,4.628,100.0,119.0,28.57
563.527,6.1853,4.63,100.0,119.0,28.57
563.627,6.19145,4.631,100.0,119.0,28.57
563.727,6.18477,4.633,100.0,119.0,28.56
563.827,6.18361,4.635,100.0,119.0,28.56
563.927,6.1873,4.637,100.0,119.0,28.56
564.026,6.1851,4.638,100.0,119.0,28.59
564.127,6.18677,4.64,100.0,119.0,28.59
564.227,6.19003,4.642,100.0,119.0,28.59
564.327,6.19432,4.644,100.0,119.0,28.58
564.427,6.18603,4.646,100.0,119.0,28.58
564.527,6.18913,4.647,100.0,119.0,28.58
564.627,6.18897,4.649,100.0,119.0,28.64
564.727,6.18603,4.651,100.0,119.0,28.64
564.827,6.18506,4.653,100.0,119.0,28.64
564.927,6.18749,4.654,100.0,119.0,28.66
565.027,6.18882,4.656,100.0,119.0,28.66
565.127,6.18761,4.658,100.0,119.0,28.66
565.227,6.19059,4.66,100.0,119.0,28.63
565.327,6.18845,4.662,100.0,119.0,28.63
565.427,6.1906,4.663,100.0,119.0,28.63
565.527,6.18627,4.665,100.0,119.0,28.69
565.627,6.19087,4.667,100.0,119.0,28.69
565.727,6.19021,4.669,100.0,119.0,28.69
565.827,6.18552,4.67,100.0,119.0,28.66
565.927,6.18477,4.672,100.0,119.0,28.66
566.027,6.19012,4.674,100.0,119.0,28.66
566.127,6.18809,4.676,100.0,119.0,28.67
566.227,6.18497,4.677,100.0,119.0,28.67
566.327,6.19199,4.679,100.0,119.0,28.67
566.427,6.19633,4.681,100.0,119.0,28.65
566.527,6.19275,4.683,100.0,119.0,28.65
566.627,6.1972,4.684,100.0,118.0,28.65
566.727,6.19369,4.686,100.0,119.0,28.66
566.827,6.19512,4.688,100.0,119.0,28.66
566.927,6.19598,4.69,100.0,119.0,28.66
567.027,6.19994,4.691,100.0,119.0,28.71
567.127,6.19217,4.693,100.0,119.0,28.71
567.226,6.19144,4.695,100.0,119.0,28.71
567.327,6.19959,4.697,100.0,119.0,28.72
567.427,6.19811,4.699,100.0,119.0,28.72
567.527,6.19976,4.7,100.0,119.0,28.72
567.627,6.20276,4.702,100.0,119.0,28.76
567.727,6.19646,4.704,100.0,119.0,28.76
567.827,6.18945,4.706,100.0,119.0,28.76
567.927,6.20112,4.707,100.0,119.0,28.76
568.027,6.19897,4.709,100.0,119.0,28.76
568.127,6.19963,4.711,100.0,119.0,28.76
568.227,6.19342,4.713,100.0,119.0,28.68
568.327,6.19748,4.714,100.0,119.0,28.68
568.427,6.19684,4.716,100.0,119.0,28.68
568.527,6.18956,4.718,100.0,119.0,28.69
568.627,6.19194,4.72,100.0,119.0,28.69
568.727,6.18981,4.722,100.0,119.0,28.69
568.827,6.19531,4.723,100.0,119.0,28.74
568.927,6.19394,4.725,100.0,119.0,28.74
569.027,6.19962,4.727,100.0,119.0,28.74
569.127,6.19398,4.729,100.0,119.0,28.74
569.227,6.19528,4.73,100.0,119.0,28.74
569.327,6.19611,4.732,100.0,119.0,28.74
569.427,6.18924,4.734,100.0,119.0,28.7
569.527,6.19157,4.736,100.0,119.0,28.7
569.627,6.19985,4.737,100.0,119.0,28.7
569.727,6.19831,4.739,100.0,119.0,28.67
569.827,6.20601,4.741,100.0,119.0,28.67
569.927,6.20459,4.743,100.0,119.0,28.67
570.027,6.20161,4.744,100.0,119.0,28.65
570.127,6.20174,4.746,100.0,119.0,28.65
570.227,6.20216,4.748,100.0,119.0,28.65
570.327,6.1965,4.75,100.0,119.0,28.7
570.426,6.20305,4.752,100.0,119.0,28.7
570.527,6.21042,4.753,100.0,119.0,28.7
570.627,6.20752,4.755,100.0,119.0,28.63
570.727,6.19906,4.757,100.0,119.0,28.63
570.827,6.20927,4.759,100.0,119.0,28.63
570.927,6.20466,4.76,99.0,119.0,28.65
571.027,6.20622,4.762,100.0,119.0,28.65
571.127,6.2112,4.764,100.0,119.0,28.65
571.227,6.20838,4.766,100.0,119.0,28.67
571.327,6.20556,4.767,100.0,119.0,28.67
571.427,6.20558,4.769,100.0,119.0,28.67
571.527,6.20383,4.771,100.0,119.0,28.68
571.627,6.20649,4.773,100.0,119.0,28.68
571.727,6.20224,4.775,100.0,118.0,28.68
571.827,6.2036,4.776,100.0,119.0,28.73
571.927,6.21028,4.778,100.0,119.0,28.73
572.027,6.20928,4.78,100.0,119.0,28.73
572.127,6.20759,4.782,100.0,119.0,28.69
572.227,6.20353,4.783,100.0,119.0,28.69
572.327,6.20778,4.785,100.0,119.0,28.69
572.427,6.20922,4.787,100.0,119.0,28.63
572.527,6.20303,4.789,100.0,119.0,28.63
572.627,6.20102,4.791,100.0,119.0,28.63
572.727,6.20311,4.792,100.0,119.0,28.61
572.827,6.20026,4.794,100.0,119.0,28.61
572.927,6.20538,4.796,100.0,119.0,28.61
573.027,6.20902,4.798,100.0,119.0,28.67
573.127,6.20661,4.799,100.0,119.0,28.67
573.227,6.20236,4.801,100.0,119.0,28.67
573.327,6.21005,4.803,100.0,119.0,28.68
573.427,6.20851,4.805,100.0,119.0,28.68
573.527,6.20233,4.806,100.0,119.0,28.68
573.626,6.20489,4.808,100.0,119.0,28.65
573.727,6.21515,4.81,100.0,119.0,28.65
573.827,6.21368,4.812,100.0,119.0,28.65
573.927,6.21374,4.814,100.0,119.0,28.7
574.027,6.20938,4.815,100.0,119.0,28.7
574.127,6.20975,4.817,100.0,119.0,28.7
574.227,6.21369,4.819,100.0,119.0,28.71
574.327,6.20903,4.821,100.0,119.0,28.71
574.427,6.20792,4.822,100.0,119.0,28.71
574.527,6.20798,4.824,100.0,119.0,28.68
574.627,6.21703,4.826,100.0,119.0,28.68
574.727,6.21271,4.828,100.0,119.0,28.68
574.827,6.21079,4.829,100.0,119.0,28.69
574.927,6.21318,4.831,100.0,119.0,28.69
575.027,6.21598,4.833,100.0,119.0,28.69
575.127,6.21597,4.835,100.0,119.0,28.62
575.227,6.21181,4.837,100.0,119.0,28.62
575.327,6.21054,4.838,100.0,119.0,28.62
575.427,6.22131,4.84,100.0,119.0,28.64
575.527,6.21426,4.842,100.0,119.0,28.64
575.627,6.21189,4.844,100.0,119.0,28.64
575.727,6.21659,4.845,100.0,119.0,28.66
575.827,6.22459,4.847,100.0,119.0,28.66
575.927,6.21533,4.849,100.0,119.0,28.66
576.027,6.20945,4.851,100.0,119.0,28.71
576.127,6.21696,4.852,100.0,119.0,28.71
576.227,6.22143,4.854,100.0,119.0,28.71
576.327,6.22001,4.856,100.0,119.0,28.75
576.427,6.22078,4.858,100.0,119.0,28.75
576.527,6.21873,4.86,100.0,119.0,28.75
576.627,6.20674,4.861,100.0,119.0,28.72
576.727,6.2107,4.863,100.0,119.0,28.72
576.826,6.21397,4.865,100.0,119.0,28.72
576.927,6.20972,4.867,100.0,118.0,28.72
577.027,6.20519,4.868,100.0,119.0,28.72
577.127,6.21969,4.87,100.0,119.0,28.72
577.227,6.22262,4.872,100.0,119.0,28.73
577.327,6.21938,4.874,100.0,119.0,28.73
577.427,6.21756,4.875,100.0,119.0,28.73
577.527,6.21726,4.877,100.0,119.0,28.73
577.627,6.21291,4.879,100.0,119.0,28.73
577.727,6.21626,4.881,100.0,119.0,28.73
577.827,6.22062,4.882,100.0,119.0,28.73
577.927,6.22005,4.884,100.0,119.0,28.73
578.027,6.21864,4.886,100.0,119.0,28.73
578.127,6.21908,4.888,100.0,118.0,28.7
578.227,6.22105,4.89,100.0,119.0,28.7
578.327,6.22288,4.891,100.0,119.0,28.7
578.427,6.21982,4.893,100.0,119.0,28.67
578.527,6.22138,4.895,100.0,119.0,28.67
578.627,6.2215,4.897,100.0,119.0,28.67
578.727,6.22611,4.898,100.0,119.0,28.72
578.827,6.22013,4.9,100.0,119.0,28.72
578.927,6.22578,4.902,100.0,119.0,28.72
579.027,6.22228,4.904,100.0,119.0,28.76
579.127,6.21595,4.905,100.0,119.0,28.76
579.227,6.21511,4.907,100.0,119.0,28.76
579.327,6.22351,4.909,100.0,119.0,28.72
579.427,6.22306,4.911,100.0,119.0,28.72
579.527,6.22116,4.912,100.0,119.0,28.72
579.627,6.22999,4.914,100.0,119.0,28.76
579.727,6.22192,4.916,100.0,119.0,28.76
579.827,6.22411,4.918,100.0,119.0,28.76
579.927,6.22346,4.92,100.0,119.0,28.8
580.026,6.22401,4.921,100.0,119.0,28.8
580.127,6.22135,4.923,100.0,119.0,28.8
580.227,6.20995,4.925,100.0,119.0,28.75
580.327,6.21274,4.927,100.0,119.0,28.75
580.427,6.217,4.928,100.0,119.0,28.75
580.527,6.21567,4.93,100.0,119.0,28.72
580.627,6.22578,4.932,100.0,119.0,28.72
580.727,6.22098,4.934,100.0,119.0,28.72
580.827,6.22062,4.935,100.0,119.0,28.76
580.927,6.22284,4.937,100.0,119.0,28.76
581.027,6.22331,4.939,100.0,119.0,28.76
581.127,6.22624,4.941,100.0,119.0,28.79
581.227,6.22189,4.942,100.0,119.0,28.79
581.327,6.21924,4.944,100.0,119.0,28.79
581.427,6.22071,4.946,100.0,119.0,28.86
581.527,6.22245,4.948,100.0,119.0,28.86
581.627,6.22688,4.95,100.0,119.0,28.86
581.727,6.23026,4.951,100.0,119.0,28.88
581.827,6.23503,4.953,100.0,118.0,28.88
581.927,6.23474,4.955,100.0,119.0,28.88
582.027,6.22838,4.957,100.0,119.0,28.9
582.127,6.22604,4.958,100.0,119.0,28.9
582.227,6.22442,4.96,100.0,119.0,28.9
582.327,6.23559,4.962,100.0,119.0,28.88
582.427,6.22853,4.964,100.0,119.0,28.88
582.527,6.22794,4.965,100.0,119.0,28.88
582.627,6.2267,4.967,100.0,119.0,28.9
582.727,6.22304,4.969,100.0,119.0,28.9
582.827,6.22527,4.971,100.0,119.0,28.9
582.927,6.22954,4.972,100.0,119.0,28.87
583.027,6.22903,4.974,100.0,119.0,28.87
583.127,6.22929,4.976,100.0,119.0,28.87
583.226,6.22966,4.978,100.0,119.0,28.86
583.327,6.22479,4.98,100.0,119.0,28.86
583.427,6.2253,4.981,100.0,119.0,28.86
583.527,6.22596,4.983,100.0,119.0,28.88
583.627,6.22648,4.985,100.0,119.0,28.88
583.727,6.22389,4.987,100.0,119.0,28.88
583.827,6.22465,4.988,100.0,119.0,28.82
583.927,6.225,4.99,100.0,119.0,28.82
584.027,6.22288,4.992,100.0,119.0,28.82
584.127,6.22461,4.994,100.0,119.0,28.89
584.227,6.2228,4.995,100.0,119.0,28.89
584.327,6.2266,4.997,100.0,119.0,28.89
584.427,6.2268,4.999,100.0,119.0,28.9
584.527,6.22639,5.001,100.0,119.0,28.9
584.627,6.22192,5.003,100.0,119.0,28.9
584.727,6.22235,5.004,100.0,119.0,28.92
584.827,6.22268,5.006,100.0,119.0,28.92
584.927,6.2244,5.008,100.0,119.0,28.92
585.027,6.22536,5.01,100.0,119.0,28.93
585.127,6.228,5.011,100.0,119.0,28.93
585.227,6.23227,5.013,100.0,119.0,28.93
585.327,6.22777,5.015,100.0,119.0,28.87
585.427,6.23135,5.017,100.0,119.0,28.87
585.527,6.23115,5.019,100.0,119.0,28.87
585.627,6.22977,5.02,100.0,119.0,28.89
585.727,6.23025,5.022,100.0,119.0,28.89
585.827,6.23268,5.024,100.0,119.0,28.89
585.927,6.23675,5.026,100.0,119.0,28.94
586.027,6.23522,5.027,100.0,119.0,28.94
586.127,6.23762,5.029,100.0,119.0,28.94
586.227,6.23781,5.031,100.0,119.0,28.91
586.327,6.23962,5.033,100.0,119.0,28.91
586.426,6.22936,5.034,100.0,119.0,28.91
586.527,6.22701,5.036,100.0,118.0,28.92
586.627,6.23555,5.038,100.0,119.0,28.92
586.727,6.24136,5.04,100.0,119.0,28.92
586.827,6.22891,5.042,100.0,119.0,28.94
586.927,6.22832,5.043,100.0,119.0,28.94
587.027,6.2274,5.045,100.0,119.0,28.94
587.127,6.22584,5.047,100.0,119.0,28.95
587.227,6.2227,5.049,100.0,119.0,28.95
587.327,6.22877,5.05,100.0,118.0,28.95
587.427,6.23104,5.052,100.0,119.0,28.95
587.527,6.22831,5.054,100.0,119.0,28.95
587.627,6.22765,5.056,100.0,119.0,28.95
587.727,6.2295,5.058,100.0,118.0,28.96
587.827,6.23459,5.059,100.0,119.0,28.96
587.927,6.23569,5.061,100.0,118.0,28.96
588.027,6.23516,5.063,100.0,119.0,28.97
588.127,6.23043,5.065,100.0,119.0,28.97
588.227,6.22558,5.066,100.0,119.0,28.97
588.327,6.21895,5.068,100.0,119.0,28.97
588.427,6.22371,5.07,100.0,119.0,28.97
588.527,6.23649,5.072,100.0,119.0,28.97
588.627,6.23842,5.073,100.0,119.0,28.98
588.727,6.23307,5.075,100.0,119.0,28.98
588.827,6.23049,5.077,100.0,119.0,28.98
588.927,6.2348,5.079,100.0,119.0,28.98
589.027,6.23408,5.081,100.0,119.0,28.98
589.127,6.23159,5.082,100.0,119.0,28.98
589.227,6.23908,5.084,100.0,119.0,29.02
589.327,6.23811,5.086,99.0,119.0,29.02
589.427,6.24042,5.088,100.0,119.0,29.02
589.527,6.2368,5.089,100.0,119.0,29.05
589.626,6.23774,5.091,100.0,119.0,29.05
589.727,6.23715,5.093,100.0,119.0,29.05
589.827,6.23466,5.095,100.0,119.0,29.01
589.927,6.23914,5.096,100.0,119.0,29.01
590.027,6.23838,5.098,100.0,119.0,29.01
590.127,6.23472,5.1,100.0,119.0,28.97
590.227,6.23296,5.102,100.0,119.0,28.97
590.327,6.22687,5.103,100.0,119.0,28.97
590.427,6.22968,5.105,100.0,119.0,28.97
590.527,6.23197,5.107,100.0,119.0,28.97
590.627,6.22614,5.109,100.0,119.0,28.97
590.727,6.22704,5.111,100.0,119.0,29.02
590.827,6.22501,5.112,100.0,119.0,29.02
590.927,6.2344,5.114,100.0,119.0,29.02
591.027,6.22397,5.116,100.0,119.0,29.01
591.127,6.22399,5.118,100.0,119.0,29.01
591.227,6.23039,5.119,100.0,119.0,29.01
591.327,6.23054,5.121,100.0,119.0,29.01
591.427,6.22933,5.123,100.0,119.0,29.01
591.527,6.22473,5.125,100.0,119.0,29.01
591.627,6.23378,5.126,100.0,119.0,28.93
591.727,6.23207,5.128,100.0,119.0,28.93
591.827,6.2277,5.13,100.0,119.0,28.93
591.927,6.22881,5.132,100.0,119.0,28.98
592.027,6.23025,5.134,100.0,119.0,28.98
592.127,6.22865,5.135,99.0,117.0,28.98
592.227,6.23131,5.137,98.0,117.0,29.06
592.327,6.23005,5.139,98.0,117.0,29.06
592.427,6.22569,5.141,98.0,117.0,29.06
592.527,6.22779,5.143,98.0,117.0,29.05
592.627,6.2314,5.144,98.0,117.0,29.05
592.727,6.22984,5.146,98.0,117.0,29.05
592.826,6.23127,5.148,98.0,117.0,29.04
592.927,6.23826,5.15,98.0,117.0,29.04
593.027,6.24071,5.152,98.0,117.0,29.04
593.127,6.2376,5.153,98.0,117.0,29.0
593.227,6.23885,5.155,98.0,117.0,29.0
593.327,6.23981,5.157,98.0,117.0,29.0
593.427,6.23451,5.159,98.0,117.0,29.07
593.527,6.23738,5.161,98.0,117.0,29.07
593.627,6.23928,5.162,98.0,117.0,29.07
593.728,6.23721,5.164,98.0,117.0,29.1
593.827,6.23779,5.166,98.0,117.0,29.1
593.927,6.2354,5.168,98.0,117.0,29.1
594.027,6.23242,5.17,98.0,117.0,29.09
594.127,6.23269,5.171,98.0,117.0,29.09
594.227,6.23301,5.173,98.0,117.0,29.09
594.327,6.23754,5.175,98.0,117.0,29.07
594.427,6.2385,5.177,98.0,117.0,29.07
594.527,6.23616,5.179,98.0,117.0,29.07
594.627,6.23719,5.18,98.0,117.0,29.02
594.727,6.23123,5.182,98.0,117.0,29.02
594.827,6.23515,5.184,99.0,117.0,29.02
594.927,6.23735,5.186,98.0,117.0,29.02
595.027,6.23427,5.188,98.0,117.0,29.02
595.127,6.23347,5.19,98.0,117.0,29.02
595.227,6.23562,5.191,98.0,117.0,29.06
595.327,6.23432,5.193,98.0,117.0,29.06
595.427,6.23763,5.195,98.0,117.0,29.06
595.527,6.23725,5.197,98.0,117.0,29.05
595.627,6.23707,5.199,98.0,117.0,29.05
595.727,6.23245,5.2,98.0,117.0,29.05
595.827,6.23266,5.202,98.0,117.0,29.0
595.927,6.23702,5.204,98.0,117.0,29.0
596.026,6.23809,5.206,98.0,117.0,29.0
596.127,6.2342,5.208,98.0,117.0,29.0
596.227,6.23702,5.209,98.0,117.0,29.0
596.327,6.22782,5.211,98.0,117.0,29.0
596.427,6.23195,5.213,98.0,117.0,29.04
596.527,6.23529,5.215,98.0,117.0,29.04
596.627,6.2329,5.217,98.0,117.0,29.04
596.727,6.23448,5.218,98.0,117.0,29.07
596.827,6.23439,5.22,98.0,117.0,29.07
596.927,6.23765,5.222,98.0,117.0,29.07
597.027,6.23516,5.224,98.0,117.0,29.1
597.127,6.23547,5.226,98.0,117.0,29.1
597.227,6.23808,5.227,98.0,117.0,29.1
597.327,6.23704,5.229,98.0,117.0,28.97
597.427,6.23666,5.231,98.0,117.0,28.97
597.527,6.24077,5.233,98.0,117.0,28.97
597.627,6.23828,5.235,98.0,117.0,29.01
597.727,6.23774,5.236,98.0,117.0,29.01
597.827,6.23366,5.238,98.0,117.0,29.01
597.927,6.23458,5.24,98.0,117.0,29.09
598.027,6.23206,5.242,98.0,117.0,29.09
598.127,6.23016,5.244,98.0,117.0,29.09
598.227,6.23255,5.245,98.0,117.0,29.11
598.327,6.23056,5.247,98.0,117.0,29.11
598.427,6.23394,5.249,98.0,117.0,29.11
598.527,6.23712,5.251,98.0,117.0,29.17
598.627,6.23476,5.253,98.0,117.0,29.17
598.727,6.22899,5.254,98.0,117.0,29.17
598.827,6.23067,5.256,98.0,117.0,29.14
598.927,6.2323,5.258,98.0,117.0,29.14
599.027,6.23389,5.26,98.0,117.0,29.14
599.127,6.23229,5.262,98.0,117.0,29.12
599.226,6.23023,5.263,98.0,117.0,29.12
599.327,6.23158,5.265,98.0,117.0,29.12
599.427,6.23847,5.267,98.0,117.0,29.14
599.527,6.22979,5.269,98.0,117.0,29.14
599.627,6.23095,5.271,98.0,117.0,29.14
599.727,6.23417,5.273,98.0,117.0,29.16
599.827,6.23592,5.274,98.0,117.0,29.16
599.927,6.23682,5.276,98.0,117.0,29.16
600.027,6.23315,5.278,98.0,117.0,29.17
600.127,6.22596,5.28,98.0,117.0,29.17
600.227,6.23227,5.282,98.0,117.0,29.17
600.327,6.23143,5.283,98.0,117.0,29.15
600.427,6.23803,5.285,98.0,117.0,29.15
600.527,6.23521,5.287,98.0,117.0,29.15
600.627,6.23199,5.289,98.0,117.0,29.16
600.727,6.23197,5.291,98.0,117.0,29.16
600.827,6.23028,5.292,98.0,117.0,29.16
600.927,6.23158,5.294,98.0,116.0,29.14
601.027,6.22966,5.296,98.0,117.0,29.14
601.127,6.23571,5.298,98.0,117.0,29.14
601.227,6.23935,5.3,98.0,117.0,29.19
601.328,6.23682,5.301,98.0,117.0,29.19
601.427,6.23631,5.303,98.0,117.0,29.19
601.527,6.23432,5.305,98.0,117.0,29.2
601.627,6.23855,5.307,98.0,117.0,29.2
601.727,6.232,5.309,98.0,117.0,29.2
601.827,6.23209,5.31,98.0,117.0,29.21
601.927,6.23632,5.312,98.0,117.0,29.21
602.027,6.23986,5.314,98.0,117.0,29.21
602.127,6.23125,5.316,98.0,117.0,29.14
602.227,6.23039,5.318,98.0,117.0,29.14
602.327,6.22835,5.319,98.0,117.0,29.14
602.426,6.22961,5.321,98.0,117.0,29.16
602.527,6.23232,5.323,98.0,117.0,29.16
602.627,6.22388,5.325,98.0,117.0,29.16
602.727,6.22637,5.327,98.0,117.0,29.17
602.827,6.23269,5.328,98.0,117.0,29.17
602.927,6.23188,5.33,98.0,117.0,29.17
603.027,6.23726,5.332,98.0,117.0,29.18
603.127,6.22544,5.334,98.0,117.0,29.18
603.227,6.22894,5.336,98.0,117.0,29.18
603.327,6.22915,5.337,98.0,117.0,29.23
603.427,6.23212,5.339,98.0,117.0,29.23
603.527,6.23064,5.341,98.0,117.0,29.23
603.627,6.23314,5.343,98.0,117.0,29.31
603.727,6.23868,5.345,98.0,117.0,29.31
603.827,6.23106,5.347,98.0,117.0,29.31
603.927,6.2324,5.348,98.0,117.0,29.34
604.027,6.23565,5.35,98.0,117.0,29.34
604.127,6.23498,5.352,98.0,117.0,29.34
604.227,6.23127,5.354,98.0,117.0,29.32
604.327,6.2363,5.356,98.0,117.0,29.32
604.427,6.23319,5.357,99.0,117.0,29.32
604.527,6.23536,5.359,98.0,117.0,29.35
604.627,6.23112,5.361,98.0,117.0,29.35
604.727,6.23166,5.363,98.0,117.0,29.35
604.827,6.23456,5.365,98.0,117.0,29.34
604.927,6.22826,5.366,98.0,117.0,29.34
605.027,6.22651,5.368,98.0,117.0,29.34
605.127,6.22517,5.37,98.0,117.0,29.25
605.228,6.23003,5.372,98.0,117.0,29.25
605.327,6.22498,5.374,98.0,117.0,29.25
605.427,6.22592,5.375,98.0,117.0,29.21
605.527,6.22849,5.377,98.0,117.0,29.21
605.626,6.22931,5.379,98.0,117.0,29.21
605.727,6.23249,5.381,98.0,117.0,29.22
605.827,6.23085,5.383,98.0,117.0,29.22
605.927,6.22307,5.384,98.0,117.0,29.22
606.027,6.21883,5.386,98.0,117.0,29.18
606.127,6.22477,5.388,98.0,117.0,29.18
606.227,6.22472,5.39,98.0,117.0,29.18
606.327,6.21808,5.392,98.0,117.0,29.19
606.427,6.21788,5.393,98.0,117.0,29.19
606.527,6.21694,5.395,98.0,117.0,29.19
606.627,6.22272,5.397,98.0,117.0,29.2
606.727,6.22671,5.399,98.0,117.0,29.2
606.827,6.22634,5.401,98.0,117.0,29.2
606.927,6.22748,5.403,98.0,117.0,29.21
607.027,6.22874,5.404,98.0,117.0,29.21
607.127,6.22829,5.406,98.0,117.0,29.21
607.227,6.22571,5.408,98.0,117.0,29.14
607.327,6.22142,5.41,98.0,117.0,29.14
607.427,6.22312,5.412,98.0,117.0,29.14
607.527,6.22937,5.413,98.0,117.0,29.19
607.627,6.23499,5.415,98.0,117.0,29.19
607.727,6.23378,5.417,98.0,117.0,29.19
607.827,6.22674,5.419,98.0,117.0,29.17
607.927,6.22344,5.421,98.0,117.0,29.17
608.027,6.21925,5.422,98.0,117.0,29.17
608.127,6.21318,5.424,98.0,117.0,29.18
608.227,6.21499,5.426,98.0,117.0,29.18
608.327,6.21462,5.428,98.0,117.0,29.18
608.427,6.21929,5.43,98.0,117.0,29.19
608.527,6.21746,5.431,98.0,117.0,29.19
608.627,6.22071,5.433,98.0,117.0,29.19
608.727,6.22813,5.435,98.0,117.0,29.24
608.826,6.22238,5.437,98.0,117.0,29.24
608.927,6.21951,5.439,98.0,117.0,29.24
609.027,6.22054,5.44,98.0,117.0,29.24
609.127,6.22403,5.442,98.0,117.0,29.24
609.227,6.22393,5.444,98.0,117.0,29.24
609.327,6.21799,5.446,98.0,117.0,29.24
609.427,6.21204,5.448,98.0,117.0,29.24
609.527,6.20591,5.449,98.0,117.0,29.24
609.627,6.21177,5.451,98.0,117.0,29.28
609.727,6.21131,5.453,98.0,117.0,29.28
609.827,6.21514,5.455,98.0,117.0,29.28
609.927,6.22001,5.457,98.0,117.0,29.35
610.027,6.2184,5.459,98.0,117.0,29.35
610.127,6.21849,5.46,98.0,117.0,29.35
610.227,6.21733,5.462,98.0,117.0,29.37
610.327,6.22181,5.464,98.0,117.0,29.37
610.427,6.2149,5.466,98.0,117.0,29.37
610.527,6.20622,5.468,98.0,117.0,29.39
610.627,6.20613,5.469,98.0,117.0,29.39
610.727,6.20632,5.471,98.0,117.0,29.39
610.827,6.22157,5.473,98.0,117.0,29.41
610.927,6.21899,5.475,98.0,117.0,29.41
611.027,6.21287,5.477,98.0,117.0,29.41
611.127,6.21101,5.478,98.0,117.0,29.38
611.227,6.20995,5.48,98.0,117.0,29.38
611.327,6.21332,5.482,98.0,117.0,29.38
611.427,6.21794,5.484,98.0,117.0,29.4
611.527,6.21867,5.486,98.0,117.0,29.4
611.627,6.21725,5.487,98.0,117.0,29.4
611.727,6.21174,5.489,98.0,117.0,29.38
611.827,6.21151,5.491,98.0,117.0,29.38
611.927,6.21114,5.493,98.0,117.0,29.38
612.026,6.21072,5.495,98.0,117.0,29.43
612.127,6.209,5.496,98.0,117.0,29.43
612.227,6.21527,5.498,98.0,117.0,29.43
612.327,6.2166,5.5,98.0,117.0,29.44
612.427,6.21487,5.502,98.0,117.0,29.44
612.527,6.2115,5.504,98.0,117.0,29.44
612.627,6.20723,5.505,98.0,117.0,29.53
612.727,6.20817,5.507,98.0,117.0,29.53
612.827,6.20938,5.509,98.0,117.0,29.53
612.927,6.20835,5.511,98.0,117.0,29.49
613.027,6.20732,5.513,99.0,117.0,29.49
613.127,6.19827,5.514,98.0,117.0,29.49
613.227,6.20237,5.516,98.0,117.0,29.45
613.327,6.20303,5.518,98.0,117.0,29.45
613.427,6.20426,5.52,98.0,117.0,29.45
613.527,6.20295,5.522,98.0,117.0,29.5
613.627,6.20398,5.524,98.0,117.0,29.5
613.727,6.2026,5.525,98.0,117.0,29.5
613.827,6.2034,5.527,98.0,117.0,29.42
613.927,6.20492,5.529,98.0,117.0,29.42
614.027,6.20872,5.531,98.0,117.0,29.42
614.127,6.20361,5.533,98.0,117.0,29.4
614.227,6.19862,5.534,98.0,117.0,29.4
614.327,6.20671,5.536,99.0,117.0,29.4
614.427,6.2032,5.538,98.0,117.0,29.34
614.527,6.19758,5.54,98.0,117.0,29.34
614.627,6.20391,5.542,98.0,117.0,29.34
614.727,6.20322,5.543,98.0,117.0,29.36
614.827,6.20039,5.545,98.0,117.0,29.36
614.927,6.19915,5.547,98.0,117.0,29.36
615.027,6.20054,5.549,98.0,117.0,29.34
615.127,6.19956,5.551,98.0,117.0,29.34
615.226,6.19638,5.552,98.0,117.0,29.34
615.327,6.19669,5.554,98.0,117.0,29.37
615.427,6.19475,5.556,98.0,117.0,29.37
615.527,6.19751,5.558,98.0,117.0,29.37
615.627,6.19758,5.56,98.0,117.0,29.39
615.727,6.19732,5.561,98.0,117.0,29.39
615.827,6.19646,5.563,98.0,117.0,29.39
615.927,6.19272,5.565,98.0,117.0,29.37
616.027,6.19141,5.567,98.0,117.0,29.37
616.127,6.18972,5.569,98.0,117.0,29.37
616.227,6.19222,5.57,98.0,117.0,29.31
616.327,6.18958,5.572,98.0,117.0,29.31
616.427,6.19253,5.574,98.0,117.0,29.31
616.527,6.1918,5.576,98.0,117.0,29.34
616.627,6.18788,5.578,98.0,117.0,29.34
616.727,6.1863,5.58,98.0,117.0,29.34
616.827,6.18308,5.581,98.0,117.0,29.36
616.927,6.18291,5.583,98.0,117.0,29.36
617.027,6.1836,5.585,98.0,117.0,29.36
617.127,6.18942,5.587,98.0,117.0,29.35
617.227,6.18815,5.589,98.0,117.0,29.35
617.327,6.18426,5.59,98.0,117.0,29.35
617.427,6.1804,5.592,98.0,117.0,29.29
617.527,6.18604,5.594,98.0,117.0,29.29
617.627,6.18602,5.596,98.0,117.0,29.29
617.727,6.17851,5.598,98.0,117.0,29.36
617.827,6.18181,5.599,98.0,117.0,29.36
617.927,6.18381,5.601,98.0,117.0,29.36
618.027,6.17821,5.603,98.0,117.0,29.35
618.127,6.17963,5.605,98.0,117.0,29.35
618.227,6.18337,5.607,98.0,117.0,29.35
618.327,6.18701,5.608,98.0,117.0,29.33
618.426,6.1872,5.61,98.0,117.0,29.33
618.527,6.18436,5.612,98.0,117.0,29.33
618.627,6.17914,5.614,98.0,117.0,29.39
618.727,6.17172,5.616,98.0,117.0,29.39
618.827,6.17362,5.617,98.0,117.0,29.39
618.927,6.18075,5.619,98.0,117.0,29.45
619.027,6.18272,5.621,98.0,117.0,29.45
619.127,6.17513,5.623,98.0,117.0,29.45
619.227,6.17994,5.625,98.0,117.0,29.49
619.327,6.17666,5.626,98.0,117.0,29.49
619.427,6.17247,5.628,98.0,117.0,29.49
619.527,6.18029,5.63,98.0,117.0,29.49
619.628,6.17254,5.632,98.0,117.0,29.49
619.727,6.17135,5.634,98.0,117.0,29.49
619.827,6.17091,5.635,98.0,117.0,29.5
619.927,6.16765,5.637,98.0,117.0,29.5
620.027,6.16138,5.639,98.0,117.0,29.5
620.127,6.15927,5.641,98.0,117.0,29.5
620.228,6.16266,5.643,98.0,117.0,29.5
620.327,6.16149,5.644,98.0,117.0,29.5
620.427,6.16016,5.646,98.0,117.0,29.5
620.527,6.16458,5.648,98.0,117.0,29.5
620.627,6.16779,5.65,98.0,117.0,29.5
620.727,6.16502,5.652,98.0,117.0,29.53
620.827,6.16414,5.654,98.0,117.0,29.53
620.927,6.15918,5.655,98.0,117.0,29.53
621.027,6.15853,5.657,98.0,117.0,29.53
621.127,6.16266,5.659,98.0,117.0,29.53
621.227,6.1596,5.661,98.0,117.0,29.53
621.327,6.15421,5.663,98.0,117.0,29.56
621.427,6.15524,5.664,98.0,117.0,29.56
621.527,6.15055,5.666,98.0,117.0,29.56
621.626,6.15359,5.668,98.0,117.0,29.59
621.727,6.15368,5.67,98.0,117.0,29.59
621.827,6.15437,5.672,98.0,117.0,29.59
621.927,6.15451,5.673,98.0,117.0,29.58
622.027,6.1527,5.675,98.0,117.0,29.58
622.127,6.15228,5.677,98.0,117.0,29.58
622.227,6.14946,5.679,98.0,117.0,29.57
622.327,6.14567,5.681,98.0,117.0,29.57
622.427,6.14406,5.682,98.0,117.0,29.57
622.527,6.13818,5.684,98.0,117.0,29.52
622.627,5.30141,5.686,98.0,117.0,29.52
622.727,1.69963,5.688,98.0,117.0,29.52
