t,F,D,P1,P2,T
219.965,0.43347,-0.016,100.0,0.0,19.33
220.112,0.43347,-0.016,100.0,0.0,19.35
220.261,0.43347,-0.012,100.0,0.0,19.35
220.409,0.43347,-0.012,100.0,0.0,19.3
220.557,0.43347,-0.009,100.0,0.0,19.3
220.705,0.43347,-0.003,100.0,0.0,19.29
220.853,0.43347,0.0,100.0,0.0,19.29
221.0,0.43347,0.0,100.0,0.0,19.25
221.146,0.43347,0.003,100.0,0.0,19.25
221.293,0.43347,0.009,100.0,0.0,19.29
221.44,0.43347,0.009,100.0,0.0,19.29
221.587,0.43347,0.012,100.0,0.0,19.28
221.734,0.43347,0.016,100.0,0.0,19.28
221.881,0.43347,0.019,100.0,0.0,19.28
222.028,0.4288,0.019,100.0,0.0,19.28
222.175,0.4288,0.025,100.0,0.0,19.31
222.322,0.4288,0.028,100.0,0.0,19.31
222.469,0.4288,0.028,100.0,0.0,19.3
222.616,0.4288,0.031,100.0,0.0,19.3
222.762,0.4288,0.038,100.0,0.0,19.3
222.91,0.42807,0.041,100.0,0.0,19.29
223.057,0.42807,0.041,100.0,0.0,19.29
223.204,0.42807,0.044,100.0,0.0,19.29
223.35,0.42807,0.047,100.0,0.0,19.29
223.498,0.42807,0.047,100.0,0.0,19.24
223.644,0.42807,0.053,100.0,0.0,19.24
223.791,0.42807,0.056,100.0,0.0,19.24
223.938,0.42807,0.059,100.0,0.0,19.24
224.085,0.42807,0.059,100.0,0.0,19.21
224.232,0.42807,0.066,100.0,0.0,19.21
224.379,0.42807,0.069,100.0,0.0,19.18
224.526,0.42807,0.072,100.0,0.0,19.18
224.68,0.42807,0.072,100.0,0.0,19.15
224.827,0.42807,0.075,100.0,0.0,19.15
224.973,0.42807,0.081,100.0,0.0,19.2
225.121,0.42807,0.081,100.0,0.0,19.2
225.267,0.42807,0.084,100.0,0.0,19.17
225.415,0.42836,0.088,100.0,0.0,19.17
225.561,0.42836,0.094,100.0,0.0,19.18
225.708,0.42836,0.094,100.0,0.0,19.18
225.855,0.42836,0.097,100.0,0.0,19.19
226.002,0.42836,0.1,100.0,0.0,19.19
226.149,0.42836,0.1,100.0,0.0,19.2
226.295,0.42802,0.103,100.0,0.0,19.2
226.443,0.42802,0.109,100.0,0.0,19.17
226.59,0.42802,0.112,100.0,0.0,19.17
226.738,0.42802,0.112,100.0,0.0,19.22
226.884,0.42802,0.116,100.0,0.0,19.22
227.03,0.42802,0.122,100.0,0.0,19.23
227.178,0.42802,0.122,100.0,0.0,19.23
227.324,0.42802,0.125,100.0,0.0,19.23
227.472,0.42834,0.128,100.0,0.0,19.23
227.618,0.42834,0.131,100.0,0.0,19.23
227.766,0.42834,0.131,100.0,0.0,19.23
227.912,0.42834,0.137,100.0,0.0,19.23
228.06,0.42834,0.141,100.0,0.0,19.23
228.206,0.42834,0.141,100.0,0.0,19.27
228.352,0.42834,0.144,100.0,0.0,19.27
228.5,0.42834,0.15,100.0,0.0,19.2
228.647,0.42834,0.153,100.0,0.0,19.2
228.794,0.42834,0.153,100.0,0.0,19.2
228.94,0.42834,0.156,100.0,0.0,19.24
229.088,0.42834,0.159,100.0,0.0,19.24
229.235,0.4288,0.166,100.0,0.0,19.28
229.392,0.4288,0.166,100.0,0.0,19.28
229.538,0.4288,0.169,100.0,0.0,19.24
229.686,0.4288,0.172,100.0,0.0,19.24
229.832,0.4288,0.172,100.0,0.0,19.24
229.978,0.4288,0.178,100.0,0.0,19.24
230.126,0.42685,0.181,100.0,0.0,19.2
230.273,0.42685,0.184,100.0,0.0,19.2
230.42,0.42685,0.184,100.0,0.0,19.17
230.567,0.42685,0.187,100.0,0.0,19.17
230.714,0.42685,0.194,100.0,0.0,19.18
230.861,0.42685,0.194,100.0,0.0,19.18
231.008,0.42945,0.197,100.0,0.0,19.19
231.155,0.42945,0.2,100.0,0.0,19.19
231.301,0.42945,0.206,100.0,0.0,19.2
231.449,0.42945,0.206,100.0,0.0,19.2
231.595,0.42945,0.209,100.0,0.0,19.25
231.743,0.42945,0.213,100.0,0.0,19.25
231.889,0.42945,0.213,100.0,0.0,19.25
232.036,0.42945,0.216,100.0,0.0,19.25
232.183,0.42945,0.222,100.0,0.0,19.25
232.33,0.42945,0.225,100.0,0.0,19.25
232.477,0.42945,0.225,100.0,0.0,19.29
232.623,0.43036,0.228,100.0,0.0,19.29
232.771,0.43036,0.234,100.0,0.0,19.28
232.918,0.43036,0.234,100.0,0.0,19.28
233.065,0.43036,0.237,100.0,0.0,19.28
233.211,0.43036,0.241,100.0,0.0,19.28
233.359,0.43036,0.244,100.0,0.0,19.31
233.506,0.43036,0.244,100.0,0.0,19.31
233.653,0.43036,0.25,100.0,0.0,19.3
233.8,0.43036,0.253,100.0,0.0,19.3
233.946,0.42621,0.256,100.0,0.0,19.33
234.103,0.42621,0.256,100.0,0.0,19.33
234.25,0.42621,0.262,100.0,0.0,19.32
234.396,0.42621,0.266,100.0,0.0,19.32
234.543,0.42621,0.266,100.0,0.0,19.35
234.69,0.42621,0.269,100.0,0.0,19.35
234.837,0.42813,0.272,100.0,0.0,19.33
234.985,0.42813,0.278,100.0,0.0,19.33
235.131,0.42813,0.278,100.0,0.0,19.32
235.278,0.42813,0.281,100.0,0.0,19.32
235.425,0.42813,0.284,100.0,0.0,19.32
235.573,0.42813,0.284,100.0,0.0,19.31
235.719,0.42813,0.291,100.0,0.0,19.31
235.865,0.42813,0.294,100.0,0.0,19.3
236.013,0.42813,0.297,100.0,0.0,19.3
236.159,0.42813,0.297,100.0,0.0,19.29
236.307,0.42813,0.3,100.0,0.0,19.29
236.453,0.42773,0.306,100.0,0.0,19.32
236.601,0.42773,0.306,100.0,0.0,19.32
236.747,0.42773,0.309,100.0,0.0,19.24
236.895,0.42773,0.312,100.0,0.0,19.24
237.041,0.42773,0.319,100.0,0.0,19.31
237.188,0.42773,0.319,100.0,0.0,19.31
237.335,0.43412,0.322,100.0,0.0,19.34
237.482,0.43412,0.325,100.0,0.0,19.34
237.63,0.43412,0.325,100.0,0.0,19.29
237.776,0.43021,0.328,100.0,0.0,19.29
237.924,0.43021,0.334,100.0,0.0,19.32
238.07,0.43021,0.338,100.0,0.0,19.32
238.218,0.43021,0.338,100.0,0.0,19.31
238.364,0.43021,0.341,100.0,0.0,19.31
238.511,0.43021,0.347,100.0,0.0,19.34
238.658,0.42916,0.35,100.0,0.0,19.34
238.814,0.42916,0.35,100.0,0.0,19.33
238.961,0.42916,0.353,100.0,0.0,19.33
239.107,0.42916,0.356,100.0,0.0,19.31
239.255,0.42916,0.356,100.0,0.0,19.31
239.401,0.42916,0.363,100.0,0.0,19.38
239.549,0.42916,0.366,100.0,0.0,19.38
239.695,0.42916,0.369,100.0,0.0,19.4
239.843,0.42916,0.369,100.0,0.0,19.4
239.989,0.42916,0.375,100.0,0.0,19.34
240.136,0.42916,0.378,100.0,0.0,19.34
240.283,0.42823,0.378,100.0,0.0,19.33
240.429,0.42823,0.381,100.0,0.0,19.33
240.577,0.42823,0.384,100.0,0.0,19.35
240.724,0.42823,0.391,100.0,0.0,19.35
240.871,0.42823,0.391,100.0,0.0,19.34
241.017,0.42823,0.394,100.0,0.0,19.34
241.165,0.4299,0.397,100.0,0.0,19.4
241.312,0.4299,0.397,100.0,0.0,19.4
241.459,0.4299,0.403,100.0,0.0,19.41
241.606,0.43218,0.406,100.0,0.0,19.41
241.752,0.43218,0.409,100.0,0.0,19.41
241.9,0.43218,0.409,100.0,0.0,19.31
242.046,0.43218,0.413,100.0,0.0,19.31
242.194,0.43218,0.419,100.0,0.0,19.23
242.34,0.43218,0.419,100.0,0.0,19.23
242.487,0.43178,0.422,100.0,0.0,19.19
242.634,0.43178,0.425,100.0,0.0,19.19
242.782,0.43178,0.431,100.0,0.0,19.2
242.929,0.43178,0.431,100.0,0.0,19.2
243.075,0.43178,0.434,100.0,0.0,19.25
243.222,0.43178,0.438,100.0,0.0,19.25
243.369,0.43178,0.441,100.0,0.0,19.29
243.526,0.43178,0.441,100.0,0.0,19.29
243.672,0.43178,0.447,100.0,0.0,19.32
243.82,0.43178,0.45,100.0,0.0,19.32
243.966,0.43178,0.45,100.0,0.0,19.35
244.113,0.43178,0.453,100.0,0.0,19.35
244.26,0.43178,0.459,100.0,0.0,19.37
244.407,0.43178,0.463,100.0,0.0,19.37
244.554,0.42787,0.463,100.0,0.0,19.31
244.701,0.42787,0.466,100.0,0.0,19.31
244.848,0.42787,0.469,100.0,0.0,19.3
244.995,0.42787,0.469,100.0,0.0,19.3
245.142,0.42787,0.475,101.0,0.0,19.3
245.288,0.42787,0.478,100.0,0.0,19.3
245.436,0.42912,0.481,100.0,0.0,19.25
245.583,0.42912,0.481,100.0,0.0,19.25
245.73,0.42912,0.488,100.0,0.0,19.25
245.877,0.43086,0.491,100.0,0.0,19.25
246.024,0.43086,0.491,100.0,0.0,19.25
246.171,0.43086,0.494,100.0,0.0,19.25
246.317,0.43086,0.497,100.0,0.0,19.25
246.465,0.43086,0.503,100.0,0.0,19.25
246.611,0.43086,0.503,100.0,0.0,19.21
246.758,0.43258,0.506,100.0,0.0,19.21
246.905,0.43258,0.509,100.0,0.0,19.18
247.053,0.43258,0.509,100.0,0.0,19.18
247.199,0.43258,0.516,100.0,0.0,19.19
247.347,0.43258,0.519,100.0,0.0,19.19
247.493,0.43258,0.522,100.0,0.0,19.2
247.64,0.43258,0.522,100.0,0.0,19.2
247.787,0.43258,0.525,100.0,0.0,19.17
247.934,0.43258,0.531,100.0,0.0,19.17
248.081,0.43258,0.534,100.0,0.0,19.17
248.237,0.43258,0.534,100.0,0.0,19.22
248.384,0.43035,0.538,100.0,0.0,19.22
248.531,0.43035,0.544,100.0,0.0,19.22
248.678,0.43035,0.544,100.0,0.0,19.22
248.824,0.43035,0.547,100.0,0.0,19.27
248.972,0.43035,0.55,100.0,0.0,19.27
249.119,0.43035,0.553,100.0,0.0,19.23
249.266,0.42702,0.553,100.0,0.0,19.23
249.413,0.42702,0.559,100.0,0.0,19.27
249.559,0.42702,0.563,100.0,0.0,19.27
249.707,0.42872,0.563,100.0,0.0,19.26
249.853,0.42872,0.566,100.0,0.0,19.26
250.001,0.42872,0.572,100.0,0.0,19.3
250.147,0.42872,0.575,100.0,0.0,19.3
250.295,0.42872,0.575,100.0,0.0,19.25
250.441,0.42872,0.578,100.0,0.0,19.25
250.589,0.43284,0.581,100.0,0.0,19.25
250.736,0.43284,0.581,100.0,0.0,19.25
250.882,0.43284,0.588,100.0,0.0,19.29
251.029,0.43284,0.591,100.0,0.0,19.29
251.176,0.43284,0.594,100.0,0.0,19.28
251.324,0.43284,0.594,100.0,0.0,19.28
251.47,0.43284,0.6,100.0,0.0,19.24
251.617,0.43284,0.603,100.0,0.0,19.24
251.764,0.43284,0.603,100.0,0.0,19.21
251.911,0.42811,0.606,100.0,0.0,19.21
252.058,0.42811,0.609,100.0,0.0,19.25
252.204,0.42811,0.616,100.0,0.0,19.25
252.352,0.43028,0.616,100.0,0.0,19.21
252.498,0.43028,0.619,100.0,0.0,19.21
252.646,0.43163,0.622,100.0,0.0,19.18
252.793,0.43163,0.628,100.0,0.0,19.18
252.948,0.43163,0.628,100.0,0.0,19.19
253.095,0.43163,0.631,100.0,0.0,19.19
253.242,0.43163,0.634,100.0,0.0,19.2
253.389,0.43163,0.634,100.0,0.0,19.2
253.536,0.42714,0.638,100.0,0.0,19.21
253.683,0.42714,0.644,100.0,0.0,19.21
253.829,0.42714,0.647,100.0,0.0,19.18
253.977,0.42753,0.647,100.0,0.0,19.18
254.123,0.42753,0.65,100.0,0.0,19.15
254.271,0.42753,0.656,100.0,0.0,19.15
254.418,0.42753,0.656,100.0,0.0,19.2
254.565,0.42753,0.659,100.0,0.0,19.2
254.711,0.42753,0.663,100.0,0.0,19.2
254.859,0.42299,0.666,100.0,0.0,19.21
255.006,0.42299,0.666,100.0,0.0,19.21
255.153,0.42299,0.672,100.0,0.0,19.22
255.3,0.42299,0.675,100.0,0.0,19.22
255.446,0.42299,0.675,100.0,0.0,19.22
255.593,0.42299,0.678,100.0,0.0,19.22
255.74,0.42299,0.684,100.0,0.0,19.23
255.887,0.42299,0.688,100.0,0.0,19.23
256.034,0.42299,0.688,100.0,0.0,19.19
256.181,0.42263,0.691,100.0,0.0,19.19
256.328,0.42263,0.694,100.0,0.0,19.2
256.476,0.42716,0.7,100.0,0.0,19.2
256.636,0.42716,0.7,100.0,0.0,19.21
256.783,0.42716,0.703,100.0,0.0,19.21
256.929,0.42716,0.706,100.0,0.0,19.14
257.077,0.42716,0.706,100.0,0.0,19.14
257.223,0.42716,0.713,100.0,0.0,19.16
257.37,0.42531,0.716,100.0,0.0,19.16
257.518,0.42531,0.719,100.0,0.0,19.24
257.664,0.42531,0.719,100.0,0.0,19.24
257.811,0.42531,0.722,100.0,0.0,19.17
257.958,0.42531,0.728,100.0,0.0,19.17
258.105,0.42531,0.728,100.0,0.0,19.22
258.252,0.42642,0.731,100.0,0.0,19.22
258.399,0.42642,0.734,100.0,0.0,19.26
258.546,0.42642,0.741,100.0,0.0,19.26
258.693,0.42254,0.741,100.0,0.0,19.22
258.84,0.42254,0.744,100.0,0.0,19.22
258.987,0.42254,0.747,100.0,0.0,19.19
259.134,0.42254,0.747,100.0,0.0,19.19
259.28,0.42254,0.75,100.0,0.0,19.16
259.428,0.42254,0.756,100.0,0.0,19.16
259.575,0.42035,0.759,100.0,0.0,19.17
259.722,0.42035,0.759,100.0,0.0,19.17
259.869,0.42035,0.763,100.0,0.0,19.19
260.015,0.42035,0.769,100.0,0.0,19.19
260.163,0.42035,0.769,100.0,0.0,19.16
260.309,0.42035,0.772,100.0,0.0,19.16
260.456,0.42035,0.775,100.0,0.0,19.17
260.603,0.42035,0.778,100.0,0.0,19.17
260.751,0.41918,0.778,100.0,0.0,19.22
260.897,0.41918,0.784,100.0,0.0,19.22
261.045,0.41918,0.788,100.0,0.0,19.26
261.191,0.41918,0.791,100.0,0.0,19.26
261.348,0.41918,0.791,100.0,0.0,19.3
261.494,0.41918,0.797,100.0,0.0,19.3
261.641,0.42456,0.8,100.0,0.0,19.3
261.788,0.42456,0.8,100.0,0.0,19.29
261.934,0.42456,0.803,100.0,0.0,19.29
262.082,0.42456,0.806,100.0,0.0,19.17
262.228,0.42456,0.813,100.0,0.0,19.17
262.376,0.42456,0.813,100.0,0.0,19.15
262.522,0.42104,0.816,100.0,0.0,19.15
262.67,0.42104,0.819,99.0,0.0,19.16
262.815,0.42104,0.819,100.0,0.0,19.16
262.962,0.42451,0.825,100.0,0.0,19.21
263.109,0.42451,0.828,100.0,0.0,19.21
263.255,0.42451,0.831,100.0,0.0,19.26
263.403,0.42451,0.831,100.0,0.0,19.26
263.549,0.42451,0.834,100.0,0.0,19.22
263.697,0.42451,0.841,100.0,0.0,19.22
263.843,0.4223,0.841,100.0,0.0,19.22
263.991,0.4223,0.844,100.0,0.0,19.22
264.137,0.4223,0.847,100.0,0.0,19.26
264.285,0.4223,0.853,100.0,0.0,19.26
264.431,0.4223,0.853,100.0,0.0,19.26
264.577,0.4223,0.856,100.0,0.0,19.26
264.725,0.4223,0.859,100.0,0.0,19.34
264.872,0.4223,0.859,100.0,0.0,19.34
265.019,0.42128,0.863,100.0,0.0,19.32
265.166,0.42128,0.869,100.0,0.0,19.32
265.313,0.42128,0.872,100.0,0.0,19.27
265.46,0.42128,0.872,100.0,0.0,19.27
265.607,0.42128,0.875,100.0,0.0,19.27
265.754,0.42128,0.881,100.0,0.0,19.27
265.9,0.41752,0.881,100.0,0.0,19.19
266.048,0.41752,0.884,100.0,0.0,19.19
266.194,0.41752,0.888,100.0,0.0,19.2
266.342,0.41752,0.891,100.0,0.0,19.2
266.488,0.41752,0.891,100.0,0.0,19.17
266.635,0.41752,0.897,100.0,0.0,19.17
266.782,0.42086,0.9,100.0,0.0,19.15
266.93,0.42086,0.903,100.0,0.0,19.15
267.083,0.42086,0.903,100.0,0.0,19.16
267.23,0.42174,0.909,100.0,0.0,19.16
267.377,0.42174,0.913,100.0,0.0,19.21
267.523,0.42174,0.913,100.0,0.0,19.21
267.671,0.42174,0.916,100.0,0.0,19.21
267.817,0.42174,0.919,100.0,0.0,19.26
267.965,0.42174,0.925,100.0,0.0,19.26
268.111,0.42619,0.925,100.0,0.0,19.29
268.259,0.42619,0.928,100.0,0.0,19.29
268.405,0.42619,0.931,100.0,0.0,19.25
268.553,0.42619,0.931,100.0,0.0,19.25
268.699,0.42619,0.938,100.0,0.0,19.29
268.846,0.42619,0.941,100.0,0.0,19.29
268.993,0.42619,0.944,100.0,0.0,19.28
269.14,0.42619,0.944,100.0,0.0,19.28
269.287,0.41829,0.947,100.0,0.0,19.2
269.434,0.41829,0.953,100.0,0.0,19.2
269.581,0.41829,0.953,100.0,0.0,19.25
269.728,0.41829,0.956,100.0,0.0,19.25
269.875,0.41829,0.959,100.0,0.0,19.21
270.022,0.41829,0.966,100.0,0.0,19.21
270.168,0.42339,0.966,100.0,0.0,19.14
270.316,0.42339,0.969,100.0,0.0,19.14
270.462,0.42339,0.972,100.0,0.0,19.16
270.61,0.42339,0.972,100.0,0.0,19.16
270.756,0.42339,0.975,100.0,0.0,19.17
270.904,0.42339,0.981,100.0,0.0,19.17
271.05,0.41879,0.984,100.0,0.0,19.18
271.198,0.41879,0.984,100.0,0.0,19.18
271.344,0.41879,0.988,100.0,0.0,19.23
271.491,0.41586,0.994,100.0,0.0,19.23
271.639,0.41586,0.997,100.0,0.0,19.27
271.795,0.41586,0.997,100.0,0.0,19.27
271.941,0.41586,1.0,100.0,0.0,19.23
272.088,0.41586,1.003,100.0,0.0,19.23
272.235,0.41586,1.003,100.0,0.0,19.27
272.381,0.41866,1.009,100.0,0.0,19.27
272.529,0.41866,1.013,100.0,0.0,19.23
272.676,0.41866,1.016,100.0,0.0,19.23
272.823,0.41866,1.016,100.0,0.0,19.2
272.969,0.41866,1.022,100.0,0.0,19.2
273.117,0.41866,1.025,100.0,0.0,19.2
273.264,0.41866,1.025,100.0,0.0,19.2
273.41,0.41866,1.028,100.0,0.0,19.17
273.557,0.42082,1.031,100.0,0.0,19.17
273.704,0.42082,1.037,100.0,0.0,19.22
273.852,0.42082,1.037,100.0,0.0,19.22
273.998,0.42082,1.041,100.0,0.0,19.22
274.146,0.42082,1.044,100.0,0.0,19.26
274.292,0.42082,1.044,100.0,0.0,19.26
274.439,0.41571,1.05,100.0,0.0,19.26
274.586,0.41571,1.053,100.0,0.0,19.26
274.733,0.41571,1.056,100.0,0.0,19.22
274.88,0.41571,1.056,100.0,0.0,19.22
275.026,0.41571,1.059,100.0,0.0,19.26
275.174,0.41571,1.066,100.0,0.0,19.26
275.321,0.42151,1.066,100.0,0.0,19.26
275.468,0.42151,1.069,100.0,0.0,19.26
275.615,0.42151,1.072,100.0,0.0,19.26
275.762,0.41571,1.078,100.0,0.0,19.26
275.909,0.41571,1.078,100.0,0.0,19.26
276.055,0.41571,1.081,100.0,0.0,19.26
276.203,0.41571,1.084,100.0,0.0,19.29
276.349,0.41571,1.087,100.0,0.0,19.29
276.506,0.41571,1.087,100.0,0.0,19.36
276.652,0.41786,1.094,100.0,0.0,19.36
276.8,0.41786,1.097,100.0,0.0,19.31
276.947,0.41786,1.097,100.0,0.0,19.31
277.094,0.41786,1.1,100.0,0.0,19.22
277.241,0.41786,1.106,100.0,0.0,19.22
277.388,0.41786,1.109,100.0,0.0,19.19
277.535,0.41786,1.109,100.0,0.0,19.19
277.682,0.41786,1.112,100.0,0.0,19.2
277.829,0.41786,1.116,100.0,0.0,19.2
277.975,0.41786,1.116,100.0,0.0,19.28
278.123,0.41786,1.122,100.0,0.0,19.28
278.269,0.41786,1.125,100.0,0.0,19.24
278.417,0.41786,1.128,100.0,0.0,19.24
278.563,0.41786,1.128,100.0,0.0,19.17
278.711,0.42195,1.134,100.0,0.0,19.17
278.857,0.42195,1.138,100.0,0.0,19.18
279.005,0.42195,1.138,100.0,0.0,19.18
279.151,0.42195,1.141,100.0,0.0,19.15
279.298,0.42195,1.144,100.0,0.0,19.15
279.445,0.42195,1.15,100.0,0.0,19.09
279.592,0.41713,1.15,100.0,0.0,19.09
279.739,0.41713,1.153,100.0,0.0,19.15
279.886,0.41713,1.156,100.0,0.0,19.15
280.034,0.41452,1.156,100.0,0.0,19.21
280.18,0.41452,1.162,100.0,0.0,19.21
280.328,0.41452,1.166,100.0,0.0,19.21
280.474,0.41452,1.169,100.0,0.0,19.21
280.621,0.41452,1.169,100.0,0.0,19.21
280.768,0.41452,1.172,100.0,0.0,19.11
280.914,0.41328,1.178,100.0,0.0,19.11
281.062,0.41328,1.181,100.0,0.0,19.13
281.217,0.41328,1.181,100.0,0.0,19.13
281.365,0.41328,1.184,100.0,0.0,19.18
281.511,0.41328,1.191,100.0,0.0,19.18
281.659,0.41328,1.191,100.0,0.0,19.23
281.805,0.41328,1.194,100.0,0.0,19.23
281.952,0.41328,1.197,100.0,0.0,19.2
282.099,0.41328,1.2,100.0,0.0,19.2
282.247,0.41328,1.2,100.0,0.0,19.17
282.393,0.41328,1.206,100.0,0.0,19.17
282.539,0.41328,1.209,100.0,0.0,19.18
282.687,0.41328,1.209,100.0,0.0,19.18
282.833,0.41328,1.212,100.0,0.0,19.19
282.981,0.41626,1.219,100.0,0.0,19.19
283.127,0.41626,1.222,100.0,0.0,19.2
283.275,0.41626,1.222,100.0,0.0,19.2
283.421,0.41626,1.225,100.0,0.0,19.17
283.569,0.41626,1.228,100.0,0.0,19.17
283.715,0.41626,1.228,100.0,0.0,19.11
283.862,0.41785,1.234,100.0,0.0,19.11
284.009,0.41785,1.237,100.0,0.0,19.09
284.156,0.41785,1.241,100.0,0.0,19.09
284.304,0.41962,1.241,100.0,0.0,19.15
284.45,0.41962,1.247,100.0,0.0,19.15
284.598,0.41962,1.25,100.0,0.0,19.17
284.744,0.41962,1.25,100.0,0.0,19.17
284.89,0.41962,1.253,100.0,0.0,19.14
285.038,0.41962,1.256,100.0,0.0,19.14
285.184,0.41824,1.263,100.0,0.0,19.16
285.332,0.41824,1.263,100.0,0.0,19.16
285.479,0.41824,1.266,100.0,0.0,19.17
285.626,0.41824,1.269,100.0,0.0,19.17
285.773,0.41824,1.275,100.0,0.0,19.15
285.929,0.41824,1.275,100.0,0.0,19.15
286.076,0.41824,1.278,100.0,0.0,19.16
286.223,0.41824,1.281,100.0,0.0,19.16
286.37,0.41824,1.281,100.0,0.0,19.21
286.517,0.41824,1.284,100.0,0.0,19.21
286.663,0.41824,1.291,100.0,0.0,19.22
286.81,0.41613,1.294,100.0,0.0,19.22
286.958,0.41613,1.294,100.0,0.0,19.22
287.104,0.41613,1.297,100.0,0.0,19.22
287.252,0.41613,1.303,100.0,0.0,19.22
287.398,0.41613,1.303,100.0,0.0,19.23
287.545,0.41613,1.306,100.0,0.0,19.23
287.692,0.41525,1.309,100.0,0.0,19.23
287.84,0.41525,1.312,100.0,0.0,19.23
287.986,0.41525,1.312,100.0,0.0,19.27
288.132,0.41645,1.319,100.0,0.0,19.27
288.28,0.41645,1.322,100.0,0.0,19.23
288.427,0.41645,1.322,100.0,0.0,19.23
288.574,0.41645,1.325,100.0,0.0,19.23
288.721,0.41645,1.331,100.0,0.0,19.23
288.868,0.41645,1.334,100.0,0.0,19.24
289.015,0.41999,1.334,100.0,0.0,19.24
289.162,0.41999,1.337,100.0,0.0,19.24
289.309,0.41999,1.341,100.0,0.0,19.24
289.455,0.41999,1.341,100.0,0.0,19.24
289.603,0.41999,1.347,100.0,0.0,19.24
289.749,0.41729,1.35,100.0,0.0,19.2
289.905,0.41729,1.353,100.0,0.0,19.2
290.051,0.41729,1.353,100.0,0.0,19.21
290.199,0.41729,1.359,100.0,0.0,19.21
290.345,0.41729,1.362,100.0,0.0,19.22
290.493,0.41729,1.366,100.0,0.0,19.22
290.64,0.41729,1.366,100.0,0.0,19.22
290.787,0.41729,1.369,100.0,0.0,19.22
290.934,0.41729,1.375,100.0,0.0,19.19
291.082,0.41636,1.375,100.0,0.0,19.19
291.228,0.41636,1.378,100.0,0.0,19.27
291.375,0.41636,1.381,100.0,0.0,19.27
291.522,0.41636,1.388,100.0,0.0,19.23
291.669,0.41636,1.388,100.0,0.0,19.23
291.816,0.41636,1.391,100.0,0.0,19.27
291.962,0.41544,1.394,100.0,0.0,19.27
292.11,0.41544,1.394,100.0,0.0,19.27
292.257,0.41544,1.397,100.0,0.0,19.27
292.404,0.41959,1.403,100.0,0.0,19.27
292.551,0.41959,1.406,100.0,0.0,19.27
292.698,0.41959,1.406,100.0,0.0,19.23
292.845,0.41959,1.409,100.0,0.0,19.23
292.991,0.41959,1.416,100.0,0.0,19.23
293.139,0.41959,1.416,100.0,0.0,19.23
293.285,0.42028,1.419,100.0,0.0,19.23
293.433,0.42028,1.422,100.0,0.0,19.27
293.58,0.42028,1.425,100.0,0.0,19.27
293.727,0.42028,1.425,100.0,0.0,19.19
293.873,0.42028,1.431,100.0,0.0,19.19
294.02,0.42182,1.434,100.0,0.0,19.28
294.171,0.42182,1.437,100.0,0.0,19.28
294.328,0.42182,1.437,100.0,0.0,19.27
294.475,0.42182,1.444,100.0,0.0,19.27
294.622,0.42182,1.447,100.0,0.0,19.27
294.769,0.42182,1.447,100.0,0.0,19.27
294.915,0.42182,1.45,100.0,0.0,19.34
295.062,0.42182,1.453,100.0,0.0,19.34
295.209,0.42182,1.459,100.0,0.0,19.36
295.357,0.41413,1.459,100.0,0.0,19.36
295.503,0.41413,1.462,100.0,0.0,19.39
295.651,0.41413,1.466,100.0,0.0,19.39
295.797,0.41413,1.466,100.0,0.0,19.4
295.944,0.41413,1.472,100.0,0.0,19.4
296.091,0.41413,1.475,100.0,0.0,19.42
296.238,0.41167,1.478,100.0,0.0,19.42
296.385,0.41167,1.478,100.0,0.0,19.32
296.532,0.41167,1.481,100.0,0.0,19.32
296.679,0.41695,1.487,100.0,0.0,19.31
296.826,0.41695,1.487,100.0,0.0,19.31
296.973,0.41695,1.491,100.0,0.0,19.34
297.12,0.41695,1.494,100.0,0.0,19.34
297.267,0.41695,1.5,100.0,0.0,19.4
297.414,0.41695,1.5,100.0,0.0,19.4
297.56,0.41834,1.503,100.0,0.0,19.34
297.708,0.41834,1.506,100.0,0.0,19.34
297.855,0.41834,1.506,100.0,0.0,19.33
298.002,0.41834,1.509,100.0,0.0,19.33
298.148,0.41834,1.516,100.0,0.0,19.35
298.296,0.41967,1.519,100.0,0.0,19.35
298.443,0.41967,1.519,100.0,0.0,19.34
298.59,0.41967,1.522,100.0,0.0,19.34
298.736,0.41967,1.528,100.0,0.0,19.32
298.883,0.41967,1.531,100.0,0.0,19.32
299.039,0.41967,1.531,100.0,0.0,19.35
299.186,0.41967,1.534,100.0,0.0,19.35
299.333,0.41967,1.538,100.0,0.0,19.33
299.48,0.41967,1.538,100.0,0.0,19.33
299.627,0.41781,1.544,100.0,0.0,19.32
299.774,0.41781,1.547,100.0,0.0,19.32
299.921,0.41781,1.55,100.0,0.0,19.35
300.068,0.41781,1.55,100.0,0.0,19.35
300.215,0.41781,1.556,100.0,0.0,19.35
300.361,0.41781,1.559,100.0,0.0,19.37
300.509,0.4123,1.559,100.0,0.0,19.37
300.656,0.4123,1.562,100.0,0.0,19.35
300.802,0.4123,1.566,100.0,0.0,19.35
300.95,0.41629,1.572,100.0,0.0,19.34
301.097,0.41629,1.572,100.0,0.0,19.34
301.244,0.41629,1.575,100.0,0.0,19.36
301.39,0.41629,1.578,100.0,0.0,19.36
301.538,0.41629,1.578,100.0,0.0,19.31
301.684,0.41629,1.584,100.0,0.0,19.31
301.832,0.41162,1.587,100.0,0.0,19.26
301.979,0.41162,1.591,100.0,0.0,19.26
302.125,0.41162,1.591,100.0,0.0,19.3
302.272,0.41162,1.594,100.0,0.0,19.3
302.419,0.41162,1.6,100.0,0.0,19.33
302.566,0.4167,1.6,100.0,0.0,19.33
302.713,0.4167,1.603,100.0,0.0,19.32
302.86,0.4167,1.606,100.0,0.0,19.32
303.007,0.4167,1.612,100.0,0.0,19.31
303.155,0.4167,1.612,100.0,0.0,19.31
303.301,0.4167,1.616,100.0,0.0,19.26
303.447,0.4167,1.619,100.0,0.0,19.26
303.595,0.4167,1.622,100.0,0.0,19.3
303.751,0.4167,1.622,100.0,0.0,19.3
303.897,0.41868,1.628,100.0,0.0,19.29
304.044,0.41868,1.631,100.0,0.0,19.29
304.192,0.41868,1.631,100.0,0.0,19.28
304.338,0.41868,1.634,100.0,0.0,19.28
304.485,0.41868,1.641,100.0,0.0,19.32
304.632,0.41868,1.644,100.0,0.0,19.32
304.78,0.41399,1.644,100.0,0.0,19.31
304.926,0.41399,1.647,100.0,0.0,19.31
305.074,0.41399,1.65,100.0,0.0,19.3
305.22,0.41503,1.65,100.0,0.0,19.3
305.367,0.41503,1.656,100.0,0.0,19.29
305.514,0.41503,1.659,100.0,0.0,19.29
305.661,0.41503,1.663,100.0,0.0,19.36
305.808,0.41503,1.663,100.0,0.0,19.36
305.955,0.41503,1.669,100.0,0.0,19.34
306.102,0.41383,1.672,100.0,0.0,19.34
306.249,0.41383,1.672,100.0,0.0,19.33
306.396,0.41383,1.675,100.0,0.0,19.33
306.543,0.41383,1.678,100.0,0.0,19.33
306.689,0.41383,1.684,100.0,0.0,19.28
306.837,0.4144,1.684,100.0,0.0,19.28
306.983,0.4144,1.687,100.0,0.0,19.2
307.131,0.4144,1.691,100.0,0.0,19.2
307.278,0.4144,1.691,100.0,0.0,19.25
307.425,0.4144,1.697,100.0,0.0,19.25
307.571,0.4144,1.7,100.0,0.0,19.28
307.719,0.4144,1.703,100.0,0.0,19.28
307.865,0.4144,1.703,100.0,0.0,19.28
308.012,0.4144,1.706,100.0,0.0,19.28
308.159,0.41407,1.712,100.0,0.0,19.35
308.306,0.41407,1.716,100.0,0.0,19.35
308.463,0.41407,1.716,100.0,0.0,19.33
308.609,0.41407,1.719,100.0,0.0,19.33
308.756,0.41407,1.725,100.0,0.0,19.25
308.903,0.41407,1.725,100.0,0.0,19.25
309.05,0.41623,1.728,100.0,0.0,19.25
309.197,0.41623,1.731,100.0,0.0,19.25
309.344,0.41623,1.734,100.0,0.0,19.29
309.491,0.41605,1.734,100.0,0.0,19.29
309.639,0.41605,1.741,100.0,0.0,19.32
309.785,0.41605,1.744,100.0,0.0,19.32
309.932,0.41605,1.744,100.0,0.0,19.38
310.079,0.41605,1.747,100.0,0.0,19.38
310.225,0.41605,1.753,100.0,0.0,19.4
310.373,0.4164,1.756,100.0,0.0,19.4
310.52,0.4164,1.756,100.0,0.0,19.3
310.667,0.4164,1.759,100.0,0.0,19.3
310.814,0.4164,1.763,100.0,0.0,19.26
310.961,0.4164,1.763,100.0,0.0,19.26
311.107,0.4164,1.769,100.0,0.0,19.22
311.254,0.4164,1.772,100.0,0.0,19.22
311.401,0.4164,1.775,100.0,0.0,19.22
311.548,0.4164,1.775,100.0,0.0,19.22
311.695,0.4164,1.781,100.0,0.0,19.26
311.842,0.4164,1.784,100.0,0.0,19.26
311.989,0.4164,1.784,100.0,0.0,19.26
312.136,0.4164,1.788,100.0,0.0,19.26
312.282,0.4164,1.791,100.0,0.0,19.3
312.43,0.41305,1.797,100.0,0.0,19.3
312.577,0.41305,1.797,100.0,0.0,19.33
312.724,0.41305,1.8,100.0,0.0,19.33
312.87,0.41305,1.803,100.0,0.0,19.33
313.018,0.41305,1.809,100.0,0.0,19.32
313.173,0.41305,1.809,100.0,0.0,19.32
313.321,0.41316,1.812,100.0,0.0,19.31
313.467,0.41316,1.816,100.0,0.0,19.31
313.615,0.41316,1.816,100.0,0.0,19.34
313.761,0.41915,1.819,100.0,0.0,19.34
313.909,0.41915,1.825,100.0,0.0,19.32
314.056,0.41915,1.828,100.0,0.0,19.32
314.202,0.41915,1.828,100.0,0.0,19.24
314.349,0.41915,1.831,100.0,0.0,19.24
314.496,0.41968,1.837,100.0,0.0,19.28
314.65,0.41968,1.837,100.0,0.0,19.28
314.796,0.41968,1.841,100.0,0.0,19.27
314.943,0.41968,1.844,100.0,0.0,19.27
315.09,0.41968,1.847,100.0,0.0,19.27
315.237,0.41968,1.847,100.0,0.0,19.27
315.384,0.41968,1.853,100.0,0.0,19.34
315.531,0.41968,1.856,100.0,0.0,19.34
315.678,0.41968,1.856,100.0,0.0,19.29
315.825,0.41968,1.859,100.0,0.0,19.29
315.971,0.41968,1.866,100.0,0.0,19.28
316.118,0.41968,1.869,100.0,0.0,19.28
316.266,0.41492,1.869,100.0,0.0,19.28
316.412,0.41492,1.872,100.0,0.0,19.28
316.56,0.41492,1.875,100.0,0.0,19.27
316.706,0.41492,1.881,100.0,0.0,19.27
316.861,0.41492,1.881,100.0,0.0,19.27
317.007,0.41492,1.884,100.0,0.0,19.27
317.155,0.41839,1.888,100.0,0.0,19.31
317.302,0.41839,1.888,100.0,0.0,19.31
317.449,0.41839,1.894,100.0,0.0,19.3
317.595,0.41907,1.897,100.0,0.0,19.3
317.742,0.41907,1.9,100.0,0.0,19.33
317.89,0.41907,1.9,100.0,0.0,19.33
318.036,0.41907,1.903,100.0,0.0,19.39
318.184,0.41907,1.909,100.0,0.0,19.39
318.33,0.41907,1.909,100.0,0.0,19.41
318.477,0.41843,1.913,100.0,0.0,19.41
318.624,0.41843,1.916,100.0,0.0,19.35
318.772,0.41843,1.922,100.0,0.0,19.35
318.918,0.41843,1.922,100.0,0.0,19.33
319.065,0.41843,1.925,100.0,0.0,19.33
319.212,0.41532,1.928,100.0,0.0,19.32
319.359,0.41532,1.928,100.0,0.0,19.32
319.506,0.41532,1.931,100.0,0.0,19.31
319.653,0.41532,1.937,100.0,0.0,19.31
319.8,0.41532,1.941,100.0,0.0,19.31
319.947,0.41532,1.941,100.0,0.0,19.3
320.094,0.41532,1.944,100.0,0.0,19.3
320.241,0.41532,1.95,100.0,0.0,19.26
320.387,0.41532,1.95,100.0,0.0,19.26
320.534,0.41779,1.953,100.0,0.0,19.25
320.681,0.41779,1.956,100.0,0.0,19.25
320.829,0.41779,1.959,100.0,0.0,19.29
320.975,0.41779,1.959,100.0,0.0,19.29
321.122,0.41779,1.966,100.0,0.0,19.25
321.269,0.41779,1.969,100.0,0.0,19.25
321.417,0.41549,1.972,100.0,0.0,19.29
321.572,0.41549,1.972,100.0,0.0,19.29
321.72,0.41549,1.978,100.0,0.0,19.21
321.866,0.41713,1.981,100.0,0.0,19.21
322.014,0.41713,1.981,100.0,0.0,19.21
322.16,0.41713,1.984,100.0,0.0,19.21
322.307,0.41713,1.987,100.0,0.0,19.22
322.454,0.41713,1.994,100.0,0.0,19.22
322.601,0.41713,1.994,100.0,0.0,19.22
322.748,0.41713,1.997,100.0,0.0,19.22
322.895,0.41713,2.0,100.0,0.0,19.23
323.042,0.41713,2.0,100.0,0.0,19.23
323.188,0.41713,2.006,100.0,0.0,19.23
323.336,0.41713,2.009,100.0,0.0,19.23
323.482,0.41713,2.013,100.0,0.0,19.27
323.629,0.41713,2.013,100.0,0.0,19.27
323.776,0.41713,2.016,100.0,0.0,19.27
323.923,0.41713,2.022,100.0,0.0,19.27
324.07,0.41713,2.022,100.0,0.0,19.26
324.216,0.41713,2.025,100.0,0.0,19.26
324.364,0.42044,2.028,100.0,0.0,19.23
324.511,0.42044,2.034,100.0,0.0,19.23
324.659,0.42044,2.034,100.0,0.0,19.23
324.805,0.42044,2.037,100.0,0.0,19.23
324.951,0.42044,2.041,100.0,0.0,19.23
325.099,0.42044,2.041,100.0,0.0,19.23
325.245,0.41748,2.044,100.0,0.0,19.16
325.393,0.41748,2.05,100.0,0.0,19.16
325.539,0.41748,2.053,100.0,0.0,19.17
325.687,0.41099,2.053,100.0,0.0,19.17
325.833,0.41099,2.056,100.0,0.0,19.18
325.981,0.41099,2.062,100.0,0.0,19.18
326.128,0.41099,2.066,100.0,0.0,19.18
326.284,0.41099,2.066,100.0,0.0,19.19
326.43,0.41099,2.069,100.0,0.0,19.19
326.578,0.41099,2.072,100.0,0.0,19.17
326.724,0.41099,2.072,100.0,0.0,19.17
326.871,0.41099,2.078,100.0,0.0,19.18
327.018,0.41099,2.081,100.0,0.0,19.18
327.165,0.41099,2.084,100.0,0.0,19.19
327.312,0.41099,2.084,100.0,0.0,19.19
327.459,0.41099,2.091,100.0,0.0,19.12
327.606,0.41099,2.094,100.0,0.0,19.12
327.753,0.4155,2.094,100.0,0.0,19.18
327.9,0.4155,2.097,100.0,0.0,19.18
328.047,0.4155,2.1,100.0,0.0,19.19
328.193,0.4155,2.106,100.0,0.0,19.19
328.341,0.4155,2.106,100.0,0.0,19.2
328.487,0.4155,2.109,100.0,0.0,19.2
328.635,0.4197,2.112,100.0,0.0,19.24
328.781,0.4197,2.112,100.0,0.0,19.24
328.929,0.4197,2.119,100.0,0.0,19.25
329.075,0.41974,2.122,100.0,0.0,19.25
329.223,0.41974,2.125,100.0,0.0,19.25
329.37,0.41974,2.125,100.0,0.0,19.25
329.516,0.41974,2.128,100.0,0.0,19.21
329.663,0.41974,2.134,100.0,0.0,19.21
329.81,0.41974,2.134,100.0,0.0,19.25
329.957,0.41889,2.138,100.0,0.0,19.25
330.104,0.41889,2.141,100.0,0.0,19.29
330.252,0.41889,2.147,100.0,0.0,19.29
330.398,0.41889,2.147,100.0,0.0,19.28
330.545,0.41889,2.15,100.0,0.0,19.28
330.692,0.41889,2.153,100.0,0.0,19.28
330.838,0.41889,2.156,100.0,0.0,19.28
330.995,0.41889,2.156,100.0,0.0,19.27
331.141,0.41889,2.162,100.0,0.0,19.27
331.289,0.41889,2.166,100.0,0.0,19.2
331.435,0.41889,2.166,100.0,0.0,19.2
331.582,0.41633,2.169,100.0,0.0,19.24
331.729,0.41633,2.175,100.0,0.0,19.24
331.877,0.41633,2.178,100.0,0.0,19.28
332.023,0.41633,2.178,100.0,0.0,19.28
332.171,0.41633,2.181,100.0,0.0,19.31
332.317,0.41633,2.184,100.0,0.0,19.31
332.465,0.41656,2.184,100.0,0.0,19.3
332.611,0.41656,2.191,100.0,0.0,19.3
332.758,0.41656,2.194,100.0,0.0,19.3
332.905,0.41546,2.197,100.0,0.0,19.3
333.052,0.41546,2.197,100.0,0.0,19.3
333.199,0.41546,2.203,100.0,0.0,19.33
333.346,0.41546,2.206,100.0,0.0,19.33
333.494,0.41546,2.206,100.0,0.0,19.31
333.64,0.41546,2.209,100.0,0.0,19.31
333.786,0.41943,2.213,100.0,0.0,19.34
333.934,0.41943,2.219,100.0,0.0,19.34
334.081,0.41943,2.219,100.0,0.0,19.37
334.228,0.41943,2.222,100.0,0.0,19.37
334.375,0.41943,2.225,100.0,0.0,19.35
334.522,0.41943,2.225,100.0,0.0,19.35
334.668,0.41943,2.231,100.0,0.0,19.37
334.816,0.41943,2.234,100.0,0.0,19.37
334.962,0.41943,2.237,100.0,0.0,19.39
335.109,0.41943,2.237,100.0,0.0,19.39
335.256,0.41943,2.241,100.0,0.0,19.29
335.403,0.41943,2.247,100.0,0.0,19.29
335.55,0.41943,2.25,100.0,0.0,19.29
335.706,0.41943,2.25,100.0,0.0,19.29
335.853,0.41943,2.253,100.0,0.0,19.24
336.0,0.41943,2.259,100.0,0.0,19.24
336.148,0.41943,2.259,100.0,0.0,19.25
336.294,0.41619,2.263,100.0,0.0,19.25
336.442,0.41619,2.266,100.0,0.0,19.21
336.588,0.41619,2.269,100.0,0.0,19.21
336.736,0.41556,2.269,100.0,0.0,19.21
336.882,0.41556,2.275,100.0,0.0,19.21
337.029,0.41556,2.278,100.0,0.0,19.26
337.176,0.41556,2.278,100.0,0.0,19.26
337.323,0.41556,2.281,100.0,0.0,19.26
337.47,0.41556,2.287,100.0,0.0,19.26
337.617,0.4192,2.291,100.0,0.0,19.29
337.765,0.4192,2.291,100.0,0.0,19.29
337.911,0.4192,2.294,100.0,0.0,19.29
338.058,0.4192,2.297,100.0,0.0,19.29
338.205,0.4192,2.297,100.0,0.0,19.28
338.351,0.4192,2.303,100.0,0.0,19.28
338.499,0.4192,2.306,100.0,0.0,19.28
338.645,0.4192,2.309,100.0,0.0,19.28
338.793,0.4192,2.309,100.0,0.0,19.27
338.939,0.4192,2.316,100.0,0.0,19.27
339.087,0.4192,2.319,100.0,0.0,19.27
339.233,0.4192,2.319,100.0,0.0,19.23
339.38,0.4192,2.322,100.0,0.0,19.23
339.527,0.4192,2.325,100.0,0.0,19.27
339.673,0.42487,2.331,100.0,0.0,19.27
339.821,0.42487,2.331,100.0,0.0,19.23
339.967,0.42487,2.334,100.0,0.0,19.23
340.115,0.42108,2.338,100.0,0.0,19.2
340.262,0.42108,2.344,100.0,0.0,19.2
340.418,0.42108,2.344,100.0,0.0,19.13
340.564,0.42108,2.347,100.0,0.0,19.13
340.712,0.42108,2.35,100.0,0.0,19.15
340.858,0.42108,2.35,100.0,0.0,19.15
341.006,0.41714,2.353,100.0,0.0,19.13
341.152,0.41714,2.359,100.0,0.0,19.13
341.3,0.41714,2.362,100.0,0.0,19.18
341.447,0.41714,2.362,100.0,0.0,19.18
341.593,0.41714,2.366,100.0,0.0,19.15
341.74,0.41714,2.372,100.0,0.0,19.15
341.887,0.41714,2.372,100.0,0.0,19.17
342.034,0.41714,2.375,100.0,0.0,19.17
342.181,0.41714,2.378,100.0,0.0,19.22
342.328,0.41482,2.381,100.0,0.0,19.22
342.475,0.41482,2.381,100.0,0.0,19.22
342.622,0.41482,2.388,100.0,0.0,19.22
342.769,0.41482,2.391,100.0,0.0,19.23
342.915,0.41482,2.391,100.0,0.0,19.23
343.063,0.41482,2.394,100.0,0.0,19.23
343.209,0.41482,2.4,100.0,0.0,19.23
343.357,0.41482,2.403,100.0,0.0,19.23
343.503,0.41482,2.403,100.0,0.0,19.23
343.65,0.41925,2.406,100.0,0.0,19.27
343.797,0.41925,2.409,100.0,0.0,19.27
343.945,0.41869,2.409,100.0,0.0,19.27
344.091,0.41869,2.416,100.0,0.0,19.27
344.238,0.41869,2.419,100.0,0.0,19.3
344.386,0.41869,2.422,100.0,0.0,19.3
344.532,0.41869,2.422,100.0,0.0,19.33
344.679,0.41869,2.428,100.0,0.0,19.33
344.826,0.4154,2.431,100.0,0.0,19.32
344.974,0.4154,2.434,100.0,0.0,19.32
345.129,0.4154,2.434,100.0,0.0,19.35
345.276,0.4154,2.437,100.0,0.0,19.35
345.423,0.4154,2.444,100.0,0.0,19.37
345.57,0.4154,2.444,100.0,0.0,19.37
345.716,0.4154,2.447,100.0,0.0,19.37
345.864,0.4154,2.45,100.0,0.0,19.39
346.01,0.4154,2.456,100.0,0.0,19.39
346.157,0.42381,2.456,100.0,0.0,19.37
346.305,0.42381,2.459,100.0,0.0,19.37
346.451,0.42381,2.463,100.0,0.0,19.43
346.599,0.42381,2.463,100.0,0.0,19.43
346.745,0.42381,2.466,100.0,0.0,19.4
346.892,0.42381,2.472,100.0,0.0,19.4
347.039,0.42381,2.475,100.0,0.0,19.3
347.187,0.42381,2.475,100.0,0.0,19.3
347.333,0.42381,2.478,100.0,0.0,19.33
347.479,0.41941,2.484,100.0,0.0,19.33
347.627,0.41941,2.484,100.0,0.0,19.32
347.773,0.41624,2.487,100.0,0.0,19.32
347.927,0.41624,2.491,100.0,0.0,19.38
348.074,0.41624,2.494,100.0,0.0,19.38
348.222,0.41624,2.494,100.0,0.0,19.4
348.368,0.41624,2.5,100.0,0.0,19.4
348.515,0.41624,2.503,100.0,0.0,19.34
348.662,0.41746,2.506,100.0,0.0,19.34
348.817,0.41746,2.506,100.0,0.0,19.4
348.963,0.41746,2.513,100.0,0.0,19.4
349.111,0.41746,2.516,100.0,0.0,19.38
349.257,0.41746,2.516,100.0,0.0,19.38
349.404,0.41746,2.519,100.0,0.0,19.4
349.551,0.41746,2.522,100.0,0.0,19.4
349.698,0.41746,2.528,100.0,0.0,19.41
349.845,0.41746,2.528,100.0,0.0,19.41
349.991,0.42235,2.531,100.0,0.0,19.43
350.139,0.42235,2.534,100.0,0.0,19.43
350.286,0.42235,2.534,100.0,0.0,19.4
350.433,0.42235,2.541,100.0,0.0,19.4
350.579,0.42235,2.544,100.0,0.0,19.38
350.727,0.42235,2.547,100.0,0.0,19.38
350.874,0.42235,2.547,100.0,0.0,19.4
351.02,0.42235,2.55,100.0,0.0,19.4
351.167,0.42235,2.556,100.0,0.0,19.34
351.314,0.41751,2.556,100.0,0.0,19.34
351.461,0.41751,2.559,100.0,0.0,19.36
351.608,0.41751,2.562,100.0,0.0,19.36
351.756,0.41772,2.569,100.0,0.0,19.38
351.902,0.41772,2.569,100.0,0.0,19.38
352.05,0.41772,2.572,100.0,0.0,19.4
352.196,0.41772,2.575,100.0,0.0,19.4
352.343,0.41772,2.575,100.0,0.0,19.4
352.49,0.41772,2.578,100.0,0.0,19.3
352.636,0.41772,2.584,100.0,0.0,19.3
352.784,0.41772,2.588,100.0,0.0,19.33
352.931,0.41772,2.588,100.0,0.0,19.33
353.078,0.41772,2.591,100.0,0.0,19.32
353.224,0.41772,2.597,100.0,0.0,19.32
353.372,0.41772,2.6,100.0,0.0,19.31
353.528,0.41772,2.6,100.0,0.0,19.31
353.675,0.41772,2.603,100.0,0.0,19.3
353.821,0.42047,2.606,100.0,0.0,19.3
353.969,0.42047,2.606,100.0,0.0,19.29
354.115,0.42047,2.612,100.0,0.0,19.29
354.262,0.42047,2.616,100.0,0.0,19.29
354.41,0.42047,2.619,100.0,0.0,19.29
354.556,0.42047,2.619,100.0,0.0,19.32
354.703,0.42047,2.625,100.0,0.0,19.32
354.85,0.42047,2.628,100.0,0.0,19.38
354.998,0.42047,2.628,100.0,0.0,19.38
355.144,0.42099,2.631,100.0,0.0,19.33
355.292,0.42099,2.634,100.0,0.0,19.33
355.438,0.42099,2.641,100.0,0.0,19.35
355.585,0.42099,2.641,100.0,0.0,19.35
355.732,0.42099,2.644,100.0,0.0,19.3
355.878,0.42099,2.647,100.0,0.0,19.3
356.026,0.42099,2.647,100.0,0.0,19.29
356.172,0.42099,2.653,100.0,0.0,19.29
356.32,0.42099,2.656,100.0,0.0,19.32
356.466,0.42099,2.659,100.0,0.0,19.32
356.613,0.42099,2.659,100.0,0.0,19.12
356.76,0.42099,2.662,100.0,0.0,19.12
356.907,0.42099,2.669,100.0,0.0,19.11
357.054,0.42099,2.669,100.0,0.0,19.11
357.2,0.41563,2.672,100.0,0.0,19.13
357.348,0.41563,2.675,100.0,0.0,19.13
357.495,0.41563,2.681,100.0,0.0,19.07
357.642,0.41563,2.681,100.0,0.0,19.07
357.789,0.41563,2.684,100.0,0.0,19.1
357.935,0.41563,2.687,100.0,0.0,19.1
358.083,0.41563,2.691,100.0,0.0,19.08
358.24,0.41563,2.691,100.0,0.0,19.08
358.386,0.41563,2.697,100.0,0.0,19.11
358.532,0.41506,2.7,100.0,0.0,19.11
358.68,0.41506,2.7,100.0,0.0,18.98
358.826,0.41506,2.703,100.0,0.0,18.98
358.974,0.41506,2.709,100.0,0.0,18.98
359.12,0.41506,2.713,100.0,0.0,19.02
359.268,0.41506,2.713,100.0,0.0,19.02
359.414,0.41506,2.716,100.0,0.0,19.02
359.562,0.41506,2.719,100.0,0.0,19.02
359.708,0.41506,2.719,100.0,0.0,19.01
359.854,0.41506,2.725,100.0,0.0,19.01
360.002,0.41506,2.728,100.0,0.0,19.05
360.149,0.41506,2.731,100.0,0.0,19.05
360.296,0.41506,2.731,100.0,0.0,19.0
360.442,0.41506,2.737,100.0,0.0,19.0
360.59,0.41662,2.741,100.0,0.0,19.04
360.737,0.41662,2.741,100.0,0.0,19.04
360.884,0.41662,2.744,100.0,0.0,19.07
361.031,0.41662,2.747,100.0,0.0,19.07
361.177,0.41662,2.753,100.0,0.0,19.1
361.325,0.41662,2.753,100.0,0.0,19.1
361.471,0.41662,2.756,100.0,0.0,19.12
361.618,0.41662,2.759,100.0,0.0,19.12
361.765,0.41662,2.759,100.0,0.0,19.18
361.912,0.42055,2.766,100.0,0.0,19.18
362.059,0.42055,2.769,100.0,0.0,19.15
362.207,0.42055,2.772,100.0,0.0,19.15
362.353,0.42055,2.772,100.0,0.0,19.17
362.499,0.42055,2.775,100.0,0.0,19.17
362.647,0.42055,2.781,100.0,0.0,19.14
362.793,0.42055,2.784,100.0,0.0,19.14
362.951,0.42055,2.784,100.0,0.0,19.2
363.097,0.42055,2.787,100.0,0.0,19.2
363.245,0.42055,2.794,100.0,0.0,19.24
363.391,0.42055,2.794,100.0,0.0,19.24
363.538,0.42055,2.797,100.0,0.0,19.24
363.685,0.42055,2.8,100.0,0.0,19.24
363.832,0.42055,2.803,100.0,0.0,19.28
363.979,0.42055,2.803,100.0,0.0,19.28
364.126,0.41309,2.809,100.0,0.0,19.28
364.273,0.41309,2.812,100.0,0.0,19.28
364.42,0.41309,2.812,100.0,0.0,19.27
364.567,0.41309,2.816,100.0,0.0,19.27
364.713,0.41309,2.822,100.0,0.0,19.27
364.861,0.41309,2.825,100.0,0.0,19.27
365.007,0.41309,2.825,100.0,0.0,19.27
365.155,0.41309,2.828,100.0,0.0,19.27
365.301,0.41746,2.831,100.0,0.0,19.27
365.449,0.41746,2.831,100.0,0.0,19.26
365.595,0.41746,2.838,100.0,0.0,19.26
365.742,0.41746,2.841,100.0,0.0,19.26
365.889,0.41746,2.844,100.0,0.0,19.26
366.036,0.41746,2.844,100.0,0.0,19.26
366.183,0.41746,2.85,101.0,0.0,19.26
366.33,0.41746,2.853,100.0,0.0,19.3
366.477,0.41746,2.853,100.0,0.0,19.3
366.623,0.41746,2.856,100.0,0.0,19.33
366.771,0.41746,2.859,100.0,0.0,19.33
366.918,0.41746,2.866,100.0,0.0,19.32
367.064,0.41746,2.866,100.0,0.0,19.32
367.211,0.41746,2.869,100.0,0.0,19.31
367.358,0.41746,2.872,100.0,0.0,19.31
367.505,0.41255,2.878,100.0,0.0,19.33
367.662,0.41255,2.878,100.0,0.0,19.33
367.809,0.41255,2.881,100.0,0.0,19.32
367.955,0.41255,2.884,100.0,0.0,19.32
368.103,0.41255,2.884,100.0,0.0,19.31
368.249,0.41255,2.888,100.0,0.0,19.31
368.397,0.41255,2.894,100.0,0.0,19.34
368.543,0.41255,2.897,100.0,0.0,19.34
368.691,0.41255,2.897,100.0,0.0,19.33
368.837,0.41255,2.9,100.0,0.0,19.33
368.984,0.41255,2.906,100.0,0.0,19.31
369.131,0.41255,2.906,100.0,0.0,19.31
369.277,0.41255,2.909,100.0,0.0,19.23
369.425,0.41255,2.912,100.0,0.0,19.23
369.571,0.41255,2.916,100.0,0.0,19.31
369.719,0.41255,2.916,100.0,0.0,19.31
369.865,0.41255,2.922,100.0,0.0,19.3
370.013,0.41255,2.925,100.0,0.0,19.3
370.159,0.41255,2.925,100.0,0.0,19.29
370.305,0.41255,2.928,100.0,0.0,19.29
370.453,0.41255,2.934,100.0,0.0,19.32
370.6,0.41255,2.937,100.0,0.0,19.32
370.747,0.41255,2.937,100.0,0.0,19.31
370.893,0.41725,2.941,100.0,0.0,19.31
371.041,0.41725,2.944,100.0,0.0,19.34
371.188,0.41725,2.944,100.0,0.0,19.34
371.335,0.41725,2.95,100.0,0.0,19.36
371.482,0.41725,2.953,100.0,0.0,19.36
371.628,0.41725,2.956,100.0,0.0,19.36
371.776,0.41725,2.956,100.0,0.0,19.38
371.922,0.41725,2.963,100.0,0.0,19.38
372.069,0.41725,2.966,100.0,0.0,19.36
372.216,0.41725,2.969,100.0,0.0,19.36
372.373,0.41725,2.969,100.0,0.0,19.27
372.52,0.41725,2.972,100.0,0.0,19.27
372.667,0.41725,2.978,100.0,0.0,19.23
372.814,0.41725,2.978,100.0,0.0,19.23
372.961,0.41725,2.981,100.0,0.0,19.23
373.107,0.41725,2.984,100.0,0.0,19.23
373.255,0.41725,2.991,100.0,0.0,19.2
373.402,0.41725,2.991,100.0,0.0,19.2
373.548,0.41725,2.994,100.0,0.0,19.21
373.695,0.41725,2.997,100.0,0.0,19.21
373.842,0.41725,2.997,100.0,0.0,19.25
373.989,0.41725,3.0,100.0,0.0,19.25
374.136,0.41725,3.006,100.0,0.0,19.25
374.283,0.41798,3.009,100.0,0.0,19.25
374.43,0.41798,3.009,100.0,0.0,19.29
374.577,0.41798,3.013,100.0,0.0,19.29
374.724,0.41798,3.019,100.0,0.0,19.21
374.87,0.41798,3.019,100.0,0.0,19.21
375.018,0.41798,3.022,100.0,0.0,19.33
375.164,0.41798,3.025,100.0,0.0,19.33
375.312,0.41798,3.028,100.0,0.0,19.39
375.458,0.41798,3.028,100.0,0.0,19.39
375.605,0.41798,3.034,100.0,0.0,19.37
375.752,0.41798,3.037,100.0,0.0,19.37
375.9,0.41798,3.037,100.0,0.0,19.39
376.046,0.41798,3.041,100.0,0.0,19.39
376.192,0.41798,3.047,100.0,0.0,19.44
376.34,0.41798,3.05,100.0,0.0,19.44
376.487,0.41798,3.05,100.0,0.0,19.41
376.634,0.41798,3.053,100.0,0.0,19.41
376.78,0.41798,3.056,100.0,0.0,19.39
376.928,0.41798,3.062,100.0,0.0,19.39
377.084,0.41798,3.062,100.0,0.0,19.37
377.231,0.41798,3.066,100.0,0.0,19.37
377.378,0.41798,3.069,100.0,0.0,19.39
377.526,0.41798,3.069,100.0,0.0,19.39
377.672,0.41046,3.075,100.0,0.0,19.33
377.82,0.41046,3.078,100.0,0.0,19.33
377.966,0.41046,3.081,100.0,0.0,19.32
378.113,0.41046,3.081,100.0,0.0,19.32
378.26,0.41046,3.084,100.0,0.0,19.32
378.407,0.41046,3.091,100.0,0.0,19.31
378.554,0.41046,3.091,100.0,0.0,19.31
378.7,0.41046,3.094,100.0,0.0,19.34
378.848,0.41046,3.097,100.0,0.0,19.34
378.994,0.41046,3.103,100.0,0.0,19.32
379.141,0.41046,3.103,100.0,0.0,19.32
379.288,0.41046,3.106,100.0,0.0,19.28
379.435,0.41046,3.109,100.0,0.0,19.28
379.582,0.41046,3.109,100.0,0.0,19.27
379.728,0.41046,3.112,100.0,0.0,19.27
379.876,0.41046,3.119,100.0,0.0,19.27
380.023,0.41046,3.122,100.0,0.0,19.27
380.17,0.41046,3.122,100.0,0.0,19.27
380.316,0.41046,3.125,100.0,0.0,19.27
380.463,0.41046,3.131,100.0,0.0,19.26
380.611,0.41046,3.131,100.0,0.0,19.26
380.757,0.41698,3.134,100.0,0.0,19.3
380.905,0.41698,3.138,100.0,0.0,19.3
381.051,0.41698,3.141,100.0,0.0,19.29
381.199,0.41698,3.141,100.0,0.0,19.29
381.345,0.41698,3.147,100.0,0.0,19.25
381.492,0.41698,3.15,100.0,0.0,19.25
381.639,0.41698,3.153,100.0,0.0,19.25
381.797,0.41698,3.153,100.0,0.0,19.25
381.943,0.41698,3.159,100.0,0.0,19.29
382.09,0.41698,3.162,100.0,0.0,19.29
382.237,0.41698,3.162,100.0,0.0,19.24
382.383,0.41698,3.166,100.0,0.0,19.24
382.531,0.41698,3.169,100.0,0.0,19.28
382.677,0.41698,3.175,100.0,0.0,19.28
382.825,0.41698,3.175,100.0,0.0,19.28
382.971,0.41698,3.178,100.0,0.0,19.28
383.119,0.41698,3.181,100.0,0.0,19.31
383.265,0.41698,3.181,100.0,0.0,19.31
383.412,0.41698,3.187,100.0,0.0,19.26
383.559,0.41698,3.191,100.0,0.0,19.26
383.705,0.41698,3.194,100.0,0.0,19.26
383.853,0.41698,3.194,100.0,0.0,19.26
383.999,0.41698,3.197,100.0,0.0,19.33
384.147,0.41698,3.203,100.0,0.0,19.33
384.293,0.41698,3.203,100.0,0.0,19.32
384.44,0.41698,3.206,100.0,0.0,19.32
384.587,0.41739,3.209,100.0,0.0,19.32
384.735,0.41739,3.216,100.0,0.0,19.35
384.881,0.41739,3.216,100.0,0.0,19.35
385.028,0.41739,3.219,100.0,0.0,19.3
385.175,0.41739,3.222,100.0,0.0,19.3
385.322,0.41739,3.222,100.0,0.0,19.33
385.469,0.41739,3.225,100.0,0.0,19.33
385.615,0.41739,3.231,100.0,0.0,19.35
385.763,0.41739,3.234,100.0,0.0,19.35
385.91,0.41739,3.234,100.0,0.0,19.3
386.057,0.41739,3.237,100.0,0.0,19.3
386.203,0.41739,3.244,100.0,0.0,19.37
386.35,0.41739,3.247,100.0,0.0,19.37
386.507,0.41739,3.247,100.0,0.0,19.35
386.654,0.41376,3.25,100.0,0.0,19.35
386.801,0.41376,3.253,100.0,0.0,19.33
386.948,0.41376,3.253,100.0,0.0,19.33
387.095,0.41376,3.259,100.0,0.0,19.4
387.242,0.41376,3.263,100.0,0.0,19.4
387.389,0.41376,3.266,100.0,0.0,19.38
387.536,0.41376,3.266,100.0,0.0,19.38
387.683,0.41376,3.272,100.0,0.0,19.39
387.83,0.41376,3.275,100.0,0.0,19.39
387.977,0.4137,3.275,100.0,0.0,19.37
388.124,0.4137,3.278,100.0,0.0,19.37
388.27,0.4137,3.281,100.0,0.0,19.39
388.418,0.4137,3.287,100.0,0.0,19.39
388.564,0.4137,3.287,100.0,0.0,19.41
388.711,0.4137,3.291,100.0,0.0,19.41
388.858,0.4137,3.294,100.0,0.0,19.35
389.006,0.4137,3.294,100.0,0.0,19.35
389.152,0.4137,3.3,100.0,0.0,19.33
389.299,0.4137,3.303,100.0,0.0,19.33
389.446,0.4137,3.306,100.0,0.0,19.36
389.593,0.4137,3.306,100.0,0.0,19.36
389.74,0.4137,3.309,100.0,0.0,19.34
389.886,0.4137,3.316,100.0,0.0,19.34
390.034,0.41791,3.316,100.0,0.0,19.33
390.18,0.41791,3.319,100.0,0.0,19.33
390.328,0.41791,3.322,100.0,0.0,19.35
390.474,0.41791,3.328,100.0,0.0,19.35
390.622,0.41791,3.328,100.0,0.0,19.38
390.768,0.41791,3.331,100.0,0.0,19.38
390.915,0.41791,3.334,100.0,0.0,19.38
391.062,0.41791,3.338,100.0,0.0,19.39
391.219,0.41791,3.338,100.0,0.0,19.39
391.365,0.41789,3.344,100.0,0.0,19.37
391.512,0.41789,3.347,100.0,0.0,19.37
391.66,0.41789,3.347,100.0,0.0,19.35
391.806,0.41789,3.35,100.0,0.0,19.35
391.953,0.41789,3.356,100.0,0.0,19.34
392.1,0.41789,3.359,100.0,0.0,19.34
392.248,0.41789,3.359,100.0,0.0,19.33
392.394,0.41789,3.362,100.0,0.0,19.33
392.541,0.41789,3.366,100.0,0.0,19.31
392.688,0.41789,3.366,100.0,0.0,19.31
392.834,0.41789,3.372,100.0,0.0,19.3
392.982,0.41789,3.375,100.0,0.0,19.3
393.128,0.41789,3.378,100.0,0.0,19.26
393.276,0.41789,3.378,100.0,0.0,19.26
393.422,0.41789,3.384,100.0,0.0,19.26
393.57,0.41789,3.388,100.0,0.0,19.26
393.716,0.41789,3.388,100.0,0.0,19.26
393.863,0.41167,3.391,100.0,0.0,19.26
394.01,0.41167,3.394,100.0,0.0,19.26
394.157,0.41167,3.4,100.0,0.0,19.26
394.304,0.41882,3.4,100.0,0.0,19.29
394.451,0.41882,3.403,100.0,0.0,19.29
394.598,0.41882,3.406,100.0,0.0,19.29
394.745,0.41882,3.406,100.0,0.0,19.29
394.892,0.41882,3.412,100.0,0.0,19.28
395.039,0.41882,3.416,100.0,0.0,19.28
395.186,0.41534,3.419,100.0,0.0,19.31
395.333,0.41534,3.419,100.0,0.0,19.31
395.479,0.41534,3.422,100.0,0.0,19.34
395.627,0.41534,3.428,100.0,0.0,19.34
395.773,0.41534,3.431,100.0,0.0,19.37
395.93,0.41534,3.431,100.0,0.0,19.37
396.076,0.41534,3.434,100.0,0.0,19.39
396.224,0.41534,3.441,100.0,0.0,19.39
396.371,0.41534,3.441,100.0,0.0,19.4
396.518,0.41534,3.444,100.0,0.0,19.4
396.664,0.41534,3.447,100.0,0.0,19.3
396.812,0.41534,3.45,100.0,0.0,19.3
396.959,0.41534,3.45,100.0,0.0,19.3
397.106,0.41534,3.456,100.0,0.0,19.3
397.252,0.41534,3.459,100.0,0.0,19.33
397.399,0.41067,3.459,100.0,0.0,19.33
397.546,0.41067,3.463,100.0,0.0,19.33
397.693,0.41533,3.469,100.0,0.0,19.28
397.845,0.41533,3.472,100.0,0.0,19.28
397.992,0.41533,3.472,100.0,0.0,19.24
398.139,0.41533,3.475,100.0,0.0,19.24
398.286,0.41533,3.478,100.0,0.0,19.2
398.433,0.41533,3.478,100.0,0.0,19.2
398.579,0.42155,3.484,100.0,0.0,19.21
398.727,0.42155,3.487,100.0,0.0,19.21
398.874,0.42155,3.491,100.0,0.0,19.21
399.02,0.42155,3.491,101.0,0.0,19.21
399.168,0.42155,3.497,100.0,0.0,19.26
399.314,0.42155,3.5,100.0,0.0,19.26
399.462,0.42155,3.503,100.0,0.0,19.22
399.617,0.42155,3.503,100.0,0.0,19.22
399.764,0.42155,3.506,100.0,0.0,19.22
399.911,0.42155,3.513,100.0,0.0,19.22
400.058,0.42155,3.513,100.0,0.0,19.23
400.204,0.42155,3.516,100.0,0.0,19.23
400.352,0.41959,3.519,100.0,0.0,19.19
400.499,0.41959,3.525,100.0,0.0,19.19
400.645,0.41959,3.525,100.0,0.0,19.2
400.792,0.41697,3.528,100.0,0.0,19.2
400.939,0.41697,3.531,100.0,0.0,19.21
401.087,0.41697,3.531,100.0,0.0,19.21
401.233,0.41772,3.534,100.0,0.0,19.29
401.381,0.41772,3.541,100.0,0.0,19.29
401.528,0.41772,3.544,100.0,0.0,19.25
401.675,0.41738,3.544,100.0,0.0,19.25
401.822,0.41738,3.547,100.0,0.0,19.25
401.969,0.41874,3.553,100.0,0.0,19.25
402.116,0.41874,3.553,100.0,0.0,19.25
402.262,0.41874,3.556,100.0,0.0,19.25
402.41,0.41874,3.559,100.0,0.0,19.21
402.556,0.41874,3.562,100.0,0.0,19.21
402.704,0.41874,3.562,100.0,0.0,19.22
402.85,0.41874,3.569,100.0,0.0,19.22
402.998,0.41874,3.572,100.0,0.0,19.15
403.144,0.41874,3.572,100.0,0.0,19.15
403.29,0.41874,3.575,100.0,0.0,19.16
403.438,0.41874,3.581,100.0,0.0,19.16
403.585,0.41874,3.584,100.0,0.0,19.18
403.732,0.41874,3.584,100.0,0.0,19.18
403.878,0.41874,3.588,100.0,0.0,19.18
404.026,0.41874,3.591,100.0,0.0,19.15
404.172,0.41859,3.597,100.0,0.0,19.15
404.329,0.41859,3.597,100.0,0.0,19.13
404.475,0.41859,3.6,100.0,0.0,19.13
404.622,0.41746,3.603,100.0,0.0,19.11
404.769,0.41746,3.603,100.0,0.0,19.11
404.916,0.41746,3.609,100.0,0.0,19.13
405.063,0.42255,3.612,100.0,0.0,19.13
405.21,0.42255,3.616,100.0,0.0,19.11
405.357,0.42255,3.616,100.0,0.0,19.11
405.504,0.42204,3.619,100.0,0.0,19.13
405.651,0.42204,3.625,100.0,0.0,19.13
405.798,0.42204,3.625,100.0,0.0,19.15
405.945,0.42204,3.628,100.0,0.0,19.15
406.092,0.42204,3.631,100.0,0.0,19.16
406.239,0.42204,3.638,100.0,0.0,19.16
406.386,0.42204,3.638,100.0,0.0,19.21
406.532,0.42204,3.641,100.0,0.0,19.21
406.68,0.42204,3.644,100.0,0.0,19.22
406.826,0.42204,3.644,100.0,0.0,19.22
406.973,0.42204,3.647,100.0,0.0,19.3
407.12,0.42204,3.653,100.0,0.0,19.3
407.267,0.42204,3.656,100.0,0.0,19.25
407.414,0.42204,3.656,100.0,0.0,19.25
407.561,0.42204,3.659,100.0,0.0,19.25
407.708,0.42204,3.666,100.0,0.0,19.25
407.854,0.42204,3.666,100.0,0.0,19.29
408.002,0.41485,3.669,100.0,0.0,19.29
408.148,0.41485,3.672,100.0,0.0,19.28
408.296,0.41485,3.675,100.0,0.0,19.28
408.443,0.41524,3.675,100.0,0.0,19.32
408.59,0.41524,3.681,100.0,0.0,19.32
408.737,0.41524,3.684,100.0,0.0,19.27
408.884,0.41279,3.687,100.0,0.0,19.27
409.04,0.41279,3.687,100.0,0.0,19.3
409.187,0.41279,3.694,100.0,0.0,19.3
409.334,0.41486,3.697,100.0,0.0,19.3
409.482,0.41486,3.697,100.0,0.0,19.3
409.628,0.41486,3.7,100.0,0.0,19.25
409.774,0.41486,3.703,100.0,0.0,19.25
409.922,0.41486,3.709,100.0,0.0,19.25
410.068,0.41486,3.709,100.0,0.0,19.25
410.216,0.41486,3.713,100.0,0.0,19.29
410.362,0.41486,3.716,100.0,0.0,19.29
410.51,0.41486,3.716,100.0,0.0,19.29
410.656,0.41486,3.722,100.0,0.0,19.28
410.803,0.41486,3.725,100.0,0.0,19.28
410.95,0.41486,3.728,100.0,0.0,19.28
411.097,0.41486,3.728,100.0,0.0,19.28
411.244,0.41486,3.731,100.0,0.0,19.27
411.39,0.41486,3.737,100.0,0.0,19.27
411.538,0.41486,3.737,100.0,0.0,19.27
411.684,0.41486,3.741,100.0,0.0,19.27
411.832,0.42056,3.744,100.0,0.0,19.3
411.979,0.42056,3.75,100.0,0.0,19.3
412.126,0.42056,3.75,100.0,0.0,19.33
412.272,0.41704,3.753,100.0,0.0,19.33
412.419,0.41704,3.756,100.0,0.0,19.28
412.567,0.41704,3.756,100.0,0.0,19.28
412.713,0.41431,3.759,100.0,0.0,19.35
412.861,0.41431,3.766,100.0,0.0,19.35
413.007,0.41431,3.769,100.0,0.0,19.38
413.155,0.41014,3.769,100.0,0.0,19.38
413.301,0.41014,3.772,100.0,0.0,19.39
413.449,0.41014,3.778,100.0,0.0,19.39
413.596,0.41014,3.781,100.0,0.0,19.37
413.752,0.41014,3.781,100.0,0.0,19.37
413.898,0.41014,3.784,100.0,0.0,19.39
414.045,0.41014,3.787,100.0,0.0,19.39
414.192,0.41014,3.787,100.0,0.0,19.37
414.338,0.41014,3.794,100.0,0.0,19.37
414.486,0.41014,3.797,100.0,0.0,19.43
414.632,0.41014,3.8,100.0,0.0,19.43
414.78,0.41014,3.8,100.0,0.0,19.48
414.926,0.41014,3.806,100.0,0.0,19.48
415.074,0.41014,3.809,100.0,0.0,19.48
415.22,0.41014,3.809,100.0,0.0,19.48
415.367,0.41014,3.812,100.0,0.0,19.41
415.514,0.41014,3.816,100.0,0.0,19.41
415.661,0.41951,3.822,100.0,0.0,19.38
415.808,0.41951,3.822,100.0,0.0,19.38
415.955,0.41951,3.825,100.0,0.0,19.33
416.102,0.41857,3.828,100.0,0.0,19.33
416.249,0.41857,3.828,100.0,0.0,19.39
416.396,0.41857,3.834,100.0,0.0,19.39
416.543,0.42133,3.838,100.0,0.0,19.37
416.691,0.42133,3.841,100.0,0.0,19.37
416.837,0.42133,3.841,100.0,0.0,19.37
416.983,0.4185,3.844,100.0,0.0,19.28
417.131,0.4185,3.85,100.0,0.0,19.28
417.278,0.4185,3.85,100.0,0.0,19.31
417.425,0.4185,3.853,100.0,0.0,19.31
417.572,0.4185,3.856,100.0,0.0,19.3
417.719,0.4185,3.862,100.0,0.0,19.3
417.866,0.4185,3.862,100.0,0.0,19.29
418.013,0.4185,3.866,100.0,0.0,19.29
418.159,0.4185,3.869,100.0,0.0,19.25
418.306,0.4185,3.872,100.0,0.0,19.25
418.463,0.4185,3.872,100.0,0.0,19.14
418.61,0.4185,3.878,100.0,0.0,19.14
418.756,0.4185,3.881,100.0,0.0,19.15
418.903,0.4185,3.881,100.0,0.0,19.15
419.05,0.41289,3.884,100.0,0.0,19.17
419.197,0.41289,3.891,100.0,0.0,19.17
419.345,0.41289,3.894,100.0,0.0,19.26
419.491,0.41289,3.894,100.0,0.0,19.26
419.638,0.41289,3.897,100.0,0.0,19.25
419.785,0.41289,3.9,100.0,0.0,19.25
419.932,0.41925,3.9,100.0,0.0,19.29
420.079,0.41925,3.906,100.0,0.0,19.29
420.225,0.41925,3.909,100.0,0.0,19.32
420.373,0.41786,3.912,100.0,0.0,19.32
420.52,0.41786,3.912,100.0,0.0,19.27
420.667,0.41786,3.919,100.0,0.0,19.27
420.814,0.42264,3.922,100.0,0.0,19.31
420.962,0.42264,3.922,100.0,0.0,19.31
421.108,0.42264,3.925,100.0,0.0,19.3
421.255,0.42383,3.928,100.0,0.0,19.3
421.402,0.42383,3.934,100.0,0.0,19.29
421.549,0.42383,3.934,100.0,0.0,19.29
421.696,0.42383,3.937,100.0,0.0,19.25
421.842,0.42383,3.941,100.0,0.0,19.25
421.99,0.42383,3.941,100.0,0.0,19.21
422.136,0.42383,3.947,100.0,0.0,19.21
422.284,0.42383,3.95,100.0,0.0,19.25
422.43,0.42383,3.953,100.0,0.0,19.25
422.578,0.42383,3.953,100.0,0.0,19.18
422.724,0.42383,3.956,100.0,0.0,19.18
422.871,0.42383,3.963,100.0,0.0,19.23
423.018,0.42383,3.966,100.0,0.0,19.23
423.175,0.42383,3.966,100.0,0.0,19.19
423.321,0.41479,3.969,100.0,0.0,19.19
423.468,0.41479,3.975,100.0,0.0,19.19
423.616,0.41479,3.975,100.0,0.0,19.2
423.762,0.41479,3.978,100.0,0.0,19.2
423.909,0.41479,3.981,100.0,0.0,19.17
424.056,0.41479,3.984,100.0,0.0,19.17
424.203,0.41394,3.984,100.0,0.0,19.15
424.35,0.41394,3.991,100.0,0.0,19.15
424.497,0.41394,3.994,100.0,0.0,19.09
424.644,0.4165,3.994,100.0,0.0,19.09
424.791,0.4165,3.997,100.0,0.0,19.04
424.938,0.4165,4.003,100.0,0.0,19.04
425.085,0.41935,4.006,100.0,0.0,19.11
425.233,0.41935,4.006,100.0,0.0,19.11
425.379,0.41935,4.009,100.0,0.0,19.13
425.526,0.41432,4.013,100.0,0.0,19.13
425.673,0.41432,4.013,100.0,0.0,19.22
425.82,0.41432,4.019,100.0,0.0,19.22
425.967,0.41432,4.022,100.0,0.0,19.22
426.113,0.41432,4.025,100.0,0.0,19.22
426.261,0.41432,4.025,100.0,0.0,19.27
426.407,0.41432,4.031,100.0,0.0,19.27
426.555,0.41432,4.034,100.0,0.0,19.3
426.701,0.41432,4.034,100.0,0.0,19.3
426.849,0.41432,4.038,100.0,0.0,19.29
426.995,0.41432,4.041,100.0,0.0,19.29
427.143,0.41432,4.047,100.0,0.0,19.29
427.289,0.41432,4.047,100.0,0.0,19.29
427.435,0.41432,4.05,100.0,0.0,19.21
427.583,0.41387,4.053,100.0,0.0,19.21
427.73,0.41387,4.059,100.0,0.0,19.1
427.886,0.41387,4.059,100.0,0.0,19.1
428.032,0.41387,4.063,100.0,0.0,19.12
428.18,0.41387,4.066,100.0,0.0,19.12
428.326,0.41387,4.066,100.0,0.0,19.14
428.473,0.4115,4.069,100.0,0.0,19.14
428.62,0.4115,4.075,100.0,0.0,19.23
428.768,0.4115,4.078,100.0,0.0,19.23
428.914,0.4128,4.078,100.0,0.0,19.24
429.061,0.4128,4.081,100.0,0.0,19.24
429.208,0.4128,4.088,100.0,0.0,19.24
429.355,0.41579,4.088,100.0,0.0,19.24
429.502,0.41579,4.091,100.0,0.0,19.24
429.649,0.41579,4.094,100.0,0.0,19.24
429.797,0.4167,4.097,100.0,0.0,19.24
429.943,0.4167,4.097,100.0,0.0,19.2
430.091,0.4167,4.103,100.0,0.0,19.2
430.237,0.4167,4.106,100.0,0.0,19.17
430.385,0.4167,4.106,100.0,0.0,19.17
430.531,0.4167,4.109,100.0,0.0,19.11
430.677,0.4167,4.116,100.0,0.0,19.11
430.825,0.4167,4.119,100.0,0.0,19.13
430.972,0.4167,4.119,100.0,0.0,19.13
431.119,0.4167,4.122,100.0,0.0,19.07
431.265,0.4167,4.125,100.0,0.0,19.07
431.413,0.4167,4.125,100.0,0.0,19.14
431.559,0.4167,4.131,100.0,0.0,19.14
431.706,0.4167,4.134,100.0,0.0,19.19
431.853,0.41833,4.138,100.0,0.0,19.19
432.0,0.41833,4.138,100.0,0.0,19.16
432.147,0.41833,4.144,100.0,0.0,19.16
432.294,0.41833,4.147,100.0,0.0,19.18
432.441,0.41833,4.15,100.0,0.0,19.18
432.597,0.41833,4.15,100.0,0.0,19.19
432.744,0.41726,4.153,100.0,0.0,19.19
432.891,0.41726,4.159,100.0,0.0,19.2
433.038,0.41726,4.159,100.0,0.0,19.2
433.184,0.41665,4.163,100.0,0.0,19.13
433.332,0.41665,4.166,100.0,0.0,19.13
433.479,0.41665,4.172,100.0,0.0,19.15
433.626,0.41065,4.172,100.0,0.0,19.15
433.773,0.41065,4.175,100.0,0.0,19.09
433.92,0.41065,4.178,100.0,0.0,19.09
434.067,0.41529,4.178,100.0,0.0,19.07
434.214,0.41529,4.181,100.0,0.0,19.07
434.361,0.41529,4.188,100.0,0.0,19.1
434.508,0.41529,4.191,100.0,0.0,19.1
434.655,0.41529,4.191,100.0,0.0,19.12
434.801,0.41529,4.194,100.0,0.0,19.12
434.948,0.41529,4.2,100.0,0.0,19.14
435.096,0.41529,4.2,100.0,0.0,19.14
435.242,0.41529,4.203,100.0,0.0,19.16
435.389,0.41529,4.206,100.0,0.0,19.16
435.536,0.41529,4.209,100.0,0.0,19.1
435.684,0.41529,4.209,100.0,0.0,19.1
435.83,0.41529,4.216,100.0,0.0,19.16
435.977,0.41529,4.219,100.0,0.0,19.16
436.124,0.41937,4.219,100.0,0.0,19.16
436.27,0.41937,4.222,100.0,0.0,19.21
436.418,0.41937,4.228,100.0,0.0,19.21
436.564,0.41937,4.231,100.0,0.0,19.22
436.712,0.41937,4.231,100.0,0.0,19.22
436.858,0.41937,4.234,100.0,0.0,19.15
437.006,0.42239,4.238,100.0,0.0,19.15
437.153,0.42239,4.244,100.0,0.0,19.24
437.309,0.42239,4.244,100.0,0.0,19.24
437.455,0.42091,4.247,100.0,0.0,19.24
437.603,0.42091,4.25,100.0,0.0,19.24
437.749,0.42091,4.25,100.0,0.0,19.24
437.896,0.42035,4.256,100.0,0.0,19.24
438.043,0.42035,4.259,100.0,0.0,19.24
438.19,0.42035,4.263,100.0,0.0,19.24
438.337,0.41787,4.263,100.0,0.0,19.28
438.484,0.41787,4.266,100.0,0.0,19.28
438.631,0.41787,4.272,100.0,0.0,19.24
438.778,0.41787,4.272,100.0,0.0,19.24
438.925,0.41787,4.275,100.0,0.0,19.24
439.072,0.41787,4.278,100.0,0.0,19.24
439.219,0.41787,4.284,100.0,0.0,19.24
439.366,0.41787,4.284,100.0,0.0,19.24
439.512,0.41787,4.288,100.0,0.0,19.24
439.66,0.41787,4.291,100.0,0.0,19.24
439.806,0.41787,4.291,100.0,0.0,19.28
439.953,0.41787,4.294,100.0,0.0,19.28
440.1,0.41787,4.3,100.0,0.0,19.31
440.247,0.41787,4.303,100.0,0.0,19.31
440.394,0.41787,4.303,100.0,0.0,19.27
440.541,0.41787,4.306,100.0,0.0,19.27
440.688,0.41787,4.313,100.0,0.0,19.34
440.834,0.41787,4.313,100.0,0.0,19.34
440.982,0.41787,4.316,100.0,0.0,19.33
441.128,0.41787,4.319,100.0,0.0,19.33
441.276,0.41929,4.322,100.0,0.0,19.35
441.423,0.41929,4.322,100.0,0.0,19.35
441.57,0.41929,4.328,100.0,0.0,19.34
441.716,0.41894,4.331,100.0,0.0,19.34
441.864,0.41894,4.334,100.0,0.0,19.29
442.02,0.41894,4.334,100.0,0.0,19.29
442.167,0.41596,4.341,100.0,0.0,19.28
442.314,0.41596,4.344,100.0,0.0,19.28
442.462,0.41596,4.344,100.0,0.0,19.28
442.608,0.41706,4.347,100.0,0.0,19.28
442.755,0.41706,4.35,100.0,0.0,19.28
442.902,0.41706,4.356,100.0,0.0,19.31
443.049,0.41706,4.356,100.0,0.0,19.31
443.196,0.41706,4.359,100.0,0.0,19.34
443.342,0.41706,4.363,100.0,0.0,19.34
443.49,0.41706,4.363,100.0,0.0,19.36
443.636,0.41706,4.369,100.0,0.0,19.36
443.784,0.41706,4.372,100.0,0.0,19.35
443.93,0.41706,4.375,100.0,0.0,19.35
444.077,0.41706,4.375,100.0,0.0,19.33
444.224,0.41543,4.378,100.0,0.0,19.33
444.371,0.41543,4.384,100.0,0.0,19.32
444.519,0.41543,4.384,100.0,0.0,19.32
444.665,0.41159,4.388,100.0,0.0,19.31
444.813,0.41159,4.391,100.0,0.0,19.31
444.959,0.41159,4.397,100.0,0.0,19.34
445.107,0.41159,4.397,100.0,0.0,19.34
445.253,0.41159,4.4,100.0,0.0,19.32
445.399,0.41159,4.403,100.0,0.0,19.32
445.547,0.41584,4.403,100.0,0.0,19.35
445.694,0.41584,4.406,100.0,0.0,19.35
445.841,0.41584,4.413,100.0,0.0,19.37
445.988,0.41669,4.416,100.0,0.0,19.37
446.136,0.41669,4.416,100.0,0.0,19.35
446.282,0.41669,4.419,100.0,0.0,19.35
446.429,0.4129,4.425,100.0,0.0,19.34
446.576,0.4129,4.428,100.0,0.0,19.34
446.732,0.4129,4.428,100.0,0.0,19.33
446.878,0.41966,4.431,100.0,0.0,19.33
447.026,0.41966,4.434,100.0,0.0,19.31
447.172,0.41966,4.434,100.0,0.0,19.31
447.319,0.41966,4.441,100.0,0.0,19.34
447.466,0.41966,4.444,100.0,0.0,19.34
447.613,0.41966,4.447,100.0,0.0,19.37
447.76,0.41966,4.447,100.0,0.0,19.37
447.907,0.41966,4.453,100.0,0.0,19.31
448.054,0.41966,4.456,100.0,0.0,19.31
448.201,0.41966,4.456,100.0,0.0,19.26
448.348,0.41966,4.459,100.0,0.0,19.26
448.494,0.4117,4.463,100.0,0.0,19.3
448.641,0.4117,4.469,100.0,0.0,19.3
448.789,0.4117,4.469,100.0,0.0,19.29
448.935,0.41261,4.472,100.0,0.0,19.29
449.083,0.41261,4.475,100.0,0.0,19.29
449.229,0.41261,4.475,100.0,0.0,19.21
449.377,0.41261,4.481,100.0,0.0,19.21
449.523,0.41261,4.484,100.0,0.0,19.18
449.671,0.41261,4.488,100.0,0.0,19.18
449.817,0.41483,4.488,100.0,0.0,19.15
449.964,0.41483,4.491,100.0,0.0,19.15
450.111,0.41483,4.497,100.0,0.0,19.13
450.258,0.41839,4.497,100.0,0.0,19.13
450.405,0.41839,4.5,100.0,0.0,19.07
450.552,0.41839,4.503,100.0,0.0,19.07
450.7,0.4197,4.509,100.0,0.0,19.02
450.847,0.4197,4.509,100.0,0.0,19.02
450.994,0.4197,4.513,100.0,0.0,19.1
451.14,0.41651,4.516,100.0,0.0,19.1
451.287,0.41651,4.519,100.0,0.0,19.16
451.443,0.41651,4.519,100.0,0.0,19.16
451.589,0.41651,4.525,100.0,0.0,19.21
451.736,0.41651,4.528,100.0,0.0,19.21
451.883,0.41651,4.528,100.0,0.0,19.21
452.03,0.41651,4.531,100.0,0.0,19.21
452.177,0.41651,4.538,100.0,0.0,19.26
452.324,0.41651,4.541,100.0,0.0,19.26
452.471,0.41651,4.541,100.0,0.0,19.22
452.618,0.41651,4.544,100.0,0.0,19.22
452.765,0.41663,4.547,100.0,0.0,19.19
452.913,0.41663,4.547,100.0,0.0,19.19
453.059,0.41663,4.553,100.0,0.0,19.12
453.205,0.41821,4.556,100.0,0.0,19.12
453.353,0.41821,4.559,100.0,0.0,19.14
453.5,0.41821,4.559,100.0,0.0,19.14
453.647,0.41821,4.566,100.0,0.0,19.19
453.793,0.41821,4.569,100.0,0.0,19.19
453.941,0.41821,4.569,100.0,0.0,19.2
454.087,0.41251,4.572,100.0,0.0,19.2
454.234,0.41251,4.575,100.0,0.0,19.13
454.382,0.41251,4.581,100.0,0.0,19.13
454.528,0.4203,4.581,100.0,0.0,19.11
454.676,0.4203,4.584,100.0,0.0,19.11
454.822,0.4203,4.588,100.0,0.0,19.13
454.97,0.41922,4.588,100.0,0.0,19.13
455.116,0.41922,4.594,100.0,0.0,19.15
455.264,0.41922,4.597,100.0,0.0,19.15
455.411,0.42081,4.6,100.0,0.0,19.15
455.557,0.42081,4.6,100.0,0.0,19.17
455.705,0.42081,4.603,100.0,0.0,19.17
455.851,0.42081,4.609,100.0,0.0,19.18
455.999,0.42081,4.613,100.0,0.0,19.18
456.154,0.42081,4.613,100.0,0.0,19.19
456.301,0.42081,4.616,100.0,0.0,19.19
456.448,0.42081,4.622,100.0,0.0,19.2
456.596,0.4274,4.622,100.0,0.0,19.2
456.742,0.4274,4.625,100.0,0.0,19.24
456.89,0.4274,4.628,100.0,0.0,19.24
457.036,0.4274,4.631,100.0,0.0,19.28
457.184,0.4274,4.631,100.0,0.0,19.28
457.33,0.4274,4.638,100.0,0.0,19.28
457.476,0.42245,4.641,100.0,0.0,19.28
457.624,0.42245,4.641,100.0,0.0,19.27
457.77,0.42245,4.644,100.0,0.0,19.27
457.918,0.42245,4.65,100.0,0.0,19.27
458.065,0.42245,4.653,100.0,0.0,19.27
458.212,0.42245,4.653,100.0,0.0,19.27
458.358,0.41649,4.656,100.0,0.0,19.27
458.506,0.41649,4.659,100.0,0.0,19.3
458.653,0.41649,4.659,100.0,0.0,19.3
458.799,0.41317,4.666,100.0,0.0,19.29
458.947,0.41317,4.669,100.0,0.0,19.29
459.093,0.41317,4.672,100.0,0.0,19.21
459.241,0.41432,4.672,100.0,0.0,19.21
459.388,0.41432,4.678,100.0,0.0,19.14
459.535,0.41432,4.681,100.0,0.0,19.14
459.682,0.41618,4.681,100.0,0.0,19.2
459.829,0.41618,4.684,100.0,0.0,19.2
459.976,0.41618,4.688,100.0,0.0,19.24
460.122,0.41618,4.694,100.0,0.0,19.24
460.27,0.41618,4.694,100.0,0.0,19.21
460.416,0.41618,4.697,100.0,0.0,19.21
460.564,0.41618,4.7,100.0,0.0,19.25
460.71,0.41618,4.706,100.0,0.0,19.25
460.866,0.41649,4.706,100.0,0.0,19.25
461.013,0.41649,4.709,100.0,0.0,19.25
461.16,0.41649,4.713,100.0,0.0,19.25
461.307,0.41649,4.713,100.0,0.0,19.25
461.454,0.41649,4.716,100.0,0.0,19.29
461.601,0.41649,4.722,100.0,0.0,19.29
461.748,0.41966,4.725,100.0,0.0,19.17
461.895,0.41966,4.725,100.0,0.0,19.17
462.041,0.41966,4.728,100.0,0.0,19.17
462.189,0.41966,4.734,100.0,0.0,19.14
462.335,0.41966,4.734,100.0,0.0,19.14
462.482,0.41966,4.738,100.0,0.0,19.12
462.629,0.41546,4.741,100.0,0.0,19.12
462.777,0.41546,4.744,100.0,0.0,19.14
462.924,0.41546,4.744,100.0,0.0,19.14
463.071,0.4136,4.75,100.0,0.0,19.2
463.218,0.4136,4.753,100.0,0.0,19.2
463.364,0.4136,4.753,100.0,0.0,19.28
463.511,0.41472,4.756,100.0,0.0,19.28
463.658,0.41472,4.763,100.0,0.0,19.27
463.806,0.41472,4.766,100.0,0.0,19.27
463.952,0.41098,4.766,100.0,0.0,19.2
464.1,0.41098,4.769,100.0,0.0,19.2
464.246,0.41098,4.772,100.0,0.0,19.13
464.394,0.41098,4.772,100.0,0.0,19.13
464.54,0.41098,4.778,100.0,0.0,19.18
464.687,0.41098,4.781,100.0,0.0,19.18
464.834,0.41098,4.784,100.0,0.0,19.16
464.981,0.41098,4.784,100.0,0.0,19.16
465.128,0.41703,4.791,100.0,0.0,19.21
465.275,0.41703,4.794,100.0,0.0,19.21
465.422,0.41703,4.797,100.0,0.0,19.29
465.577,0.41703,4.797,100.0,0.0,19.29
465.724,0.41703,4.8,100.0,0.0,19.25
465.871,0.41703,4.806,100.0,0.0,19.25
466.019,0.41995,4.806,100.0,0.0,19.28
466.165,0.41995,4.809,100.0,0.0,19.28
466.313,0.41995,4.813,100.0,0.0,19.32
466.459,0.41995,4.819,100.0,0.0,19.32
466.606,0.41995,4.819,100.0,0.0,19.31
466.753,0.41995,4.822,100.0,0.0,19.31
466.9,0.41989,4.825,100.0,0.0,19.3
467.047,0.41989,4.825,100.0,0.0,19.3
467.194,0.41989,4.828,100.0,0.0,19.25
467.341,0.41949,4.834,100.0,0.0,19.25
467.488,0.41949,4.838,100.0,0.0,19.29
467.636,0.41949,4.838,100.0,0.0,19.29
467.782,0.41859,4.841,100.0,0.0,19.25
467.929,0.41859,4.847,100.0,0.0,19.25
468.076,0.41859,4.847,100.0,0.0,19.21
468.222,0.41922,4.85,100.0,0.0,19.21
468.37,0.41922,4.853,100.0,0.0,19.21
468.517,0.41922,4.856,100.0,0.0,19.22
468.664,0.41922,4.856,100.0,0.0,19.22
468.811,0.41922,4.863,100.0,0.0,19.22
468.958,0.41922,4.866,100.0,0.0,19.22
469.105,0.41922,4.866,100.0,0.0,19.19
469.251,0.41922,4.869,100.0,0.0,19.19
469.398,0.41262,4.875,100.0,0.0,19.12
469.545,0.41262,4.878,100.0,0.0,19.12
469.693,0.41262,4.878,100.0,0.0,19.1
469.839,0.41262,4.881,100.0,0.0,19.1
469.987,0.41262,4.884,100.0,0.0,19.09
470.133,0.41262,4.891,100.0,0.0,19.09
470.29,0.41623,4.891,100.0,0.0,19.11
470.436,0.41623,4.894,100.0,0.0,19.11
470.584,0.41623,4.897,100.0,0.0,19.13
470.731,0.41623,4.897,100.0,0.0,19.13
470.878,0.41623,4.903,100.0,0.0,19.15
471.024,0.41623,4.906,100.0,0.0,19.15
471.171,0.41419,4.909,100.0,0.0,19.17
471.319,0.41419,4.909,100.0,0.0,19.17
471.465,0.41419,4.913,100.0,0.0,19.18
471.612,0.4183,4.919,100.0,0.0,19.18
471.759,0.4183,4.919,100.0,0.0,19.23
471.906,0.4183,4.922,100.0,0.0,19.23
472.053,0.41851,4.925,100.0,0.0,19.27
472.201,0.41851,4.931,100.0,0.0,19.27
472.348,0.41851,4.931,100.0,0.0,19.26
472.494,0.41966,4.934,100.0,0.0,19.26
472.642,0.41966,4.938,100.0,0.0,19.26
472.788,0.41966,4.938,100.0,0.0,19.26
472.935,0.41966,4.941,100.0,0.0,19.3
473.082,0.41966,4.947,100.0,0.0,19.3
473.229,0.41966,4.95,100.0,0.0,19.33
473.376,0.41966,4.95,100.0,0.0,19.33
473.523,0.41966,4.953,100.0,0.0,19.32
473.67,0.41763,4.959,100.0,0.0,19.32
473.817,0.41763,4.959,100.0,0.0,19.23
473.964,0.41763,4.963,100.0,0.0,19.23
474.11,0.41763,4.966,100.0,0.0,19.2
474.258,0.41763,4.969,100.0,0.0,19.2
474.405,0.41763,4.969,100.0,0.0,19.2
474.552,0.41437,4.975,100.0,0.0,19.2
474.699,0.41437,4.978,100.0,0.0,19.2
474.846,0.41437,4.981,100.0,0.0,19.21
475.001,0.41437,4.981,100.0,0.0,19.21
475.148,0.41437,4.988,100.0,0.0,19.22
475.295,0.41437,4.991,100.0,0.0,19.22
475.442,0.41746,4.991,100.0,0.0,19.18
475.589,0.41746,4.994,100.0,0.0,19.18
475.735,0.41746,4.997,100.0,0.0,19.19
475.883,0.4169,5.003,100.0,0.0,19.19
476.03,0.4169,5.003,100.0,0.0,19.24
476.177,0.4169,5.006,100.0,0.0,19.24
476.324,0.41819,5.009,100.0,0.0,19.24
476.472,0.41819,5.009,100.0,0.0,19.24
476.618,0.41819,5.016,100.0,0.0,19.24
476.765,0.41498,5.019,100.0,0.0,19.24
476.912,0.41498,5.022,100.0,0.0,19.24
477.059,0.41498,5.022,100.0,0.0,19.24
477.206,0.41498,5.025,100.0,0.0,19.21
477.352,0.41498,5.031,100.0,0.0,19.21
477.5,0.42113,5.031,100.0,0.0,19.18
477.646,0.42113,5.034,100.0,0.0,19.18
477.794,0.42113,5.038,100.0,0.0,19.22
477.941,0.42113,5.044,100.0,0.0,19.22
478.088,0.42113,5.044,100.0,0.0,19.19
478.234,0.42113,5.047,100.0,0.0,19.19
478.381,0.42113,5.05,100.0,0.0,19.28
478.529,0.42113,5.05,100.0,0.0,19.28
478.675,0.42113,5.053,100.0,0.0,19.27
478.822,0.41995,5.059,100.0,0.0,19.27
478.969,0.41995,5.063,100.0,0.0,19.19
479.117,0.41995,5.063,100.0,0.0,19.19
479.263,0.41995,5.066,100.0,0.0,19.2
479.41,0.41995,5.072,100.0,0.0,19.2
479.557,0.41995,5.075,100.0,0.0,19.21
479.713,0.41584,5.075,100.0,0.0,19.21
479.86,0.41584,5.078,100.0,0.0,19.29
480.007,0.41584,5.081,100.0,0.0,19.29
480.154,0.41565,5.081,100.0,0.0,19.21
480.3,0.41565,5.088,100.0,0.0,19.21
480.448,0.41565,5.091,100.0,0.0,19.22
480.594,0.41446,5.094,100.0,0.0,19.22
480.742,0.41446,5.094,100.0,0.0,19.3
480.888,0.41689,5.1,100.0,0.0,19.3
481.042,0.41689,5.103,100.0,0.0,19.29
481.189,0.41689,5.103,100.0,0.0,19.29
481.336,0.41689,5.106,100.0,0.0,19.28
481.482,0.41689,5.109,100.0,0.0,19.28
481.63,0.41689,5.116,100.0,0.0,19.28
481.777,0.42032,5.116,100.0,0.0,19.24
481.923,0.42032,5.119,100.0,0.0,19.24
482.071,0.42032,5.122,100.0,0.0,19.28
482.217,0.42032,5.122,100.0,0.0,19.28
482.364,0.42032,5.128,100.0,0.0,19.27
482.511,0.42032,5.131,100.0,0.0,19.27
482.659,0.42032,5.134,100.0,0.0,19.23
482.805,0.42032,5.134,100.0,0.0,19.23
482.952,0.42032,5.138,100.0,0.0,19.2
483.099,0.42133,5.144,100.0,0.0,19.2
483.246,0.42133,5.147,100.0,0.0,19.24
483.4,0.42133,5.147,100.0,0.0,19.24
483.548,0.42133,5.15,100.0,0.0,19.24
483.694,0.42133,5.156,100.0,0.0,19.24
483.841,0.42133,5.156,100.0,0.0,19.25
483.988,0.41892,5.159,100.0,0.0,19.25
484.135,0.41892,5.163,100.0,0.0,19.25
484.282,0.41892,5.166,100.0,0.0,19.25
484.429,0.41796,5.166,100.0,0.0,19.25
484.576,0.41796,5.172,100.0,0.0,19.25
484.723,0.41796,5.175,100.0,0.0,19.25
484.871,0.41565,5.175,100.0,0.0,19.25
485.017,0.41565,5.178,100.0,0.0,19.21
485.164,0.41436,5.184,100.0,0.0,19.21
485.311,0.41436,5.188,100.0,0.0,19.25
485.458,0.41436,5.188,100.0,0.0,19.25
485.605,0.41436,5.191,100.0,0.0,19.25
485.752,0.41436,5.194,100.0,0.0,19.25
485.899,0.41436,5.194,100.0,0.0,19.22
486.046,0.41436,5.2,100.0,0.0,19.22
486.193,0.41436,5.203,100.0,0.0,19.26
486.34,0.41436,5.206,100.0,0.0,19.26
486.486,0.41436,5.206,100.0,0.0,19.26
486.633,0.41436,5.213,100.0,0.0,19.26
486.78,0.41436,5.216,100.0,0.0,19.26
486.928,0.41436,5.216,100.0,0.0,19.26
487.074,0.41436,5.219,100.0,0.0,19.25
487.221,0.41436,5.222,100.0,0.0,19.25
487.368,0.41786,5.228,100.0,0.0,19.22
487.516,0.41786,5.228,100.0,0.0,19.22
487.662,0.41786,5.231,100.0,0.0,19.22
487.808,0.41786,5.234,100.0,0.0,19.22
487.956,0.41786,5.241,100.0,0.0,19.22
488.111,0.41786,5.241,100.0,0.0,19.23
488.259,0.41473,5.244,100.0,0.0,19.23
488.406,0.41473,5.247,100.0,0.0,19.23
488.553,0.41473,5.247,100.0,0.0,19.23
488.699,0.41197,5.25,100.0,0.0,19.23
488.847,0.41197,5.256,100.0,0.0,19.23
488.994,0.41375,5.259,100.0,0.0,19.24
489.148,0.41375,5.259,100.0,0.0,19.24
489.295,0.41375,5.263,100.0,0.0,19.24
489.442,0.41375,5.269,100.0,0.0,19.24
489.589,0.41375,5.269,100.0,0.0,19.24
489.736,0.41375,5.272,100.0,0.0,19.24
489.882,0.41375,5.275,100.0,0.0,19.24
490.029,0.41375,5.278,100.0,0.0,19.24
490.177,0.41375,5.278,100.0,0.0,19.24
490.323,0.41375,5.284,100.0,0.0,19.24
490.47,0.41375,5.288,100.0,0.0,19.28
490.617,0.41375,5.288,100.0,0.0,19.28
490.764,0.41375,5.291,100.0,0.0,19.28
490.911,0.41375,5.297,100.0,0.0,19.28
491.058,0.41375,5.3,100.0,0.0,19.31
491.205,0.418,5.3,100.0,0.0,19.31
491.351,0.418,5.303,100.0,0.0,19.34
491.499,0.418,5.306,100.0,0.0,19.34
491.645,0.418,5.313,100.0,0.0,19.33
491.799,0.418,5.313,100.0,0.0,19.33
491.945,0.418,5.316,100.0,0.0,19.35
492.093,0.42012,5.319,100.0,0.0,19.35
492.24,0.42012,5.319,100.0,0.0,19.34
492.387,0.42012,5.325,100.0,0.0,19.34
492.534,0.41822,5.328,100.0,0.0,19.32
492.681,0.41822,5.331,100.0,0.0,19.32
492.828,0.41822,5.331,100.0,0.0,19.31
492.974,0.4146,5.334,100.0,0.0,19.31
493.122,0.4146,5.341,100.0,0.0,19.3
493.269,0.4146,5.341,100.0,0.0,19.3
493.416,0.4146,5.344,100.0,0.0,19.29
493.562,0.4146,5.347,100.0,0.0,19.29
493.71,0.41381,5.353,100.0,0.0,19.25
493.857,0.41381,5.353,100.0,0.0,19.25
494.004,0.41381,5.356,100.0,0.0,19.21
494.151,0.41381,5.359,100.0,0.0,19.21
494.297,0.41381,5.359,100.0,0.0,19.14
494.444,0.41381,5.363,100.0,0.0,19.14
494.591,0.41381,5.369,100.0,0.0,19.14
494.738,0.41381,5.372,100.0,0.0,19.16
494.885,0.41381,5.372,100.0,0.0,19.16
495.032,0.41381,5.375,100.0,0.0,19.17
495.179,0.41381,5.381,100.0,0.0,19.17
495.326,0.41381,5.381,100.0,0.0,19.22
495.472,0.41315,5.384,100.0,0.0,19.22
495.619,0.41315,5.388,100.0,0.0,19.23
495.767,0.41315,5.391,100.0,0.0,19.23
495.914,0.41315,5.391,100.0,0.0,19.23
496.061,0.41315,5.397,100.0,0.0,19.23
496.207,0.41315,5.4,100.0,0.0,19.2
496.355,0.41407,5.403,100.0,0.0,19.2
496.511,0.41407,5.403,100.0,0.0,19.09
496.658,0.41407,5.409,100.0,0.0,19.09
496.804,0.4152,5.413,100.0,0.0,19.08
496.952,0.4152,5.413,100.0,0.0,19.08
497.098,0.4152,5.416,100.0,0.0,19.07
497.246,0.4152,5.419,100.0,0.0,19.07
497.393,0.4152,5.425,100.0,0.0,19.13
497.539,0.4152,5.425,100.0,0.0,19.13
497.686,0.4152,5.428,100.0,0.0,19.19
497.833,0.4152,5.431,100.0,0.0,19.19
497.98,0.4152,5.431,100.0,0.0,19.2
498.127,0.4152,5.438,100.0,0.0,19.2
498.274,0.4152,5.441,100.0,0.0,19.2
498.421,0.4152,5.444,100.0,0.0,19.2
498.568,0.4152,5.444,100.0,0.0,19.25
498.715,0.4152,5.447,100.0,0.0,19.25
498.861,0.4152,5.453,100.0,0.0,19.25
499.009,0.4152,5.453,100.0,0.0,19.25
499.155,0.4152,5.456,100.0,0.0,19.17
499.302,0.41268,5.459,100.0,0.0,19.17
499.449,0.41268,5.466,100.0,0.0,19.22
499.597,0.41268,5.466,100.0,0.0,19.22
499.743,0.41268,5.469,100.0,0.0,19.26
499.891,0.41268,5.472,100.0,0.0,19.26
500.037,0.41268,5.472,100.0,0.0,19.26
500.183,0.41378,5.475,100.0,0.0,19.26
500.331,0.41378,5.481,100.0,0.0,19.26
500.478,0.41378,5.484,100.0,0.0,19.26
500.625,0.41416,5.484,100.0,0.0,19.26
500.772,0.41416,5.488,100.0,0.0,19.26
500.919,0.41416,5.494,100.0,0.0,19.26
501.066,0.41416,5.497,100.0,0.0,19.14
501.223,0.41416,5.497,100.0,0.0,19.14
501.369,0.41416,5.5,100.0,0.0,19.2
501.516,0.41416,5.503,100.0,0.0,19.2
501.663,0.41416,5.503,100.0,0.0,19.21
501.81,0.41416,5.509,100.0,0.0,19.21
501.957,0.41416,5.513,100.0,0.0,19.25
502.103,0.41416,5.516,100.0,0.0,19.25
502.251,0.41416,5.516,100.0,0.0,19.29
502.397,0.41416,5.522,100.0,0.0,19.29
502.545,0.41416,5.525,100.0,0.0,19.32
502.691,0.41818,5.525,100.0,0.0,19.32
502.839,0.41818,5.528,100.0,0.0,19.35
502.985,0.41818,5.531,100.0,0.0,19.35
503.133,0.41818,5.538,100.0,0.0,19.37
503.279,0.41818,5.538,100.0,0.0,19.37
503.426,0.41818,5.541,100.0,0.0,19.35
503.573,0.41872,5.544,100.0,0.0,19.35
503.72,0.41872,5.544,100.0,0.0,19.34
503.867,0.41872,5.55,100.0,0.0,19.34
504.014,0.40925,5.553,100.0,0.0,19.36
504.162,0.40925,5.556,100.0,0.0,19.36
504.308,0.40925,5.556,100.0,0.0,19.31
504.455,0.41347,5.559,100.0,0.0,19.31
504.602,0.41347,5.566,100.0,0.0,19.37
504.749,0.41347,5.566,100.0,0.0,19.37
504.896,0.41347,5.569,100.0,0.0,19.39
505.043,0.41347,5.572,100.0,0.0,19.39
505.19,0.41347,5.578,100.0,0.0,19.37
505.337,0.41347,5.578,100.0,0.0,19.37
505.484,0.41347,5.581,100.0,0.0,19.39
505.63,0.41347,5.584,100.0,0.0,19.39
505.778,0.41347,5.588,100.0,0.0,19.37
505.934,0.41347,5.588,100.0,0.0,19.37
506.081,0.41347,5.594,100.0,0.0,19.35
506.227,0.41347,5.597,100.0,0.0,19.35
506.375,0.41347,5.597,100.0,0.0,19.34
506.521,0.41471,5.6,100.0,0.0,19.34
506.668,0.41471,5.606,100.0,0.0,19.32
506.816,0.41471,5.609,100.0,0.0,19.32
506.962,0.41471,5.609,100.0,0.0,19.31
507.109,0.41471,5.613,100.0,0.0,19.31
507.256,0.41471,5.616,100.0,0.0,19.3
507.403,0.41601,5.616,100.0,0.0,19.3
507.55,0.41601,5.622,100.0,0.0,19.3
507.697,0.41601,5.625,100.0,0.0,19.29
507.844,0.4172,5.628,100.0,0.0,19.29
507.991,0.4172,5.628,100.0,0.0,19.33
508.138,0.4172,5.634,100.0,0.0,19.33
508.285,0.41508,5.638,100.0,0.0,19.28
508.433,0.41508,5.638,100.0,0.0,19.28
508.579,0.41508,5.641,100.0,0.0,19.2
508.726,0.41508,5.644,100.0,0.0,19.2
508.873,0.41508,5.65,100.0,0.0,19.21
509.02,0.41508,5.65,100.0,0.0,19.21
509.167,0.41508,5.653,100.0,0.0,19.25
509.313,0.41508,5.656,100.0,0.0,19.25
509.461,0.41508,5.656,100.0,0.0,19.29
509.607,0.41508,5.663,100.0,0.0,19.29
509.754,0.41508,5.666,100.0,0.0,19.36
509.901,0.41508,5.669,100.0,0.0,19.36
510.049,0.41508,5.669,100.0,0.0,19.34
510.195,0.41508,5.672,100.0,0.0,19.34
510.341,0.41508,5.678,100.0,0.0,19.25
510.489,0.41508,5.681,100.0,0.0,19.25
510.646,0.41508,5.681,100.0,0.0,19.25
510.792,0.41508,5.684,100.0,0.0,19.25
510.938,0.41508,5.691,100.0,0.0,19.25
511.086,0.41508,5.691,100.0,0.0,19.25
511.232,0.41391,5.694,100.0,0.0,19.25
511.38,0.41391,5.697,100.0,0.0,19.25
511.527,0.41391,5.7,100.0,0.0,19.21
511.674,0.41576,5.7,100.0,0.0,19.21
511.821,0.41576,5.706,100.0,0.0,19.14
511.968,0.41576,5.709,100.0,0.0,19.14
512.115,0.41668,5.709,100.0,0.0,19.16
512.261,0.41668,5.713,100.0,0.0,19.16
512.409,0.41668,5.719,100.0,0.0,19.21
512.555,0.41668,5.722,100.0,0.0,19.21
512.703,0.41668,5.722,100.0,0.0,19.25
512.849,0.41668,5.725,100.0,0.0,19.25
512.997,0.41668,5.728,100.0,0.0,19.33
513.143,0.41668,5.728,100.0,0.0,19.33
513.29,0.41668,5.734,100.0,0.0,19.32
513.437,0.41668,5.738,100.0,0.0,19.32
513.585,0.41668,5.741,100.0,0.0,19.34
513.731,0.41668,5.741,100.0,0.0,19.34
513.877,0.41668,5.747,100.0,0.0,19.34
514.025,0.41668,5.75,100.0,0.0,19.29
514.171,0.41668,5.75,100.0,0.0,19.29
514.319,0.41668,5.753,100.0,0.0,19.29
514.465,0.41668,5.756,100.0,0.0,19.29
514.613,0.41632,5.763,100.0,0.0,19.28
514.76,0.41632,5.763,100.0,0.0,19.28
514.906,0.41632,5.766,100.0,0.0,19.31
515.053,0.41521,5.769,100.0,0.0,19.31
515.2,0.41521,5.775,100.0,0.0,19.34
515.357,0.41521,5.775,100.0,0.0,19.34
515.503,0.41135,5.778,100.0,0.0,19.29
515.651,0.41135,5.781,100.0,0.0,19.29
515.798,0.41135,5.781,100.0,0.0,19.32
515.945,0.41135,5.784,100.0,0.0,19.32
516.091,0.41135,5.791,100.0,0.0,19.35
516.239,0.41135,5.794,100.0,0.0,19.35
516.386,0.41135,5.794,100.0,0.0,19.33
516.533,0.41135,5.797,100.0,0.0,19.33
516.679,0.41135,5.803,100.0,0.0,19.36
516.826,0.41633,5.803,100.0,0.0,19.36
516.973,0.41633,5.806,100.0,0.0,19.34
517.12,0.41633,5.809,100.0,0.0,19.34
517.268,0.41633,5.813,100.0,0.0,19.4
517.414,0.41633,5.813,100.0,0.0,19.4
517.561,0.41633,5.819,100.0,0.0,19.42
517.708,0.41633,5.822,100.0,0.0,19.42
517.855,0.41633,5.822,100.0,0.0,19.36
518.002,0.41633,5.825,100.0,0.0,19.36
518.148,0.41633,5.831,100.0,0.0,19.3
518.296,0.41633,5.834,100.0,0.0,19.3
518.442,0.41975,5.834,100.0,0.0,19.29
518.59,0.41975,5.838,100.0,0.0,19.29
518.736,0.41975,5.841,100.0,0.0,19.25
518.884,0.41737,5.841,100.0,0.0,19.25
519.03,0.41737,5.847,100.0,0.0,19.25
519.178,0.41737,5.85,100.0,0.0,19.25
519.325,0.41889,5.853,100.0,0.0,19.21
519.471,0.41889,5.853,100.0,0.0,19.21
519.619,0.41889,5.859,100.0,0.0,19.22
519.765,0.41889,5.863,100.0,0.0,19.22
519.913,0.41889,5.866,100.0,0.0,19.15
520.068,0.41889,5.866,100.0,0.0,19.15
520.215,0.41889,5.869,100.0,0.0,19.16
520.362,0.41889,5.875,100.0,0.0,19.16
520.509,0.41889,5.875,100.0,0.0,19.16
520.655,0.41152,5.878,100.0,0.0,19.18
520.803,0.41152,5.881,100.0,0.0,19.18
520.95,0.41152,5.888,100.0,0.0,19.11
521.098,0.41152,5.888,100.0,0.0,19.11
521.244,0.41152,5.891,100.0,0.0,19.1
521.39,0.41152,5.894,100.0,0.0,19.1
521.538,0.41152,5.894,100.0,0.0,19.12
521.684,0.41152,5.897,100.0,0.0,19.12
521.832,0.41152,5.903,100.0,0.0,19.14
521.978,0.41152,5.906,100.0,0.0,19.14
522.126,0.41152,5.906,100.0,0.0,19.16
522.272,0.41434,5.909,100.0,0.0,19.16
522.428,0.41434,5.916,100.0,0.0,19.17
522.574,0.41434,5.916,100.0,0.0,19.17
522.721,0.41434,5.919,100.0,0.0,19.18
522.868,0.41434,5.922,100.0,0.0,19.18
523.015,0.41434,5.925,100.0,0.0,19.19
523.162,0.41434,5.925,100.0,0.0,19.19
523.308,0.41434,5.931,100.0,0.0,19.2
523.456,0.41434,5.934,100.0,0.0,19.2
523.602,0.41434,5.938,100.0,0.0,19.21
523.756,0.41434,5.938,100.0,0.0,19.21
523.902,0.41434,5.944,100.0,0.0,19.21
524.049,0.41434,5.947,100.0,0.0,19.21
524.196,0.41434,5.947,100.0,0.0,19.22
524.343,0.41434,5.95,100.0,0.0,19.22
524.49,0.41194,5.953,100.0,0.0,19.26
524.638,0.41194,5.959,100.0,0.0,19.26
524.784,0.41194,5.959,100.0,0.0,19.3
524.93,0.41194,5.963,100.0,0.0,19.3
525.078,0.41194,5.966,100.0,0.0,19.33
525.224,0.41194,5.966,100.0,0.0,19.33
525.372,0.41194,5.972,100.0,0.0,19.32
525.518,0.41194,5.975,100.0,0.0,19.32
525.666,0.41194,5.978,100.0,0.0,19.31
525.812,0.41194,5.978,100.0,0.0,19.31
525.959,0.41194,5.981,100.0,0.0,19.34
526.106,0.41194,5.988,100.0,0.0,19.34
526.253,0.41194,5.988,100.0,0.0,19.36
526.4,0.41194,5.991,100.0,0.0,19.36
526.546,0.41194,5.994,100.0,0.0,19.31
526.694,0.41194,6.0,100.0,0.0,19.31
526.841,0.41194,6.0,100.0,0.0,19.31
526.988,0.41194,6.003,100.0,0.0,19.3
527.134,0.41194,6.006,100.0,0.0,19.3
527.282,0.41194,6.006,100.0,0.0,19.29
527.428,0.41194,6.009,100.0,0.0,19.29
527.575,0.41194,6.016,100.0,0.0,19.28
527.722,0.41194,6.019,100.0,0.0,19.28
527.869,0.41705,6.019,100.0,0.0,19.24
528.016,0.41705,6.022,100.0,0.0,19.24
528.163,0.41705,6.028,100.0,0.0,19.21
528.31,0.41705,6.031,100.0,0.0,19.21
528.467,0.41705,6.031,100.0,0.0,19.14
528.614,0.41705,6.034,100.0,0.0,19.14
528.761,0.41705,6.038,100.0,0.0,19.19
528.908,0.41705,6.038,100.0,0.0,19.19
529.054,0.41705,6.044,100.0,0.0,19.24
529.202,0.41705,6.047,100.0,0.0,19.24
529.349,0.41705,6.05,100.0,0.0,19.24
529.495,0.41705,6.05,100.0,0.0,19.24
529.642,0.41705,6.056,100.0,0.0,19.24
529.789,0.41705,6.059,100.0,0.0,19.24
529.937,0.41705,6.059,100.0,0.0,19.28
530.083,0.41705,6.063,100.0,0.0,19.28
530.23,0.41705,6.066,100.0,0.0,19.31
530.377,0.41705,6.072,100.0,0.0,19.31
530.524,0.41705,6.072,100.0,0.0,19.3
530.671,0.41705,6.075,100.0,0.0,19.3
530.817,0.41441,6.078,100.0,0.0,19.3
530.965,0.41441,6.078,100.0,0.0,19.3
531.111,0.41441,6.084,100.0,0.0,19.25
531.259,0.41441,6.088,100.0,0.0,19.25
531.405,0.41441,6.091,100.0,0.0,19.21
531.553,0.41441,6.091,100.0,0.0,19.21
531.699,0.41307,6.094,100.0,0.0,19.22
531.847,0.41307,6.1,100.0,0.0,19.22
531.994,0.41307,6.1,100.0,0.0,19.3
532.14,0.41307,6.103,100.0,0.0,19.3
532.287,0.41307,6.106,100.0,0.0,19.33
532.434,0.41307,6.113,100.0,0.0,19.33
532.581,0.41307,6.113,100.0,0.0,19.32
532.728,0.41307,6.116,100.0,0.0,19.32
532.875,0.41307,6.119,100.0,0.0,19.31
533.022,0.41307,6.122,100.0,0.0,19.31
533.179,0.41307,6.122,100.0,0.0,19.3
533.325,0.41307,6.128,100.0,0.0,19.3
533.473,0.41307,6.131,100.0,0.0,19.3
533.619,0.41307,6.131,100.0,0.0,19.29
533.765,0.41307,6.134,100.0,0.0,19.29
533.913,0.41307,6.141,100.0,0.0,19.28
534.06,0.41307,6.144,100.0,0.0,19.28
534.207,0.41307,6.144,100.0,0.0,19.24
534.353,0.41296,6.147,100.0,0.0,19.24
534.501,0.41296,6.15,100.0,0.0,19.28
534.648,0.41296,6.15,100.0,0.0,19.28
534.795,0.41296,6.156,100.0,0.0,19.2
534.941,0.41296,6.159,100.0,0.0,19.2
535.089,0.41437,6.163,100.0,0.0,19.25
535.236,0.41437,6.163,100.0,0.0,19.25
535.382,0.41437,6.169,100.0,0.0,19.25
535.53,0.41437,6.172,100.0,0.0,19.25
535.676,0.41437,6.172,100.0,0.0,19.28
535.823,0.41437,6.175,100.0,0.0,19.28
535.97,0.41437,6.178,100.0,0.0,19.32
536.117,0.41437,6.184,100.0,0.0,19.32
536.264,0.41437,6.184,100.0,0.0,19.31
536.41,0.41437,6.188,100.0,0.0,19.31
536.558,0.41437,6.191,100.0,0.0,19.34
536.704,0.41437,6.191,100.0,0.0,19.34
536.851,0.41437,6.197,100.0,0.0,19.32
536.998,0.41437,6.2,100.0,0.0,19.32
537.146,0.41437,6.203,100.0,0.0,19.31
537.292,0.4145,6.203,100.0,0.0,19.31
537.44,0.4145,6.206,100.0,0.0,19.3
537.586,0.4145,6.213,100.0,0.0,19.3
537.733,0.4145,6.216,100.0,0.0,19.29
537.89,0.4145,6.216,100.0,0.0,19.29
538.037,0.4145,6.219,100.0,0.0,19.29
538.184,0.41582,6.225,100.0,0.0,19.29
538.33,0.41582,6.225,100.0,0.0,19.28
538.478,0.41582,6.228,100.0,0.0,19.28
538.624,0.41582,6.231,100.0,0.0,19.28
538.772,0.41582,6.234,100.0,0.0,19.28
538.918,0.41416,6.234,100.0,0.0,19.27
539.066,0.41416,6.241,100.0,0.0,19.27
539.212,0.41416,6.244,100.0,0.0,19.27
539.36,0.41416,6.244,100.0,0.0,19.27
539.506,0.41416,6.247,100.0,0.0,19.3
539.653,0.41416,6.253,100.0,0.0,19.3
539.8,0.41416,6.256,100.0,0.0,19.3
539.947,0.41416,6.256,100.0,0.0,19.26
540.094,0.41416,6.259,100.0,0.0,19.26
540.241,0.41416,6.263,100.0,0.0,19.26
540.388,0.41416,6.263,100.0,0.0,19.26
540.534,0.41416,6.269,100.0,0.0,19.29
540.682,0.41416,6.272,100.0,0.0,19.29
540.829,0.41416,6.275,100.0,0.0,19.25
540.975,0.41416,6.275,100.0,0.0,19.25
541.122,0.41326,6.281,100.0,0.0,19.29
541.269,0.41326,6.284,100.0,0.0,19.29
541.417,0.41326,6.284,100.0,0.0,19.32
541.563,0.41326,6.288,100.0,0.0,19.32
541.71,0.41326,6.291,100.0,0.0,19.31
541.857,0.41326,6.297,100.0,0.0,19.31
542.005,0.4171,6.297,100.0,0.0,19.34
542.151,0.4171,6.3,100.0,0.0,19.34
542.298,0.4171,6.303,100.0,0.0,19.32
542.445,0.4171,6.309,100.0,0.0,19.32
542.602,0.4171,6.309,100.0,0.0,19.31
542.748,0.4171,6.313,100.0,0.0,19.31
542.895,0.41461,6.316,100.0,0.0,19.27
543.043,0.41461,6.316,100.0,0.0,19.27
543.189,0.41461,6.319,100.0,0.0,19.26
543.337,0.41461,6.325,100.0,0.0,19.26
543.483,0.41461,6.328,100.0,0.0,19.3
543.631,0.41623,6.328,100.0,0.0,19.3
543.777,0.41623,6.331,100.0,0.0,19.22
543.925,0.41623,6.338,100.0,0.0,19.22
544.071,0.41623,6.338,100.0,0.0,19.26
544.217,0.41623,6.341,100.0,0.0,19.26
544.365,0.41623,6.344,100.0,0.0,19.26
544.512,0.41623,6.347,100.0,0.0,19.26
544.659,0.41623,6.347,100.0,0.0,19.29
544.805,0.41623,6.353,100.0,0.0,19.29
544.953,0.41623,6.356,100.0,0.0,19.33
545.099,0.41623,6.356,100.0,0.0,19.33
545.247,0.41623,6.359,100.0,0.0,19.31
545.393,0.4097,6.366,100.0,0.0,19.31
545.54,0.4097,6.369,100.0,0.0,19.3
545.688,0.4097,6.369,100.0,0.0,19.3
545.834,0.4097,6.372,100.0,0.0,19.26
545.981,0.4097,6.375,100.0,0.0,19.26
546.128,0.4097,6.375,100.0,0.0,19.26
546.275,0.40967,6.381,100.0,0.0,19.29
546.422,0.40967,6.384,100.0,0.0,19.29
546.57,0.40967,6.388,100.0,0.0,19.25
546.716,0.40967,6.388,100.0,0.0,19.25
546.862,0.40967,6.394,100.0,0.0,19.25
547.01,0.40967,6.397,100.0,0.0,19.25
547.156,0.40967,6.4,100.0,0.0,19.29
547.313,0.40967,6.4,100.0,0.0,19.29
547.459,0.41135,6.403,100.0,0.0,19.28
547.607,0.41135,6.409,100.0,0.0,19.28
547.754,0.41135,6.409,100.0,0.0,19.31
547.901,0.41135,6.413,100.0,0.0,19.31
548.047,0.41135,6.416,100.0,0.0,19.31
548.195,0.41135,6.422,100.0,0.0,19.31
548.342,0.41135,6.422,100.0,0.0,19.3
548.489,0.41135,6.425,100.0,0.0,19.3
548.635,0.41135,6.428,100.0,0.0,19.33
548.782,0.41135,6.428,100.0,0.0,19.33
548.929,0.41135,6.431,100.0,0.0,19.32
549.076,0.41135,6.438,100.0,0.0,19.32
549.223,0.4143,6.441,100.0,0.0,19.34
549.37,0.4143,6.441,100.0,0.0,19.34
549.517,0.4143,6.444,100.0,0.0,19.33
549.664,0.4143,6.45,100.0,0.0,19.33
549.811,0.4143,6.45,100.0,0.0,19.32
549.958,0.4143,6.453,100.0,0.0,19.32
550.104,0.4111,6.456,100.0,0.0,19.31
550.252,0.4111,6.459,100.0,0.0,19.31
550.399,0.4111,6.459,100.0,0.0,19.3
550.546,0.4111,6.466,100.0,0.0,19.3
550.692,0.4111,6.469,100.0,0.0,19.25
550.84,0.4111,6.469,100.0,0.0,19.25
550.986,0.4111,6.472,100.0,0.0,19.25
551.134,0.4111,6.478,100.0,0.0,19.25
551.28,0.4111,6.481,100.0,0.0,19.22
551.427,0.41306,6.481,100.0,0.0,19.22
551.574,0.41306,6.484,100.0,0.0,19.22
551.721,0.41306,6.488,100.0,0.0,19.22
551.868,0.41306,6.494,100.0,0.0,19.19
552.024,0.41306,6.494,100.0,0.0,19.19
552.171,0.41306,6.497,100.0,0.0,19.2
552.318,0.41306,6.5,100.0,0.0,19.2
552.465,0.41306,6.5,100.0,0.0,19.24
552.611,0.41306,6.506,100.0,0.0,19.24
552.759,0.41306,6.509,100.0,0.0,19.24
552.906,0.41306,6.513,100.0,0.0,19.24
553.053,0.41593,6.513,100.0,0.0,19.24
553.2,0.41593,6.516,100.0,0.0,19.24
553.346,0.41593,6.522,100.0,0.0,19.24
553.494,0.41593,6.522,100.0,0.0,19.25
553.64,0.41593,6.525,100.0,0.0,19.25
553.788,0.41593,6.528,100.0,0.0,19.28
553.934,0.4164,6.534,100.0,0.0,19.28
554.082,0.4164,6.534,100.0,0.0,19.35
554.228,0.4164,6.538,100.0,0.0,19.35
554.376,0.4164,6.541,100.0,0.0,19.34
554.522,0.4164,6.541,100.0,0.0,19.34
554.668,0.4164,6.544,100.0,0.0,19.36
554.816,0.4164,6.55,100.0,0.0,19.36
554.963,0.4164,6.553,100.0,0.0,19.35
555.11,0.4164,6.553,100.0,0.0,19.35
555.256,0.41474,6.556,100.0,0.0,19.33
555.404,0.41474,6.563,100.0,0.0,19.33
555.551,0.41474,6.563,100.0,0.0,19.32
555.698,0.41474,6.566,100.0,0.0,19.32
555.844,0.41474,6.569,100.0,0.0,19.31
555.991,0.41656,6.572,100.0,0.0,19.31
556.139,0.41656,6.572,100.0,0.0,19.3
556.285,0.41656,6.578,100.0,0.0,19.3
556.433,0.41656,6.581,100.0,0.0,19.29
556.579,0.41656,6.584,100.0,0.0,19.29
556.736,0.41656,6.584,100.0,0.0,19.21
556.882,0.41656,6.591,100.0,0.0,19.21
557.03,0.41656,6.594,100.0,0.0,19.14
557.176,0.41656,6.594,100.0,0.0,19.14
557.323,0.4134,6.597,100.0,0.0,19.16
557.47,0.4134,6.6,100.0,0.0,19.16
557.618,0.4134,6.606,100.0,0.0,19.25
557.764,0.4134,6.606,100.0,0.0,19.25
557.91,0.4134,6.609,100.0,0.0,19.28
558.058,0.4134,6.613,100.0,0.0,19.28
558.205,0.4123,6.613,100.0,0.0,19.32
558.352,0.4123,6.619,100.0,0.0,19.32
558.499,0.4123,6.622,100.0,0.0,19.27
558.646,0.4123,6.625,100.0,0.0,19.27
558.793,0.4123,6.625,100.0,0.0,19.23
558.94,0.4123,6.628,100.0,0.0,19.23
559.087,0.4123,6.634,100.0,0.0,19.23
559.233,0.4123,6.634,100.0,0.0,19.23
559.38,0.4123,6.638,100.0,0.0,19.23
559.527,0.4123,6.641,100.0,0.0,19.27
559.674,0.4123,6.647,100.0,0.0,19.27
559.821,0.41574,6.647,100.0,0.0,19.27
559.971,0.41574,6.65,100.0,0.0,19.27
560.118,0.41574,6.653,100.0,0.0,19.3
560.265,0.41574,6.653,100.0,0.0,19.3
560.411,0.41574,6.656,100.0,0.0,19.37
560.558,0.41574,6.663,100.0,0.0,19.37
560.705,0.41574,6.666,100.0,0.0,19.32
560.852,0.41574,6.666,100.0,0.0,19.32
560.999,0.41574,6.669,100.0,0.0,19.31
561.146,0.4154,6.675,100.0,0.0,19.31
561.294,0.4154,6.678,100.0,0.0,19.3
561.447,0.4154,6.678,100.0,0.0,19.3
561.594,0.4154,6.681,100.0,0.0,19.29
561.741,0.4154,6.684,100.0,0.0,19.29
561.889,0.4154,6.684,100.0,0.0,19.28
562.035,0.40977,6.691,100.0,0.0,19.28
562.183,0.40977,6.694,100.0,0.0,19.28
562.329,0.40977,6.697,100.0,0.0,19.28
562.476,0.40977,6.697,100.0,0.0,19.27
562.623,0.40977,6.703,100.0,0.0,19.27
562.769,0.40977,6.706,100.0,0.0,19.31
562.917,0.40977,6.706,100.0,0.0,19.31
563.063,0.40977,6.709,100.0,0.0,19.3
563.211,0.40977,6.713,100.0,0.0,19.3
563.357,0.40977,6.719,100.0,0.0,19.33
563.505,0.40977,6.719,100.0,0.0,19.33
563.651,0.40977,6.722,100.0,0.0,19.28
563.798,0.41366,6.725,100.0,0.0,19.28
563.946,0.41366,6.725,100.0,0.0,19.28
564.092,0.41366,6.731,100.0,0.0,19.28
564.239,0.41366,6.734,100.0,0.0,19.2
564.386,0.41366,6.738,100.0,0.0,19.2
564.533,0.4128,6.738,100.0,0.0,19.24
564.68,0.4128,6.741,100.0,0.0,19.24
564.826,0.4128,6.747,100.0,0.0,19.24
564.974,0.41368,6.747,100.0,0.0,19.24
565.12,0.41368,6.75,100.0,0.0,19.28
565.268,0.41368,6.753,100.0,0.0,19.28
565.415,0.41343,6.759,100.0,0.0,19.28
565.563,0.41343,6.759,100.0,0.0,19.28
565.709,0.41343,6.763,100.0,0.0,19.28
565.856,0.41343,6.766,100.0,0.0,19.24
566.003,0.41343,6.769,100.0,0.0,19.24
566.159,0.41343,6.769,100.0,0.0,19.2
566.305,0.41506,6.775,100.0,0.0,19.2
566.453,0.41506,6.778,100.0,0.0,19.17
566.6,0.41506,6.778,100.0,0.0,19.17
566.746,0.41506,6.781,100.0,0.0,19.14
566.893,0.41506,6.788,100.0,0.0,19.14
567.04,0.41506,6.791,100.0,0.0,19.16
567.188,0.41506,6.791,100.0,0.0,19.16
567.334,0.41506,6.794,100.0,0.0,19.17
567.481,0.41506,6.797,100.0,0.0,19.17
567.628,0.41506,6.797,100.0,0.0,19.22
567.775,0.41506,6.803,100.0,0.0,19.22
567.922,0.41506,6.806,100.0,0.0,19.19
568.068,0.41506,6.809,100.0,0.0,19.19
568.216,0.41506,6.809,100.0,0.0,19.2
568.362,0.41506,6.816,100.0,0.0,19.2
568.509,0.41506,6.819,100.0,0.0,19.21
568.656,0.41506,6.819,100.0,0.0,19.21
568.803,0.41506,6.822,100.0,0.0,19.33
568.95,0.41506,6.825,100.0,0.0,19.33
569.097,0.41506,6.831,100.0,0.0,19.28
569.244,0.41402,6.831,100.0,0.0,19.28
569.39,0.41402,6.834,100.0,0.0,19.24
569.538,0.41402,6.838,100.0,0.0,19.24
569.685,0.41402,6.838,100.0,0.0,19.24
569.832,0.41402,6.844,100.0,0.0,19.24
569.978,0.41402,6.847,100.0,0.0,19.24
570.126,0.41781,6.85,100.0,0.0,19.24
570.273,0.41781,6.85,100.0,0.0,19.24
570.42,0.41781,6.853,100.0,0.0,19.24
570.566,0.41781,6.859,100.0,0.0,19.24
570.713,0.41781,6.863,100.0,0.0,19.24
570.87,0.41781,6.863,100.0,0.0,19.28
571.017,0.41781,6.866,100.0,0.0,19.28
571.164,0.41781,6.872,100.0,0.0,19.28
571.31,0.41781,6.872,100.0,0.0,19.28
571.457,0.41781,6.875,100.0,0.0,19.27
571.604,0.41781,6.878,100.0,0.0,19.27
571.751,0.41781,6.881,100.0,0.0,19.27
571.898,0.41781,6.881,100.0,0.0,19.27
572.045,0.41781,6.888,100.0,0.0,19.27
572.192,0.41781,6.891,100.0,0.0,19.27
572.339,0.41781,6.891,100.0,0.0,19.27
572.485,0.41781,6.894,100.0,0.0,19.19
572.632,0.4126,6.9,100.0,0.0,19.19
572.78,0.4126,6.903,100.0,0.0,19.24
572.927,0.4126,6.903,100.0,0.0,19.24
573.074,0.4126,6.906,100.0,0.0,19.28
573.22,0.4126,6.909,100.0,0.0,19.28
573.368,0.4126,6.909,100.0,0.0,19.31
573.514,0.41583,6.916,100.0,0.0,19.31
573.662,0.41583,6.919,100.0,0.0,19.3
573.808,0.41583,6.922,100.0,0.0,19.3
573.955,0.41583,6.922,100.0,0.0,19.29
574.102,0.41583,6.928,100.0,0.0,19.29
574.249,0.41583,6.931,100.0,0.0,19.25
574.396,0.41583,6.931,100.0,0.0,19.25
574.542,0.41583,6.934,100.0,0.0,19.25
574.69,0.41583,6.938,100.0,0.0,19.25
574.837,0.41583,6.944,100.0,0.0,19.21
574.984,0.41583,6.944,100.0,0.0,19.21
575.13,0.41583,6.947,100.0,0.0,19.22
575.277,0.41365,6.95,100.0,0.0,19.22
575.425,0.41365,6.956,100.0,0.0,19.18
575.582,0.41365,6.956,100.0,0.0,19.18
575.728,0.41365,6.959,100.0,0.0,19.23
575.875,0.41365,6.963,100.0,0.0,19.23
576.023,0.41365,6.963,100.0,0.0,19.23
576.169,0.41365,6.966,100.0,0.0,19.23
576.316,0.41365,6.972,100.0,0.0,19.24
576.463,0.40985,6.975,100.0,0.0,19.24
576.611,0.40985,6.975,100.0,0.0,19.2
576.757,0.40985,6.978,100.0,0.0,19.2
576.904,0.40985,6.984,100.0,0.0,19.21
577.051,0.40985,6.984,100.0,0.0,19.21
577.197,0.40985,6.988,100.0,0.0,19.25
577.345,0.41349,6.991,100.0,0.0,19.25
577.492,0.41349,6.994,100.0,0.0,19.25
577.639,0.41349,6.994,100.0,0.0,19.25
577.785,0.41349,7.0,100.0,0.0,19.25
577.933,0.41349,7.003,100.0,0.0,19.25
578.08,0.41349,7.003,100.0,0.0,19.21
578.227,0.41349,7.006,100.0,0.0,19.21
578.373,0.41349,7.013,100.0,0.0,19.21
578.52,0.41349,7.016,100.0,0.0,19.18
578.667,0.41349,7.016,100.0,0.0,19.18
578.814,0.41349,7.019,100.0,0.0,19.23
578.961,0.41349,7.022,100.0,0.0,19.23
579.108,0.4118,7.022,100.0,0.0,19.23
579.255,0.4118,7.028,100.0,0.0,19.23
579.402,0.4118,7.031,100.0,0.0,19.24
579.549,0.4118,7.034,100.0,0.0,19.24
579.696,0.4118,7.034,100.0,0.0,19.2
579.842,0.4118,7.041,100.0,0.0,19.2
579.99,0.4118,7.044,100.0,0.0,19.21
580.136,0.4118,7.047,100.0,0.0,19.21
580.293,0.4118,7.047,100.0,0.0,19.25
580.439,0.41244,7.05,100.0,0.0,19.25
580.587,0.41244,7.056,100.0,0.0,19.21
580.734,0.41676,7.056,100.0,0.0,19.21
580.881,0.41676,7.059,100.0,0.0,19.26
581.028,0.41676,7.063,100.0,0.0,19.26
581.175,0.41676,7.069,100.0,0.0,19.26
581.322,0.41676,7.069,100.0,0.0,19.26
581.469,0.41676,7.072,100.0,0.0,19.25
581.616,0.41676,7.075,100.0,0.0,19.25
581.762,0.41676,7.075,100.0,0.0,19.18
581.909,0.41676,7.078,100.0,0.0,19.18
582.056,0.41676,7.084,100.0,0.0,19.23
582.204,0.41676,7.088,100.0,0.0,19.23
582.35,0.41676,7.088,100.0,0.0,19.23
582.497,0.41676,7.091,100.0,0.0,19.23
582.644,0.41676,7.097,100.0,0.0,19.23
582.791,0.41676,7.097,100.0,0.0,19.23
582.938,0.41184,7.1,100.0,0.0,19.24
583.084,0.41184,7.103,100.0,0.0,19.24
583.232,0.41184,7.106,100.0,0.0,19.24
583.379,0.41184,7.106,100.0,0.0,19.24
583.526,0.41184,7.113,100.0,0.0,19.24
583.672,0.41184,7.116,100.0,0.0,19.24
583.82,0.41184,7.116,100.0,0.0,19.2
583.966,0.41184,7.119,100.0,0.0,19.2
584.114,0.41184,7.125,100.0,0.0,19.25
584.26,0.41333,7.128,100.0,0.0,19.25
584.407,0.41333,7.128,100.0,0.0,19.17
584.554,0.41333,7.131,100.0,0.0,19.17
584.701,0.41386,7.134,100.0,0.0,19.17
584.849,0.41386,7.141,100.0,0.0,19.15
585.004,0.41386,7.141,100.0,0.0,19.15
585.151,0.41386,7.144,100.0,0.0,19.16
585.298,0.41386,7.147,100.0,0.0,19.16
585.445,0.41386,7.147,100.0,0.0,19.18
585.591,0.41386,7.153,100.0,0.0,19.18
585.739,0.41386,7.156,100.0,0.0,19.19
585.886,0.41386,7.159,100.0,0.0,19.19
586.033,0.41386,7.159,100.0,0.0,19.23
586.179,0.41386,7.163,100.0,0.0,19.23
586.326,0.41386,7.169,100.0,0.0,19.27
586.473,0.41386,7.169,100.0,0.0,19.27
586.62,0.41386,7.172,100.0,0.0,19.31
586.767,0.4098,7.175,100.0,0.0,19.31
586.914,0.4098,7.181,100.0,0.0,19.3
587.062,0.4098,7.181,100.0,0.0,19.3
587.208,0.4098,7.184,100.0,0.0,19.29
587.354,0.4098,7.188,100.0,0.0,19.29
587.502,0.4098,7.188,100.0,0.0,19.29
587.648,0.4098,7.191,100.0,0.0,19.29
587.796,0.4098,7.197,100.0,0.0,19.28
587.942,0.4098,7.2,100.0,0.0,19.28
588.09,0.41707,7.2,100.0,0.0,19.28
588.236,0.41707,7.203,100.0,0.0,19.28
588.384,0.41707,7.209,100.0,0.0,19.27
588.53,0.41357,7.209,100.0,0.0,19.27
588.677,0.41357,7.213,100.0,0.0,19.27
588.824,0.41357,7.216,100.0,0.0,19.27
588.971,0.41357,7.219,100.0,0.0,19.23
589.119,0.41357,7.219,100.0,0.0,19.23
589.265,0.41357,7.225,100.0,0.0,19.23
589.412,0.41357,7.228,100.0,0.0,19.23
589.559,0.41357,7.231,100.0,0.0,19.27
589.716,0.41357,7.231,100.0,0.0,19.27
589.862,0.41357,7.238,100.0,0.0,19.27
590.01,0.41357,7.241,100.0,0.0,19.27
590.157,0.41357,7.241,100.0,0.0,19.19
590.304,0.41357,7.244,100.0,0.0,19.19
590.45,0.41357,7.247,100.0,0.0,19.2
590.597,0.40995,7.253,100.0,0.0,19.2
590.745,0.40995,7.253,100.0,0.0,19.21
590.891,0.40995,7.256,100.0,0.0,19.21
591.039,0.40995,7.259,100.0,0.0,19.25
591.185,0.40995,7.259,100.0,0.0,19.25
591.332,0.40995,7.266,100.0,0.0,19.25
591.479,0.40995,7.269,100.0,0.0,19.25
591.626,0.40995,7.272,100.0,0.0,19.25
591.773,0.40995,7.272,100.0,0.0,19.29
591.919,0.40988,7.275,100.0,0.0,19.29
592.067,0.40988,7.281,100.0,0.0,19.28
592.214,0.40988,7.281,100.0,0.0,19.28
592.361,0.41324,7.284,100.0,0.0,19.32
592.508,0.41324,7.288,100.0,0.0,19.32
592.655,0.41324,7.294,100.0,0.0,19.31
592.802,0.41324,7.294,100.0,0.0,19.31
592.949,0.41324,7.297,100.0,0.0,19.33
593.096,0.41324,7.3,100.0,0.0,19.33
593.242,0.41324,7.3,100.0,0.0,19.36
593.389,0.41324,7.303,100.0,0.0,19.36
593.536,0.41239,7.309,100.0,0.0,19.34
593.684,0.41239,7.313,100.0,0.0,19.34
593.83,0.41239,7.313,100.0,0.0,19.37
593.977,0.41239,7.316,100.0,0.0,19.37
594.124,0.41239,7.322,100.0,0.0,19.39
594.272,0.41239,7.325,100.0,0.0,19.39
594.427,0.41239,7.325,100.0,0.0,19.4
594.574,0.41239,7.328,100.0,0.0,19.4
594.721,0.41239,7.331,100.0,0.0,19.42
594.868,0.41759,7.331,100.0,0.0,19.42
595.015,0.41759,7.338,100.0,0.0,19.36
595.161,0.41759,7.341,100.0,0.0,19.36
595.309,0.41759,7.344,100.0,0.0,19.34
595.456,0.41759,7.344,100.0,0.0,19.34
595.603,0.41759,7.35,100.0,0.0,19.36
595.749,0.41759,7.353,100.0,0.0,19.36
595.897,0.41759,7.353,100.0,0.0,19.38
596.043,0.41759,7.356,100.0,0.0,19.38
596.191,0.41412,7.359,100.0,0.0,19.29
596.338,0.41412,7.366,100.0,0.0,19.29
596.484,0.41412,7.366,100.0,0.0,19.28
596.631,0.41345,7.369,100.0,0.0,19.28
596.778,0.41345,7.372,100.0,0.0,19.32
596.926,0.41345,7.372,100.0,0.0,19.32
597.072,0.41345,7.378,100.0,0.0,19.31
597.219,0.41345,7.381,100.0,0.0,19.31
597.366,0.41361,7.384,100.0,0.0,19.26
597.515,0.41361,7.384,100.0,0.0,19.26
597.661,0.41361,7.388,100.0,0.0,19.26
597.809,0.41361,7.394,100.0,0.0,19.26
597.956,0.41361,7.394,100.0,0.0,19.26
598.102,0.41361,7.397,100.0,0.0,19.22
598.249,0.41361,7.4,100.0,0.0,19.22
598.396,0.41361,7.406,100.0,0.0,19.22
598.543,0.41361,7.406,100.0,0.0,19.22
598.69,0.416,7.409,100.0,0.0,19.23
598.838,0.416,7.413,100.0,0.0,19.23
598.984,0.416,7.416,100.0,0.0,19.31
599.139,0.416,7.416,100.0,0.0,19.31
599.285,0.416,7.422,100.0,0.0,19.3
599.433,0.416,7.425,100.0,0.0,19.3
599.579,0.416,7.425,100.0,0.0,19.33
599.725,0.416,7.428,100.0,0.0,19.33
599.873,0.416,7.434,100.0,0.0,19.32
600.02,0.41859,7.438,100.0,0.0,19.32
600.167,0.41859,7.438,100.0,0.0,19.34
600.314,0.41859,7.441,100.0,0.0,19.34
600.461,0.41778,7.444,100.0,0.0,19.33
600.608,0.41778,7.444,100.0,0.0,19.33
600.755,0.41778,7.45,100.0,0.0,19.28
600.902,0.41367,7.453,100.0,0.0,19.28
601.049,0.41367,7.456,100.0,0.0,19.28
601.196,0.41367,7.456,100.0,0.0,19.28
601.342,0.41367,7.463,100.0,0.0,19.23
601.49,0.41367,7.466,100.0,0.0,19.23
601.636,0.41217,7.466,100.0,0.0,19.27
601.784,0.41217,7.469,100.0,0.0,19.27
601.931,0.41217,7.472,100.0,0.0,19.31
602.078,0.41217,7.478,100.0,0.0,19.31
602.225,0.41217,7.478,100.0,0.0,19.26
602.371,0.41217,7.481,100.0,0.0,19.26
602.518,0.4096,7.484,100.0,0.0,19.26
602.665,0.4096,7.484,100.0,0.0,19.26
602.812,0.4096,7.491,100.0,0.0,19.26
602.959,0.4096,7.494,100.0,0.0,19.26
603.107,0.4096,7.497,100.0,0.0,19.29
603.253,0.4096,7.497,100.0,0.0,19.29
603.4,0.41483,7.5,100.0,0.0,19.33
603.547,0.41483,7.506,100.0,0.0,19.33
603.694,0.41483,7.509,100.0,0.0,19.35
603.85,0.41483,7.509,100.0,0.0,19.35
603.997,0.41483,7.513,100.0,0.0,19.34
604.143,0.41483,7.519,100.0,0.0,19.34
604.29,0.41483,7.519,100.0,0.0,19.34
604.437,0.41483,7.522,100.0,0.0,19.32
604.584,0.41483,7.525,100.0,0.0,19.32
604.731,0.41499,7.528,100.0,0.0,19.31
604.878,0.41499,7.528,100.0,0.0,19.31
605.025,0.41499,7.534,100.0,0.0,19.34
605.172,0.41503,7.538,100.0,0.0,19.34
605.32,0.41503,7.538,100.0,0.0,19.33
605.466,0.41401,7.541,100.0,0.0,19.33
605.621,0.41401,7.547,100.0,0.0,19.32
605.768,0.41401,7.55,100.0,0.0,19.32
605.914,0.41401,7.55,100.0,0.0,19.31
606.062,0.41401,7.553,100.0,0.0,19.31
606.208,0.41401,7.556,100.0,0.0,19.3
606.356,0.41401,7.556,100.0,0.0,19.3
606.502,0.41401,7.563,100.0,0.0,19.25
606.649,0.41401,7.566,100.0,0.0,19.25
606.796,0.41401,7.569,100.0,0.0,19.29
606.944,0.41401,7.569,100.0,0.0,19.29
607.09,0.41401,7.575,100.0,0.0,19.28
607.236,0.41401,7.578,100.0,0.0,19.28
607.384,0.41401,7.581,100.0,0.0,19.32
607.538,0.41401,7.581,100.0,0.0,19.32
607.684,0.41359,7.584,100.0,0.0,19.31
607.831,0.41359,7.591,100.0,0.0,19.31
607.978,0.41359,7.591,100.0,0.0,19.34
608.125,0.41359,7.594,100.0,0.0,19.34
608.272,0.41359,7.597,100.0,0.0,19.32
608.419,0.41359,7.603,100.0,0.0,19.32
608.566,0.41359,7.603,100.0,0.0,19.27
608.712,0.41359,7.606,100.0,0.0,19.27
608.86,0.41359,7.609,100.0,0.0,19.31
609.007,0.41403,7.609,100.0,0.0,19.31
609.153,0.41403,7.613,100.0,0.0,19.26
609.301,0.41403,7.619,100.0,0.0,19.26
609.447,0.41219,7.622,100.0,0.0,19.3
609.595,0.41219,7.622,100.0,0.0,19.3
609.741,0.41553,7.625,100.0,0.0,19.29
609.889,0.41553,7.631,100.0,0.0,19.29
610.036,0.41553,7.631,100.0,0.0,19.28
610.183,0.41553,7.634,100.0,0.0,19.28
610.33,0.41553,7.638,100.0,0.0,19.24
610.476,0.41553,7.641,100.0,0.0,19.24
610.624,0.41533,7.641,100.0,0.0,19.24
610.77,0.41533,7.647,100.0,0.0,19.24
610.918,0.41533,7.65,100.0,0.0,19.24
611.064,0.41189,7.65,100.0,0.0,19.24
611.212,0.41189,7.653,100.0,0.0,19.24
611.358,0.41189,7.659,100.0,0.0,19.24
611.506,0.41189,7.663,100.0,0.0,19.24
611.653,0.41189,7.663,100.0,0.0,19.25
611.799,0.41189,7.666,100.0,0.0,19.25
611.946,0.41189,7.669,100.0,0.0,19.25
612.093,0.41189,7.675,100.0,0.0,19.25
612.249,0.41189,7.675,100.0,0.0,19.25
612.395,0.41566,7.678,100.0,0.0,19.25
612.543,0.41566,7.681,100.0,0.0,19.28
612.689,0.41566,7.681,100.0,0.0,19.28
612.836,0.41566,7.688,100.0,0.0,19.32
612.983,0.41566,7.691,100.0,0.0,19.32
613.131,0.41566,7.694,100.0,0.0,19.27
613.277,0.41566,7.694,100.0,0.0,19.27
613.423,0.41566,7.697,100.0,0.0,19.3
613.571,0.41566,7.703,100.0,0.0,19.3
613.718,0.41322,7.703,100.0,0.0,19.3
613.865,0.41322,7.706,100.0,0.0,19.3
614.012,0.41304,7.709,100.0,0.0,19.33
614.159,0.41304,7.716,100.0,0.0,19.33
614.306,0.41304,7.716,100.0,0.0,19.32
614.453,0.41304,7.719,100.0,0.0,19.32
614.6,0.41304,7.722,100.0,0.0,19.23
614.746,0.41304,7.722,100.0,0.0,19.23
614.893,0.41304,7.725,100.0,0.0,19.23
615.04,0.41304,7.731,100.0,0.0,19.23
615.188,0.41304,7.734,100.0,0.0,19.24
615.334,0.41349,7.734,100.0,0.0,19.24
615.482,0.41349,7.738,100.0,0.0,19.2
615.628,0.41349,7.744,100.0,0.0,19.2
615.776,0.41349,7.744,100.0,0.0,19.25
615.922,0.41349,7.747,100.0,0.0,19.25
616.069,0.41349,7.75,100.0,0.0,19.21
616.216,0.41349,7.753,100.0,0.0,19.21
616.363,0.41349,7.753,100.0,0.0,19.25
616.51,0.41349,7.759,100.0,0.0,19.25
616.656,0.41197,7.763,100.0,0.0,19.18
616.804,0.41197,7.766,100.0,0.0,19.18
616.96,0.41197,7.766,100.0,0.0,19.19
617.107,0.41197,7.772,100.0,0.0,19.19
617.253,0.41197,7.775,100.0,0.0,19.2
617.401,0.41197,7.775,100.0,0.0,19.2
617.547,0.41197,7.778,100.0,0.0,19.2
617.695,0.41197,7.781,100.0,0.0,19.09
617.841,0.4136,7.788,100.0,0.0,19.09
617.994,0.4136,7.788,100.0,0.0,19.12
618.14,0.4136,7.791,100.0,0.0,19.12
618.286,0.41367,7.794,100.0,0.0,19.14
618.434,0.41367,7.794,100.0,0.0,19.14
618.58,0.41367,7.8,100.0,0.0,19.19
618.728,0.41367,7.803,100.0,0.0,19.19
618.874,0.41367,7.806,100.0,0.0,19.24
619.022,0.41367,7.806,100.0,0.0,19.24
619.168,0.41367,7.809,100.0,0.0,19.28
619.316,0.41367,7.816,100.0,0.0,19.28
619.462,0.41367,7.816,100.0,0.0,19.24
619.608,0.41821,7.819,100.0,0.0,19.24
619.756,0.41821,7.822,100.0,0.0,19.24
619.903,0.41821,7.828,100.0,0.0,19.24
620.051,0.41821,7.828,100.0,0.0,19.16
620.197,0.41821,7.831,100.0,0.0,19.16
620.344,0.41821,7.834,100.0,0.0,19.14
620.491,0.41821,7.838,100.0,0.0,19.14
620.648,0.41821,7.838,100.0,0.0,19.16
620.794,0.41821,7.844,100.0,0.0,19.16
620.941,0.41754,7.847,100.0,0.0,19.21
621.088,0.41754,7.847,100.0,0.0,19.21
621.235,0.41754,7.85,100.0,0.0,19.18
621.382,0.41754,7.856,100.0,0.0,19.18
621.529,0.41754,7.859,100.0,0.0,19.19
621.676,0.41754,7.859,100.0,0.0,19.19
621.822,0.41754,7.863,100.0,0.0,19.2
621.97,0.41754,7.866,100.0,0.0,19.2
622.116,0.41286,7.866,100.0,0.0,19.28
622.264,0.41286,7.872,100.0,0.0,19.28
622.411,0.41286,7.875,100.0,0.0,19.31
622.558,0.41286,7.878,100.0,0.0,19.31
622.705,0.41286,7.878,100.0,0.0,19.3
622.851,0.41286,7.884,100.0,0.0,19.3
622.998,0.41286,7.888,100.0,0.0,19.3
623.145,0.41286,7.888,100.0,0.0,19.3
623.292,0.41286,7.891,100.0,0.0,19.29
623.439,0.41286,7.894,100.0,0.0,19.29
623.586,0.41286,7.9,100.0,0.0,19.28
623.733,0.41286,7.9,100.0,0.0,19.28
623.88,0.4132,7.903,100.0,0.0,19.28
624.027,0.4132,7.906,100.0,0.0,19.28
624.173,0.4132,7.906,100.0,0.0,19.28
624.321,0.4132,7.913,100.0,0.0,19.27
624.467,0.4132,7.916,100.0,0.0,19.27
624.615,0.4132,7.919,100.0,0.0,19.31
624.761,0.4132,7.919,100.0,0.0,19.31
624.909,0.4132,7.922,100.0,0.0,19.37
625.055,0.4132,7.928,100.0,0.0,19.37
625.203,0.41498,7.931,100.0,0.0,19.36
625.359,0.41498,7.931,100.0,0.0,19.36
625.506,0.41498,7.934,100.0,0.0,19.34
625.652,0.41498,7.941,100.0,0.0,19.34
625.8,0.41498,7.941,100.0,0.0,19.33
625.946,0.41498,7.944,100.0,0.0,19.33
626.093,0.41498,7.947,100.0,0.0,19.35
626.24,0.41498,7.95,100.0,0.0,19.35
626.387,0.41498,7.95,100.0,0.0,19.34
626.534,0.41498,7.956,100.0,0.0,19.34
626.68,0.41498,7.959,100.0,0.0,19.36
626.828,0.41498,7.959,100.0,0.0,19.36
626.974,0.41498,7.963,100.0,0.0,19.34
627.122,0.41498,7.969,100.0,0.0,19.34
627.268,0.41498,7.972,100.0,0.0,19.37
627.415,0.41498,7.972,100.0,0.0,19.37
627.562,0.41498,7.975,100.0,0.0,19.31
627.709,0.41037,7.978,100.0,0.0,19.31
627.857,0.41037,7.978,100.0,0.0,19.34
628.003,0.41037,7.984,100.0,0.0,19.34
628.15,0.41037,7.988,100.0,0.0,19.25
628.297,0.41037,7.991,100.0,0.0,19.25
628.444,0.41037,7.991,100.0,0.0,19.25
628.591,0.41037,7.997,100.0,0.0,19.25
628.737,0.41037,8.0,100.0,0.0,19.25
628.885,0.41037,8.0,100.0,0.0,19.25
629.031,0.41277,8.003,100.0,0.0,19.29
629.179,0.41277,8.006,100.0,0.0,19.29
629.325,0.41277,8.012,100.0,0.0,19.32
629.473,0.41277,8.012,100.0,0.0,19.32
629.619,0.41277,8.016,100.0,0.0,19.31
629.767,0.41277,8.019,100.0,0.0,19.31
629.913,0.41277,8.025,100.0,0.0,19.38
630.07,0.41277,8.025,100.0,0.0,19.38
630.217,0.41277,8.028,100.0,0.0,19.28
630.364,0.41277,8.031,100.0,0.0,19.28
630.511,0.41277,8.031,100.0,0.0,19.28
630.657,0.41277,8.034,100.0,0.0,19.24
630.804,0.41277,8.041,100.0,0.0,19.24
630.951,0.41277,8.044,100.0,0.0,19.17
631.099,0.41277,8.044,100.0,0.0,19.17
631.245,0.41277,8.047,100.0,0.0,19.22
631.392,0.41277,8.053,100.0,0.0,19.22
631.539,0.40865,8.053,100.0,0.0,19.26
631.685,0.40865,8.056,100.0,0.0,19.26
631.833,0.40865,8.059,100.0,0.0,19.26
631.98,0.40865,8.062,100.0,0.0,19.26
632.127,0.40865,8.062,100.0,0.0,19.26
632.273,0.40865,8.069,100.0,0.0,19.26
632.421,0.40865,8.072,100.0,0.0,19.26
632.567,0.40865,8.072,100.0,0.0,19.26
632.715,0.40865,8.075,100.0,0.0,19.18
632.861,0.41076,8.081,100.0,0.0,19.18
633.009,0.41076,8.084,100.0,0.0,19.19
633.156,0.41076,8.084,100.0,0.0,19.19
633.302,0.41076,8.087,100.0,0.0,19.2
633.449,0.41076,8.091,100.0,0.0,19.2
633.596,0.41076,8.091,100.0,0.0,19.17
633.743,0.41076,8.097,100.0,0.0,19.17
633.89,0.41076,8.1,100.0,0.0,19.18
634.037,0.41076,8.103,100.0,0.0,19.18
634.184,0.41076,8.103,100.0,0.0,19.19
634.33,0.41076,8.109,100.0,0.0,19.19
634.477,0.41164,8.112,100.0,0.0,19.13
634.632,0.41164,8.116,100.0,0.0,19.13
634.782,0.41164,8.116,100.0,0.0,19.18
634.929,0.41732,8.119,100.0,0.0,19.18
635.076,0.41732,8.125,100.0,0.0,19.19
635.222,0.41732,8.125,100.0,0.0,19.19
635.37,0.41732,8.128,100.0,0.0,19.2
635.516,0.41732,8.131,100.0,0.0,19.2
635.664,0.41732,8.137,100.0,0.0,19.21
635.81,0.41071,8.137,100.0,0.0,19.21
635.958,0.41071,8.141,100.0,0.0,19.21
636.104,0.41071,8.144,100.0,0.0,19.21
636.252,0.41071,8.144,100.0,0.0,19.22
636.398,0.41071,8.147,100.0,0.0,19.22
636.545,0.41071,8.153,100.0,0.0,19.22
636.692,0.41071,8.156,100.0,0.0,19.22
636.839,0.41071,8.156,100.0,0.0,19.22
636.986,0.41071,8.159,100.0,0.0,19.15
637.133,0.40845,8.166,100.0,0.0,19.15
637.28,0.40845,8.166,100.0,0.0,19.17
637.427,0.40845,8.169,100.0,0.0,19.17
637.573,0.40845,8.172,100.0,0.0,19.18
637.721,0.40845,8.175,100.0,0.0,19.18
637.867,0.40845,8.175,100.0,0.0,19.19
638.014,0.40845,8.181,100.0,0.0,19.19
638.161,0.40845,8.184,100.0,0.0,19.2
638.309,0.40845,8.184,100.0,0.0,19.2
638.455,0.40845,8.187,100.0,0.0,19.24
638.602,0.40845,8.194,100.0,0.0,19.24
638.749,0.4151,8.197,100.0,0.0,19.25
638.898,0.4151,8.197,100.0,0.0,19.25
639.044,0.4151,8.2,100.0,0.0,19.25
639.191,0.41516,8.203,100.0,0.0,19.25
639.339,0.41516,8.209,100.0,0.0,19.32
639.493,0.41516,8.209,100.0,0.0,19.32
639.64,0.41516,8.212,100.0,0.0,19.27
639.786,0.41516,8.216,100.0,0.0,19.27
639.934,0.41516,8.216,100.0,0.0,19.23
640.08,0.41475,8.222,100.0,0.0,19.23
640.228,0.41475,8.225,100.0,0.0,19.2
640.375,0.41475,8.228,100.0,0.0,19.2
640.522,0.41475,8.228,100.0,0.0,19.24
640.668,0.41475,8.231,100.0,0.0,19.24
640.815,0.41475,8.237,100.0,0.0,19.24
640.962,0.41475,8.237,100.0,0.0,19.24
641.109,0.41475,8.241,100.0,0.0,19.21
641.256,0.41475,8.244,100.0,0.0,19.21
641.403,0.41321,8.25,100.0,0.0,19.21
641.551,0.41321,8.25,100.0,0.0,19.21
641.697,0.41321,8.253,100.0,0.0,19.22
641.844,0.41321,8.256,100.0,0.0,19.22
641.991,0.41321,8.256,100.0,0.0,19.22
642.137,0.41321,8.259,100.0,0.0,19.22
642.285,0.41321,8.266,100.0,0.0,19.23
642.431,0.41321,8.269,100.0,0.0,19.23
642.579,0.41321,8.269,100.0,0.0,19.27
642.725,0.41321,8.272,100.0,0.0,19.27
642.873,0.41321,8.278,100.0,0.0,19.27
643.019,0.40962,8.278,100.0,0.0,19.27
643.167,0.40962,8.281,100.0,0.0,19.27
643.313,0.40962,8.284,100.0,0.0,19.26
643.46,0.41381,8.288,100.0,0.0,19.26
643.608,0.41381,8.288,100.0,0.0,19.3
643.754,0.41381,8.294,100.0,0.0,19.3
643.901,0.41381,8.297,100.0,0.0,19.29
644.048,0.41381,8.3,100.0,0.0,19.29
644.204,0.41381,8.3,100.0,0.0,19.32
644.351,0.41327,8.306,100.0,0.0,19.32
644.498,0.41327,8.309,100.0,0.0,19.35
644.645,0.41327,8.309,100.0,0.0,19.35
644.792,0.41327,8.312,100.0,0.0,19.33
644.939,0.41327,8.316,100.0,0.0,19.33
645.086,0.41327,8.322,100.0,0.0,19.25
645.233,0.41327,8.322,100.0,0.0,19.25
645.379,0.41327,8.325,100.0,0.0,19.28
645.527,0.41327,8.328,100.0,0.0,19.28
645.673,0.4139,8.328,100.0,0.0,19.24
645.821,0.4139,8.334,100.0,0.0,19.24
645.967,0.4139,8.337,100.0,0.0,19.32
646.115,0.4139,8.341,100.0,0.0,19.32
646.261,0.4139,8.341,100.0,0.0,19.38
646.409,0.4139,8.344,100.0,0.0,19.38
646.555,0.4139,8.35,100.0,0.0,19.36
646.702,0.4139,8.35,100.0,0.0,19.36
646.849,0.4139,8.353,100.0,0.0,19.38
646.995,0.4139,8.356,100.0,0.0,19.38
647.143,0.4139,8.362,100.0,0.0,19.4
647.29,0.41056,8.362,100.0,0.0,19.4
647.437,0.41056,8.366,100.0,0.0,19.42
647.584,0.41056,8.369,100.0,0.0,19.42
647.731,0.41056,8.369,100.0,0.0,19.39
647.877,0.41056,8.372,100.0,0.0,19.39
648.024,0.41056,8.378,100.0,0.0,19.37
648.172,0.41056,8.381,100.0,0.0,19.37
648.318,0.41056,8.381,100.0,0.0,19.31
648.465,0.41056,8.384,100.0,0.0,19.31
648.612,0.4117,8.391,100.0,0.0,19.27
648.76,0.4117,8.394,100.0,0.0,19.27
648.916,0.4117,8.394,100.0,0.0,19.3
649.063,0.4117,8.397,100.0,0.0,19.3
649.21,0.4117,8.4,100.0,0.0,19.33
649.357,0.4117,8.4,100.0,0.0,19.33
649.503,0.4117,8.406,100.0,0.0,19.36
649.651,0.4117,8.409,100.0,0.0,19.36
649.797,0.4117,8.413,100.0,0.0,19.36
649.944,0.41033,8.413,100.0,0.0,19.34
650.092,0.41033,8.419,100.0,0.0,19.34
650.238,0.41033,8.422,100.0,0.0,19.36
650.386,0.41033,8.422,100.0,0.0,19.36
650.532,0.41033,8.425,100.0,0.0,19.35
650.679,0.41033,8.428,100.0,0.0,19.35
650.826,0.41033,8.434,100.0,0.0,19.33
650.974,0.41033,8.434,100.0,0.0,19.33
651.12,0.41033,8.437,100.0,0.0,19.36
651.266,0.41033,8.441,100.0,0.0,19.36
651.414,0.41033,8.441,100.0,0.0,19.34
651.56,0.41033,8.447,100.0,0.0,19.34
651.708,0.41033,8.45,100.0,0.0,19.33
651.854,0.41033,8.453,100.0,0.0,19.33
652.002,0.41033,8.453,100.0,0.0,19.39
652.148,0.41033,8.456,100.0,0.0,19.39
652.295,0.41033,8.462,100.0,0.0,19.37
652.442,0.40632,8.462,100.0,0.0,19.37
652.589,0.40632,8.466,100.0,0.0,19.24
652.736,0.40632,8.469,100.0,0.0,19.24
652.883,0.40632,8.475,100.0,0.0,19.28
653.03,0.40632,8.475,100.0,0.0,19.28
653.176,0.40632,8.478,100.0,0.0,19.27
653.324,0.40632,8.481,100.0,0.0,19.27
653.471,0.40632,8.484,100.0,0.0,19.27
653.628,0.40632,8.484,100.0,0.0,19.27
653.774,0.41041,8.491,100.0,0.0,19.31
653.922,0.41041,8.494,100.0,0.0,19.31
654.068,0.41041,8.494,100.0,0.0,19.26
654.215,0.41041,8.497,100.0,0.0,19.26
654.362,0.41041,8.503,100.0,0.0,19.3
654.509,0.41041,8.506,100.0,0.0,19.3
654.656,0.41041,8.506,100.0,0.0,19.25
654.802,0.41041,8.509,100.0,0.0,19.25
654.95,0.41041,8.512,100.0,0.0,19.25
655.096,0.41041,8.512,100.0,0.0,19.25
655.244,0.41041,8.519,100.0,0.0,19.33
655.39,0.41041,8.522,100.0,0.0,19.33
655.538,0.41041,8.525,100.0,0.0,19.31
655.684,0.41041,8.525,100.0,0.0,19.31
655.831,0.41041,8.531,100.0,0.0,19.27
655.978,0.41041,8.534,100.0,0.0,19.27
656.125,0.41041,8.534,100.0,0.0,19.27
656.272,0.41699,8.538,100.0,0.0,19.3
656.419,0.41699,8.541,100.0,0.0,19.3
656.566,0.41699,8.547,100.0,0.0,19.33
656.713,0.41699,8.547,100.0,0.0,19.33
656.86,0.41699,8.55,100.0,0.0,19.36
657.007,0.41699,8.553,100.0,0.0,19.36
657.153,0.41699,8.553,100.0,0.0,19.42
657.3,0.41699,8.559,100.0,0.0,19.42
657.447,0.41699,8.562,100.0,0.0,19.39
657.594,0.41038,8.566,100.0,0.0,19.39
657.741,0.41038,8.566,100.0,0.0,19.41
657.889,0.41038,8.569,100.0,0.0,19.41
658.035,0.41038,8.575,100.0,0.0,19.31
658.183,0.41038,8.578,100.0,0.0,19.31
658.339,0.41038,8.578,100.0,0.0,19.26
658.486,0.41038,8.581,100.0,0.0,19.26
658.632,0.41038,8.587,100.0,0.0,19.26
658.78,0.41038,8.587,100.0,0.0,19.26
658.926,0.41038,8.591,100.0,0.0,19.3
659.073,0.41038,8.594,100.0,0.0,19.3
659.22,0.41038,8.597,100.0,0.0,19.29
659.367,0.41038,8.597,100.0,0.0,19.29
659.514,0.41038,8.603,100.0,0.0,19.32
659.66,0.41038,8.606,100.0,0.0,19.32
659.808,0.41038,8.606,100.0,0.0,19.27
659.954,0.41038,8.609,100.0,0.0,19.27
660.101,0.41038,8.616,100.0,0.0,19.31
660.248,0.41038,8.619,100.0,0.0,19.31
660.395,0.41038,8.619,100.0,0.0,19.22
660.542,0.41038,8.622,100.0,0.0,19.22
660.689,0.41038,8.625,100.0,0.0,19.23
660.836,0.41038,8.625,100.0,0.0,19.23
660.982,0.41038,8.631,100.0,0.0,19.19
661.13,0.41038,8.634,100.0,0.0,19.19
661.277,0.41038,8.637,100.0,0.0,19.2
661.423,0.40979,8.637,100.0,0.0,19.2
661.571,0.40979,8.644,100.0,0.0,19.28
661.717,0.40979,8.647,100.0,0.0,19.28
661.865,0.40979,8.647,100.0,0.0,19.28
662.011,0.40979,8.65,100.0,0.0,19.28
662.158,0.40979,8.653,100.0,0.0,19.2
662.305,0.40979,8.659,100.0,0.0,19.2
662.453,0.40979,8.659,100.0,0.0,19.2
662.599,0.40979,8.663,100.0,0.0,19.21
662.745,0.40979,8.666,100.0,0.0,19.21
662.893,0.40979,8.666,100.0,0.0,19.21
663.039,0.40979,8.672,100.0,0.0,19.21
663.187,0.40979,8.675,100.0,0.0,19.22
663.333,0.40979,8.678,100.0,0.0,19.22
663.481,0.40979,8.678,100.0,0.0,19.19
663.627,0.40979,8.681,100.0,0.0,19.19
663.775,0.40979,8.687,100.0,0.0,19.2
663.921,0.40979,8.691,100.0,0.0,19.2
664.075,0.40979,8.691,100.0,0.0,19.2
664.221,0.40979,8.694,100.0,0.0,19.2
664.367,0.40979,8.7,100.0,0.0,19.14
664.515,0.40979,8.7,100.0,0.0,19.14
664.661,0.40979,8.703,100.0,0.0,19.15
664.809,0.41474,8.706,100.0,0.0,19.15
664.956,0.41474,8.709,100.0,0.0,19.13
665.103,0.41474,8.709,100.0,0.0,19.13
665.249,0.41474,8.716,100.0,0.0,19.11
665.397,0.41474,8.719,100.0,0.0,19.11
665.543,0.41474,8.719,100.0,0.0,19.13
665.69,0.41474,8.722,100.0,0.0,19.13
665.837,0.41474,8.728,100.0,0.0,19.15
665.984,0.41474,8.731,100.0,0.0,19.15
666.131,0.41474,8.731,100.0,0.0,19.09
666.277,0.41474,8.734,100.0,0.0,19.09
666.425,0.41474,8.737,100.0,0.0,19.11
666.572,0.41071,8.737,100.0,0.0,19.11
666.719,0.41071,8.744,100.0,0.0,19.21
666.866,0.41071,8.747,100.0,0.0,19.21
667.012,0.41071,8.75,100.0,0.0,19.29
667.16,0.41071,8.75,100.0,0.0,19.29
667.306,0.41071,8.756,100.0,0.0,19.28
667.454,0.41071,8.759,100.0,0.0,19.28
667.6,0.41071,8.759,100.0,0.0,19.28
667.747,0.41071,8.762,100.0,0.0,19.28
667.894,0.41071,8.766,100.0,0.0,19.35
668.041,0.41071,8.772,100.0,0.0,19.35
668.188,0.41071,8.772,100.0,0.0,19.33
668.334,0.41071,8.775,100.0,0.0,19.33
668.482,0.41071,8.778,100.0,0.0,19.33
668.628,0.40845,8.784,100.0,0.0,19.32
668.786,0.40845,8.784,100.0,0.0,19.32
668.932,0.40845,8.788,100.0,0.0,19.31
669.08,0.40845,8.791,100.0,0.0,19.31
669.226,0.40845,8.791,100.0,0.0,19.41
669.373,0.40845,8.794,100.0,0.0,19.41
669.52,0.40845,8.8,100.0,0.0,19.31
669.668,0.40845,8.803,100.0,0.0,19.31
669.814,0.40845,8.803,100.0,0.0,19.34
669.961,0.40845,8.806,100.0,0.0,19.34
670.108,0.40845,8.812,100.0,0.0,19.37
670.254,0.40845,8.812,100.0,0.0,19.37
670.402,0.41094,8.816,100.0,0.0,19.35
670.549,0.41094,8.819,100.0,0.0,19.35
670.696,0.41094,8.822,100.0,0.0,19.33
670.843,0.41094,8.822,100.0,0.0,19.33
670.99,0.41094,8.828,100.0,0.0,19.36
671.136,0.41094,8.831,100.0,0.0,19.36
671.284,0.41094,8.831,100.0,0.0,19.42
671.43,0.41094,8.834,100.0,0.0,19.42
671.577,0.41094,8.841,100.0,0.0,19.43
671.724,0.41094,8.844,100.0,0.0,19.43
671.871,0.41094,8.844,100.0,0.0,19.44
672.018,0.41094,8.847,100.0,0.0,19.44
672.165,0.41094,8.85,100.0,0.0,19.45
672.312,0.41094,8.85,100.0,0.0,19.45
672.458,0.40688,8.856,100.0,0.0,19.42
672.606,0.40688,8.859,100.0,0.0,19.42
672.753,0.40688,8.862,100.0,0.0,19.39
672.899,0.40688,8.862,100.0,0.0,19.39
673.046,0.40688,8.869,100.0,0.0,19.37
673.193,0.40688,8.872,100.0,0.0,19.37
673.341,0.40688,8.875,100.0,0.0,19.35
673.497,0.40688,8.875,100.0,0.0,19.35
673.644,0.40688,8.878,100.0,0.0,19.38
673.791,0.40688,8.884,100.0,0.0,19.38
673.938,0.40688,8.884,100.0,0.0,19.32
674.084,0.40688,8.887,100.0,0.0,19.32
674.232,0.41031,8.891,100.0,0.0,19.31
674.379,0.41031,8.897,100.0,0.0,19.31
674.526,0.41031,8.897,100.0,0.0,19.34
674.673,0.41031,8.9,100.0,0.0,19.34
674.819,0.41031,8.903,100.0,0.0,19.36
674.967,0.41031,8.903,100.0,0.0,19.36
675.113,0.41031,8.906,100.0,0.0,19.36
675.26,0.41031,8.913,100.0,0.0,19.35
675.407,0.41031,8.916,100.0,0.0,19.35
675.555,0.41031,8.916,100.0,0.0,19.33
675.701,0.41031,8.919,100.0,0.0,19.33
675.848,0.41031,8.925,100.0,0.0,19.36
675.995,0.41031,8.925,100.0,0.0,19.36
676.141,0.41031,8.928,100.0,0.0,19.38
676.289,0.41384,8.931,100.0,0.0,19.38
676.442,0.41384,8.934,100.0,0.0,19.4
676.589,0.41384,8.934,100.0,0.0,19.4
676.735,0.41384,8.941,100.0,0.0,19.26
676.883,0.41384,8.944,100.0,0.0,19.26
677.029,0.41384,8.947,100.0,0.0,19.19
677.185,0.41384,8.947,100.0,0.0,19.19
677.331,0.41384,8.953,100.0,0.0,19.16
677.478,0.41384,8.956,100.0,0.0,19.16
677.625,0.41384,8.956,100.0,0.0,19.13
677.772,0.41384,8.959,100.0,0.0,19.13
677.919,0.41384,8.962,100.0,0.0,19.11
678.066,0.41114,8.969,100.0,0.0,19.11
678.213,0.41114,8.969,100.0,0.0,19.02
678.359,0.41114,8.972,100.0,0.0,19.02
678.507,0.41114,8.975,100.0,0.0,18.98
678.653,0.41114,8.975,100.0,0.0,18.98
678.8,0.41114,8.981,100.0,0.0,18.95
678.947,0.41114,8.984,100.0,0.0,18.95
679.095,0.41114,8.987,100.0,0.0,18.95
679.241,0.41114,8.987,100.0,0.0,18.95
679.388,0.41114,8.991,100.0,0.0,18.92
679.535,0.41114,8.997,100.0,0.0,18.92
679.681,0.41114,8.997,100.0,0.0,18.9
679.829,0.41114,9.0,100.0,0.0,18.9
679.975,0.41114,9.003,100.0,0.0,18.95
680.123,0.41114,9.009,100.0,0.0,18.95
680.269,0.40505,9.009,100.0,0.0,18.92
680.417,0.40505,9.012,100.0,0.0,18.92
680.563,0.40505,9.016,100.0,0.0,18.89
680.711,0.40505,9.016,100.0,0.0,18.89
680.857,0.40505,9.019,100.0,0.0,18.84
681.004,0.40505,9.025,100.0,0.0,18.84
681.151,0.40505,9.028,100.0,0.0,18.79
681.298,0.40505,9.028,100.0,0.0,18.79
681.445,0.40505,9.031,100.0,0.0,18.79
681.592,0.40505,9.038,100.0,0.0,18.63
681.739,0.40505,9.041,100.0,0.0,18.63
681.896,0.41631,9.041,100.0,0.0,18.24
682.043,0.41631,9.044,100.0,0.0,18.24
682.19,0.41631,9.047,100.0,0.0,18.13
682.337,0.41631,9.047,100.0,0.0,18.13
682.484,0.41631,9.053,100.0,0.0,17.32
682.631,0.41631,9.056,100.0,0.0,17.32
682.778,0.41631,9.059,100.0,0.0,15.17
682.924,0.41631,9.059,100.0,0.0,15.17
683.071,0.41631,9.066,100.0,0.0,15.11
683.218,0.41631,9.069,100.0,0.0,15.11
683.366,0.41631,9.069,100.0,0.0,15.65
683.512,0.41631,9.072,100.0,0.0,15.65
683.659,0.41631,9.075,100.0,0.0,16.08
683.806,0.41631,9.081,100.0,0.0,16.08
683.954,0.41631,9.081,100.0,0.0,16.41
684.1,0.40751,9.084,100.0,0.0,16.41
684.247,0.40751,9.087,100.0,0.0,16.65
684.394,0.40751,9.087,100.0,0.0,16.65
684.54,0.40751,9.094,100.0,0.0,17.0
684.688,0.40751,9.097,100.0,0.0,17.0
684.834,0.41373,9.1,100.0,0.0,17.22
684.982,0.41373,9.1,100.0,0.0,17.22
685.128,0.41373,9.103,100.0,0.0,17.45
685.276,0.41373,9.109,100.0,0.0,17.45
685.423,0.41373,9.109,100.0,0.0,17.65
685.569,0.41373,9.112,100.0,0.0,17.65
685.716,0.40845,9.116,100.0,0.0,17.78
685.863,0.40845,9.122,100.0,0.0,17.78
686.011,0.40845,9.122,100.0,0.0,17.88
686.157,0.40845,9.125,100.0,0.0,17.88
686.305,0.40845,9.128,100.0,0.0,18.01
686.451,0.40845,9.131,100.0,0.0,18.01
686.608,0.40845,9.131,100.0,0.0,17.97
686.754,0.40845,9.137,100.0,0.0,17.97
686.901,0.40845,9.141,100.0,0.0,17.98
687.048,0.40845,9.141,100.0,0.0,17.98
687.194,0.40845,9.144,100.0,0.0,18.06
687.342,0.40845,9.15,100.0,0.0,18.06
687.488,0.40845,9.153,100.0,0.0,18.24
687.636,0.40845,9.153,100.0,0.0,18.24
687.782,0.40845,9.156,100.0,0.0,18.39
687.93,0.40795,9.159,100.0,0.0,18.39
688.077,0.40795,9.159,100.0,0.0,18.39
688.224,0.40795,9.166,100.0,0.0,18.48
688.37,0.40795,9.169,100.0,0.0,18.48
688.517,0.40795,9.172,100.0,0.0,18.56
688.664,0.40618,9.172,100.0,0.0,18.56
688.814,0.40618,9.178,100.0,0.0,18.66
688.961,0.40618,9.181,100.0,0.0,18.66
689.108,0.40618,9.181,100.0,0.0,18.67
689.255,0.40618,9.184,100.0,0.0,18.67
689.402,0.40618,9.187,100.0,0.0,18.72
689.549,0.40739,9.194,100.0,0.0,18.72
689.696,0.40739,9.194,100.0,0.0,18.76
689.843,0.40739,9.197,100.0,0.0,18.76
689.99,0.40739,9.2,100.0,0.0,18.84
690.137,0.40739,9.2,100.0,0.0,18.84
690.284,0.40739,9.206,100.0,0.0,18.9
690.43,0.40739,9.209,100.0,0.0,18.9
690.578,0.40739,9.212,100.0,0.0,18.95
690.724,0.40739,9.212,100.0,0.0,18.95
690.872,0.40739,9.216,100.0,0.0,18.96
691.018,0.40739,9.222,100.0,0.0,18.96
691.166,0.40739,9.225,100.0,0.0,19.0
691.319,0.40739,9.225,100.0,0.0,19.0
691.466,0.40739,9.228,100.0,0.0,19.0
691.612,0.40739,9.234,100.0,0.0,19.0
691.759,0.41186,9.234,100.0,0.0,19.08
691.906,0.41186,9.237,100.0,0.0,19.08
692.053,0.41186,9.241,100.0,0.0,19.07
692.201,0.41186,9.244,100.0,0.0,19.07
692.347,0.41186,9.244,100.0,0.0,19.06
692.494,0.41186,9.25,100.0,0.0,19.06
692.641,0.40293,9.253,100.0,0.0,19.01
692.789,0.40293,9.253,100.0,0.0,19.01
692.935,0.40622,9.256,100.0,0.0,18.97
693.082,0.40622,9.262,100.0,0.0,18.97
693.229,0.40622,9.266,100.0,0.0,18.98
693.376,0.40622,9.266,100.0,0.0,18.98
693.523,0.40622,9.269,100.0,0.0,19.02
693.67,0.40622,9.272,100.0,0.0,19.02
693.817,0.40622,9.272,100.0,0.0,18.98
693.963,0.40622,9.278,100.0,0.0,18.98
694.111,0.40622,9.281,100.0,0.0,19.02
694.257,0.40622,9.284,100.0,0.0,19.02
694.404,0.40622,9.284,100.0,0.0,19.02
694.551,0.40622,9.291,100.0,0.0,19.05
694.698,0.40622,9.294,100.0,0.0,19.05
694.845,0.40622,9.294,100.0,0.0,18.97
694.991,0.40622,9.297,100.0,0.0,18.97
695.139,0.40622,9.3,100.0,0.0,18.94
695.286,0.40622,9.306,100.0,0.0,18.94
695.433,0.40622,9.306,100.0,0.0,18.95
695.579,0.41044,9.309,100.0,0.0,18.95
695.726,0.41044,9.312,100.0,0.0,18.99
695.874,0.41044,9.319,100.0,0.0,18.99
696.031,0.41044,9.319,100.0,0.0,18.99
696.177,0.41044,9.322,100.0,0.0,18.99
696.324,0.41044,9.325,100.0,0.0,19.03
696.471,0.41283,9.325,100.0,0.0,19.03
696.618,0.41283,9.328,100.0,0.0,19.03
696.765,0.41283,9.334,100.0,0.0,19.03
696.912,0.41283,9.337,100.0,0.0,19.06
697.059,0.41283,9.337,100.0,0.0,19.06
697.206,0.41283,9.341,100.0,0.0,19.09
697.353,0.41283,9.347,100.0,0.0,19.09
697.5,0.41283,9.347,100.0,0.0,19.08
697.646,0.40855,9.35,100.0,0.0,19.08
697.794,0.40855,9.353,100.0,0.0,19.1
697.94,0.40855,9.356,100.0,0.0,19.1
698.088,0.41054,9.356,100.0,0.0,19.09
698.234,0.41054,9.362,100.0,0.0,19.09
698.382,0.41054,9.366,100.0,0.0,19.0
698.529,0.41054,9.366,100.0,0.0,19.0
698.676,0.41054,9.369,100.0,0.0,19.04
698.822,0.41054,9.375,100.0,0.0,19.04
698.969,0.41054,9.378,100.0,0.0,19.03
699.116,0.41054,9.378,100.0,0.0,19.03
699.263,0.41054,9.381,100.0,0.0,19.06
699.41,0.41054,9.384,100.0,0.0,19.06
699.557,0.41054,9.384,100.0,0.0,19.05
699.704,0.41054,9.391,100.0,0.0,19.05
699.851,0.40663,9.394,100.0,0.0,19.05
699.998,0.40663,9.397,100.0,0.0,19.05
700.145,0.40663,9.397,100.0,0.0,19.08
700.291,0.40663,9.403,100.0,0.0,19.08
700.439,0.40663,9.406,100.0,0.0,19.1
700.585,0.40663,9.409,100.0,0.0,19.1
700.742,0.40818,9.409,100.0,0.0,19.16
700.888,0.40818,9.413,100.0,0.0,19.16
701.036,0.40818,9.419,100.0,0.0,19.16
701.182,0.40818,9.419,100.0,0.0,19.21
701.33,0.40818,9.422,100.0,0.0,19.21
701.476,0.40818,9.425,100.0,0.0,19.22
701.624,0.40818,9.431,100.0,0.0,19.22
701.77,0.40818,9.431,100.0,0.0,19.19
701.917,0.41091,9.434,100.0,0.0,19.19
702.064,0.41091,9.437,100.0,0.0,19.16
702.211,0.41091,9.437,100.0,0.0,19.16
702.358,0.40784,9.441,100.0,0.0,19.06
702.505,0.40784,9.447,100.0,0.0,19.06
702.653,0.40784,9.45,100.0,0.0,19.05
702.799,0.40784,9.45,100.0,0.0,19.05
702.946,0.40784,9.453,100.0,0.0,19.08
703.093,0.40784,9.459,100.0,0.0,19.08
703.24,0.40784,9.459,100.0,0.0,19.07
703.387,0.40784,9.462,100.0,0.0,19.07
703.533,0.40784,9.466,100.0,0.0,18.98
703.681,0.40784,9.469,100.0,0.0,18.98
703.827,0.40784,9.469,100.0,0.0,18.99
703.975,0.40784,9.475,100.0,0.0,18.99
704.121,0.40605,9.478,100.0,0.0,18.95
704.269,0.40605,9.478,100.0,0.0,18.95
704.415,0.40605,9.481,100.0,0.0,18.92
704.563,0.40605,9.487,100.0,0.0,18.92
704.709,0.40605,9.491,100.0,0.0,18.86
704.856,0.40605,9.491,100.0,0.0,18.86
705.003,0.41011,9.494,100.0,0.0,18.84
705.15,0.41011,9.497,100.0,0.0,18.84
705.297,0.41011,9.503,100.0,0.0,18.9
705.453,0.41011,9.503,100.0,0.0,18.9
705.6,0.41011,9.506,100.0,0.0,18.88
705.746,0.41011,9.509,100.0,0.0,18.88
705.894,0.41011,9.509,100.0,0.0,18.9
706.04,0.41011,9.516,100.0,0.0,18.9
706.188,0.40774,9.519,100.0,0.0,18.88
706.335,0.40774,9.522,100.0,0.0,18.88
706.482,0.40774,9.522,100.0,0.0,18.89
706.628,0.41113,9.525,100.0,0.0,18.89
706.775,0.41113,9.531,100.0,0.0,18.87
706.923,0.41113,9.531,100.0,0.0,18.87
707.069,0.41113,9.534,100.0,0.0,18.93
707.217,0.41113,9.538,100.0,0.0,18.93
707.363,0.41113,9.544,100.0,0.0,18.93
707.511,0.41113,9.544,100.0,0.0,18.94
707.657,0.41113,9.547,100.0,0.0,18.94
707.804,0.41113,9.55,100.0,0.0,18.95
707.951,0.41113,9.55,100.0,0.0,18.95
708.097,0.41113,9.553,100.0,0.0,18.96
708.245,0.41113,9.559,100.0,0.0,18.96
708.391,0.41122,9.562,100.0,0.0,19.0
708.539,0.41122,9.562,100.0,0.0,19.0
708.685,0.41122,9.566,100.0,0.0,19.0
708.833,0.41122,9.572,100.0,0.0,19.0
708.979,0.41122,9.572,100.0,0.0,18.93
709.127,0.41122,9.575,100.0,0.0,18.93
709.273,0.40823,9.578,100.0,0.0,18.9
709.42,0.40823,9.581,100.0,0.0,18.9
709.568,0.40823,9.581,100.0,0.0,18.88
709.714,0.40823,9.587,100.0,0.0,18.88
709.861,0.40823,9.591,100.0,0.0,18.86
710.008,0.40823,9.594,100.0,0.0,18.86
710.165,0.40823,9.594,100.0,0.0,18.92
710.311,0.40823,9.6,100.0,0.0,18.92
710.458,0.40823,9.603,100.0,0.0,18.97
710.605,0.40823,9.603,100.0,0.0,18.97
710.752,0.40823,9.606,100.0,0.0,18.97
710.899,0.40878,9.609,100.0,0.0,18.97
711.047,0.40878,9.616,100.0,0.0,18.98
711.193,0.40878,9.616,100.0,0.0,18.98
711.339,0.40878,9.619,100.0,0.0,18.94
711.487,0.40878,9.622,100.0,0.0,18.94
711.633,0.40878,9.622,100.0,0.0,18.88
711.781,0.40878,9.628,100.0,0.0,18.88
711.927,0.40878,9.631,100.0,0.0,18.93
712.075,0.40878,9.634,100.0,0.0,18.93
712.221,0.40878,9.634,100.0,0.0,18.94
712.367,0.40878,9.637,100.0,0.0,18.94
712.515,0.40878,9.644,100.0,0.0,19.03
712.662,0.4065,9.644,100.0,0.0,19.03
712.809,0.4065,9.647,100.0,0.0,19.06
712.956,0.4065,9.65,100.0,0.0,19.06
713.103,0.4065,9.656,100.0,0.0,19.09
713.25,0.4065,9.656,100.0,0.0,19.09
713.397,0.4065,9.659,100.0,0.0,19.11
713.544,0.4078,9.663,100.0,0.0,19.11
713.69,0.4078,9.663,100.0,0.0,19.11
713.838,0.4078,9.666,100.0,0.0,19.17
713.984,0.4078,9.672,100.0,0.0,19.17
714.132,0.4078,9.675,100.0,0.0,19.14
714.278,0.4078,9.675,100.0,0.0,19.14
714.425,0.4078,9.678,100.0,0.0,19.12
714.572,0.4078,9.684,100.0,0.0,19.12
714.72,0.40954,9.687,100.0,0.0,19.18
714.876,0.40954,9.687,100.0,0.0,19.18
715.023,0.40954,9.691,100.0,0.0,19.19
715.17,0.40954,9.694,100.0,0.0,19.19
715.317,0.40954,9.694,100.0,0.0,19.12
715.463,0.40954,9.7,100.0,0.0,19.12
715.61,0.40954,9.703,100.0,0.0,19.14
715.758,0.40954,9.706,100.0,0.0,19.14
715.904,0.40954,9.706,100.0,0.0,19.16
716.051,0.40954,9.712,100.0,0.0,19.16
716.198,0.40954,9.716,100.0,0.0,19.17
716.345,0.40954,9.716,100.0,0.0,19.17
716.492,0.41051,9.719,100.0,0.0,19.18
716.639,0.41051,9.722,100.0,0.0,19.18
716.786,0.41051,9.728,100.0,0.0,19.19
716.933,0.41051,9.728,100.0,0.0,19.19
717.08,0.41051,9.731,100.0,0.0,19.17
717.226,0.41051,9.734,100.0,0.0,19.17
717.374,0.41085,9.734,100.0,0.0,19.18
717.52,0.41085,9.741,100.0,0.0,19.18
717.668,0.41085,9.744,100.0,0.0,19.19
717.815,0.41085,9.747,100.0,0.0,19.19
717.962,0.41085,9.747,100.0,0.0,19.2
718.108,0.40861,9.75,100.0,0.0,19.2
718.255,0.40861,9.756,100.0,0.0,19.21
718.403,0.40861,9.756,100.0,0.0,19.21
718.549,0.40861,9.759,100.0,0.0,19.17
718.696,0.40861,9.762,100.0,0.0,19.17
718.843,0.40861,9.769,100.0,0.0,19.22
718.991,0.40861,9.769,100.0,0.0,19.22
719.137,0.40861,9.772,100.0,0.0,19.19
719.284,0.40861,9.775,100.0,0.0,19.19
719.431,0.40861,9.778,100.0,0.0,19.16
719.588,0.40861,9.778,100.0,0.0,19.16
719.734,0.40861,9.784,100.0,0.0,19.14
719.881,0.40861,9.788,100.0,0.0,19.14
720.028,0.40861,9.788,100.0,0.0,19.12
720.174,0.40861,9.791,100.0,0.0,19.12
720.322,0.4136,9.797,100.0,0.0,19.12
720.469,0.4136,9.8,100.0,0.0,19.1
720.616,0.4136,9.8,100.0,0.0,19.1
720.762,0.4136,9.803,100.0,0.0,19.12
720.91,0.4136,9.806,100.0,0.0,19.12
721.057,0.4136,9.806,100.0,0.0,19.1
721.204,0.40837,9.812,100.0,0.0,19.1
721.351,0.40837,9.816,100.0,0.0,19.13
721.497,0.40837,9.819,100.0,0.0,19.13
721.645,0.40837,9.819,100.0,0.0,19.11
721.791,0.40837,9.825,100.0,0.0,19.11
721.938,0.41041,9.828,100.0,0.0,19.05
722.092,0.41041,9.828,100.0,0.0,19.05
722.239,0.41041,9.831,100.0,0.0,19.05
722.386,0.41041,9.834,100.0,0.0,19.05
722.533,0.41041,9.841,100.0,0.0,19.04
722.68,0.41041,9.841,100.0,0.0,19.04
722.827,0.41041,9.844,100.0,0.0,19.11
722.974,0.41041,9.847,100.0,0.0,19.11
723.121,0.41041,9.853,100.0,0.0,19.17
723.274,0.41041,9.853,100.0,0.0,19.17
723.421,0.41041,9.856,100.0,0.0,19.14
723.568,0.41041,9.859,100.0,0.0,19.14
723.715,0.41041,9.859,100.0,0.0,19.16
723.862,0.41041,9.862,100.0,0.0,19.16
724.008,0.41041,9.869,100.0,0.0,19.1
724.156,0.41032,9.872,100.0,0.0,19.1
724.303,0.41032,9.872,100.0,0.0,19.04
724.45,0.41032,9.875,100.0,0.0,19.04
724.597,0.41032,9.881,100.0,0.0,19.0
724.744,0.41032,9.881,100.0,0.0,19.0
724.89,0.41032,9.884,100.0,0.0,19.0
725.037,0.40731,9.887,100.0,0.0,19.0
725.185,0.40731,9.891,100.0,0.0,19.04
725.331,0.40731,9.891,100.0,0.0,19.04
725.478,0.40731,9.897,100.0,0.0,19.07
725.625,0.40731,9.9,100.0,0.0,19.07
725.773,0.40731,9.9,100.0,0.0,19.06
725.919,0.40903,9.903,100.0,0.0,19.06
726.067,0.40903,9.909,100.0,0.0,19.05
726.213,0.40986,9.913,100.0,0.0,19.05
726.36,0.40986,9.913,100.0,0.0,19.08
726.507,0.40986,9.916,100.0,0.0,19.08
726.654,0.40821,9.919,100.0,0.0,19.08
726.802,0.40821,9.919,100.0,0.0,19.07
726.948,0.40821,9.925,100.0,0.0,19.07
727.095,0.40821,9.928,100.0,0.0,19.06
727.242,0.40821,9.931,100.0,0.0,19.06
727.39,0.40821,9.931,100.0,0.0,19.05
727.536,0.40821,9.937,100.0,0.0,19.05
727.682,0.40821,9.941,100.0,0.0,19.0
727.83,0.40821,9.944,100.0,0.0,19.0
727.987,0.40821,9.944,100.0,0.0,19.0
728.133,0.40821,9.947,100.0,0.0,19.0
728.279,0.40821,9.953,100.0,0.0,19.04
728.427,0.4064,9.953,100.0,0.0,19.04
728.573,0.4064,9.956,100.0,0.0,19.03
728.721,0.4064,9.959,100.0,0.0,19.03
728.868,0.4064,9.966,100.0,0.0,19.03
729.015,0.4064,9.966,100.0,0.0,19.03
729.161,0.4064,9.969,100.0,0.0,19.02
729.309,0.40424,9.972,100.0,0.0,19.02
729.456,0.40424,9.972,100.0,0.0,19.06
729.602,0.40424,9.975,100.0,0.0,19.06
729.749,0.40424,9.981,100.0,0.0,19.09
729.896,0.40424,9.984,100.0,0.0,19.09
730.044,0.40671,9.984,100.0,0.0,19.04
730.198,0.40671,9.987,100.0,0.0,19.04
730.345,0.40671,9.994,100.0,0.0,19.07
730.492,0.41154,9.997,100.0,0.0,19.07
730.649,0.41154,9.997,100.0,0.0,19.1
730.795,0.41154,10.0,100.0,0.0,19.1
730.944,0.41154,10.003,100.0,0.0,19.08
731.091,0.41154,10.003,100.0,0.0,19.08
731.239,0.41154,10.009,100.0,0.0,19.07
731.387,0.41154,10.012,100.0,0.0,19.07
731.536,0.41154,10.016,100.0,0.0,19.06
731.683,0.41154,10.016,100.0,0.0,19.06
731.831,0.41154,10.022,100.0,0.0,19.05
731.979,0.41154,10.025,100.0,0.0,19.05
732.128,0.41154,10.025,100.0,0.0,19.04
732.275,0.41154,10.028,100.0,0.0,19.04
732.424,0.41154,10.031,100.0,0.0,19.07
732.571,0.41154,10.038,100.0,0.0,19.07
732.719,0.40559,10.038,100.0,0.0,19.06
732.867,0.40559,10.041,100.0,0.0,19.06
733.015,0.40559,10.044,100.0,0.0,19.09
733.163,0.40559,10.05,100.0,0.0,19.09
733.321,0.40559,10.05,100.0,0.0,19.11
733.468,0.40578,10.053,100.0,0.0,19.11
733.617,0.40578,10.056,100.0,0.0,19.06
733.764,0.40578,10.056,100.0,0.0,19.06
733.912,0.40578,10.059,100.0,0.0,19.05
734.06,0.40578,10.066,100.0,0.0,19.05
734.208,0.40578,10.069,100.0,0.0,19.04
734.356,0.40713,10.069,100.0,0.0,19.04
734.504,0.40713,10.072,100.0,0.0,19.04
734.653,0.40713,10.078,100.0,0.0,19.04
734.8,0.40713,10.078,100.0,0.0,18.99
734.948,0.40713,10.081,100.0,0.0,18.99
735.096,0.40713,10.084,100.0,0.0,19.03
735.245,0.40713,10.087,100.0,0.0,19.03
735.392,0.40713,10.087,100.0,0.0,19.03
735.54,0.40713,10.094,100.0,0.0,18.99
735.688,0.40713,10.097,100.0,0.0,18.99
735.837,0.40713,10.1,100.0,0.0,19.03
735.99,0.40713,10.1,100.0,0.0,19.03
736.138,0.40713,10.106,100.0,0.0,19.06
736.285,0.40713,10.109,100.0,0.0,19.06
736.434,0.40713,10.109,100.0,0.0,19.09
736.581,0.41104,10.112,100.0,0.0,19.09
736.729,0.41104,10.116,100.0,0.0,19.11
736.878,0.41104,10.122,100.0,0.0,19.11
737.025,0.41104,10.122,100.0,0.0,19.13
737.173,0.41104,10.125,100.0,0.0,19.13
737.321,0.40851,10.128,100.0,0.0,19.15
737.47,0.40851,10.128,100.0,0.0,19.15
737.617,0.40851,10.134,100.0,0.0,19.13
737.766,0.40851,10.137,100.0,0.0,19.13
737.913,0.40851,10.141,100.0,0.0,19.11
738.062,0.40851,10.141,100.0,0.0,19.11
738.209,0.40791,10.144,100.0,0.0,19.13
738.358,0.40791,10.15,100.0,0.0,19.13
738.506,0.40791,10.153,100.0,0.0,19.22
738.66,0.40791,10.153,100.0,0.0,19.22
738.807,0.40791,10.156,100.0,0.0,19.23
738.956,0.40791,10.163,100.0,0.0,19.23
739.103,0.40791,10.163,100.0,0.0,19.16
739.251,0.40791,10.166,100.0,0.0,19.16
739.399,0.40791,10.169,100.0,0.0,19.13
739.548,0.40791,10.172,100.0,0.0,19.13
739.695,0.40791,10.172,100.0,0.0,19.15
739.842,0.40791,10.178,100.0,0.0,19.15
739.991,0.40791,10.181,100.0,0.0,19.13
740.139,0.40791,10.181,100.0,0.0,19.13
740.287,0.4044,10.184,100.0,0.0,19.15
740.438,0.4044,10.191,100.0,0.0,19.15
740.587,0.4044,10.194,100.0,0.0,19.16
740.735,0.4044,10.194,100.0,0.0,19.16
740.883,0.4044,10.197,100.0,0.0,19.1
741.03,0.4044,10.2,100.0,0.0,19.1
741.179,0.40752,10.206,100.0,0.0,19.12
741.329,0.40752,10.206,100.0,0.0,19.12
741.477,0.40752,10.209,100.0,0.0,19.14
741.624,0.40752,10.212,100.0,0.0,19.14
741.773,0.40752,10.212,100.0,0.0,19.16
741.92,0.40752,10.219,100.0,0.0,19.16
742.069,0.40629,10.222,100.0,0.0,19.17
742.217,0.40629,10.225,100.0,0.0,19.17
742.365,0.40629,10.225,100.0,0.0,19.15
742.513,0.40629,10.228,100.0,0.0,19.15
742.66,0.40629,10.234,100.0,0.0,19.12
742.809,0.40629,10.234,100.0,0.0,19.12
742.956,0.40629,10.237,100.0,0.0,19.14
743.105,0.40629,10.241,100.0,0.0,19.14
743.252,0.40629,10.247,100.0,0.0,19.12
743.401,0.40629,10.247,100.0,0.0,19.12
743.548,0.40629,10.25,100.0,0.0,19.14
743.697,0.40629,10.253,100.0,0.0,19.14
743.844,0.40629,10.256,100.0,0.0,19.16
743.999,0.40629,10.256,100.0,0.0,19.16
744.146,0.40451,10.262,100.0,0.0,19.21
744.295,0.40451,10.266,100.0,0.0,19.21
744.443,0.40451,10.266,100.0,0.0,19.18
744.591,0.40451,10.269,100.0,0.0,19.18
744.738,0.40451,10.275,100.0,0.0,19.15
744.887,0.40451,10.278,100.0,0.0,19.15
745.035,0.4042,10.278,100.0,0.0,19.15
745.183,0.4042,10.281,100.0,0.0,19.17
745.331,0.4042,10.284,100.0,0.0,19.17
745.479,0.4042,10.284,100.0,0.0,19.22
745.627,0.4042,10.291,100.0,0.0,19.22
745.774,0.4042,10.294,100.0,0.0,19.22
745.923,0.4091,10.297,100.0,0.0,19.22
746.071,0.4091,10.297,100.0,0.0,19.19
746.219,0.4091,10.303,100.0,0.0,19.19
746.366,0.4091,10.306,100.0,0.0,19.12
746.515,0.4091,10.309,100.0,0.0,19.12
746.668,0.4091,10.309,100.0,0.0,19.07
746.816,0.4091,10.312,100.0,0.0,19.07
746.963,0.4091,10.319,100.0,0.0,19.06
747.112,0.4091,10.319,100.0,0.0,19.06
747.259,0.4091,10.322,100.0,0.0,19.05
747.408,0.4091,10.325,100.0,0.0,19.05
747.555,0.4091,10.331,100.0,0.0,19.08
747.704,0.4091,10.331,100.0,0.0,19.08
747.851,0.4091,10.334,100.0,0.0,19.03
748.0,0.40531,10.337,100.0,0.0,19.03
748.148,0.40531,10.337,100.0,0.0,19.06
748.296,0.40531,10.341,100.0,0.0,19.06
748.444,0.40531,10.347,100.0,0.0,19.09
748.591,0.40531,10.35,100.0,0.0,19.09
748.74,0.40531,10.35,100.0,0.0,19.11
748.887,0.40645,10.353,100.0,0.0,19.11
749.036,0.40645,10.359,100.0,0.0,19.13
749.184,0.40645,10.362,100.0,0.0,19.13
749.338,0.40645,10.362,100.0,0.0,19.15
749.485,0.40645,10.366,100.0,0.0,19.15
749.634,0.40645,10.369,100.0,0.0,19.09
749.781,0.40479,10.369,100.0,0.0,19.09
749.93,0.40479,10.375,100.0,0.0,19.08
750.077,0.40479,10.378,100.0,0.0,19.08
750.226,0.40479,10.381,100.0,0.0,19.07
750.374,0.40479,10.381,100.0,0.0,19.07
750.522,0.40479,10.387,100.0,0.0,19.09
750.669,0.40479,10.391,100.0,0.0,19.09
750.818,0.40479,10.391,100.0,0.0,19.04
750.965,0.40479,10.394,100.0,0.0,19.04
751.114,0.40479,10.397,100.0,0.0,19.07
751.262,0.40479,10.403,100.0,0.0,19.07
751.41,0.40479,10.403,100.0,0.0,19.06
751.557,0.40479,10.406,100.0,0.0,19.06
751.705,0.40479,10.409,100.0,0.0,19.09
751.854,0.40479,10.416,100.0,0.0,19.09
752.008,0.40479,10.416,100.0,0.0,19.19
752.155,0.40479,10.419,100.0,0.0,19.19
752.302,0.40479,10.422,100.0,0.0,19.12
752.451,0.40479,10.422,100.0,0.0,19.12
752.598,0.40479,10.425,100.0,0.0,19.1
752.747,0.40798,10.431,100.0,0.0,19.1
752.895,0.40798,10.434,100.0,0.0,19.01
753.043,0.40798,10.434,100.0,0.0,19.01
753.191,0.40798,10.437,100.0,0.0,19.05
753.339,0.40798,10.444,100.0,0.0,19.05
753.487,0.40798,10.444,100.0,0.0,19.0
753.635,0.40269,10.447,100.0,0.0,19.0
753.783,0.40269,10.45,100.0,0.0,19.08
753.932,0.40269,10.453,100.0,0.0,19.08
754.079,0.40269,10.453,100.0,0.0,19.07
754.227,0.40269,10.459,100.0,0.0,19.07
754.375,0.40269,10.462,100.0,0.0,19.07
754.524,0.40269,10.466,100.0,0.0,19.13
754.677,0.40269,10.466,100.0,0.0,19.13
754.825,0.40269,10.472,100.0,0.0,19.15
754.973,0.40269,10.475,100.0,0.0,19.15
755.121,0.40269,10.475,100.0,0.0,19.2
755.269,0.40269,10.478,100.0,0.0,19.2
755.416,0.40269,10.481,100.0,0.0,19.21
755.565,0.40269,10.487,100.0,0.0,19.21
755.712,0.40269,10.487,100.0,0.0,19.14
755.861,0.40269,10.491,100.0,0.0,19.14
756.008,0.40269,10.494,100.0,0.0,19.08
756.157,0.40269,10.494,100.0,0.0,19.08
756.304,0.40269,10.5,100.0,0.0,19.07
756.453,0.40269,10.503,100.0,0.0,19.07
756.6,0.40753,10.506,100.0,0.0,19.1
756.749,0.40753,10.506,100.0,0.0,19.1
756.896,0.40753,10.509,100.0,0.0,19.16
757.045,0.40753,10.516,100.0,0.0,19.16
757.193,0.40753,10.519,100.0,0.0,19.13
757.347,0.40753,10.519,100.0,0.0,19.13
757.494,0.40674,10.522,100.0,0.0,19.19
757.643,0.40674,10.528,100.0,0.0,19.19
757.791,0.40674,10.528,100.0,0.0,19.2
757.939,0.40674,10.531,100.0,0.0,19.2
758.086,0.40674,10.534,100.0,0.0,19.21
758.234,0.40674,10.538,100.0,0.0,19.21
758.383,0.40674,10.538,100.0,0.0,19.21
758.53,0.40674,10.544,100.0,0.0,19.21
758.678,0.40674,10.547,100.0,0.0,19.22
758.826,0.40674,10.547,100.0,0.0,19.22
758.974,0.40674,10.55,100.0,0.0,19.22
759.122,0.40674,10.556,100.0,0.0,19.22
759.27,0.40674,10.559,100.0,0.0,19.26
759.418,0.40674,10.559,100.0,0.0,19.26
759.566,0.40674,10.562,100.0,0.0,19.26
759.714,0.40674,10.566,100.0,0.0,19.26
759.862,0.40674,10.572,100.0,0.0,19.26
760.016,0.39907,10.572,100.0,0.0,19.26
760.165,0.39907,10.575,100.0,0.0,19.26
760.312,0.39907,10.578,100.0,0.0,19.26
760.461,0.39907,10.578,100.0,0.0,19.26
760.608,0.39907,10.584,100.0,0.0,19.26
760.757,0.39907,10.587,100.0,0.0,19.22
760.904,0.4027,10.591,100.0,0.0,19.22
761.053,0.4027,10.591,100.0,0.0,19.19
761.2,0.4027,10.594,100.0,0.0,19.19
761.348,0.4027,10.6,100.0,0.0,19.2
761.497,0.4027,10.6,100.0,0.0,19.2
761.644,0.40634,10.603,100.0,0.0,19.24
761.793,0.40634,10.606,100.0,0.0,19.24
761.94,0.40634,10.612,100.0,0.0,19.21
762.089,0.40617,10.612,100.0,0.0,19.21
762.236,0.40617,10.616,100.0,0.0,19.14
762.385,0.40617,10.619,100.0,0.0,19.14
762.533,0.40617,10.622,100.0,0.0,19.15
762.686,0.40617,10.622,100.0,0.0,19.15
762.833,0.40617,10.628,100.0,0.0,19.17
762.982,0.40617,10.631,100.0,0.0,19.17
763.129,0.40617,10.631,100.0,0.0,19.14
763.278,0.40617,10.634,100.0,0.0,19.14
763.425,0.40617,10.641,100.0,0.0,19.12
763.574,0.40617,10.644,100.0,0.0,19.12
763.721,0.40617,10.644,100.0,0.0,19.1
763.87,0.40322,10.647,100.0,0.0,19.1
764.017,0.40322,10.65,100.0,0.0,19.1
764.165,0.40322,10.65,100.0,0.0,19.16
764.313,0.40322,10.656,100.0,0.0,19.16
764.461,0.40322,10.659,100.0,0.0,19.18
764.609,0.40522,10.663,100.0,0.0,19.18
764.757,0.40522,10.663,100.0,0.0,19.15
764.906,0.40522,10.669,100.0,0.0,19.15
765.053,0.40522,10.672,100.0,0.0,19.05
765.202,0.40522,10.675,100.0,0.0,19.05
765.355,0.40522,10.675,100.0,0.0,19.01
765.503,0.40359,10.678,100.0,0.0,19.01
765.651,0.40359,10.684,100.0,0.0,19.04
765.8,0.40359,10.684,100.0,0.0,19.04
765.947,0.4051,10.687,100.0,0.0,19.0
766.096,0.4051,10.691,100.0,0.0,19.0
766.244,0.4051,10.697,100.0,0.0,18.96
766.392,0.4051,10.697,100.0,0.0,18.96
766.539,0.4051,10.7,100.0,0.0,19.04
766.688,0.4051,10.703,100.0,0.0,19.04
766.836,0.4051,10.703,100.0,0.0,19.07
766.984,0.4051,10.706,100.0,0.0,19.07
767.131,0.4051,10.712,100.0,0.0,19.1
767.279,0.4051,10.716,100.0,0.0,19.1
767.428,0.4051,10.716,100.0,0.0,19.16
767.575,0.4051,10.719,100.0,0.0,19.16
767.724,0.40639,10.725,100.0,0.0,19.25
767.871,0.40639,10.728,100.0,0.0,19.25
768.026,0.40639,10.728,100.0,0.0,19.25
768.173,0.40639,10.731,100.0,0.0,19.25
768.321,0.40639,10.734,100.0,0.0,19.21
768.469,0.40432,10.734,100.0,0.0,19.21
768.617,0.40432,10.741,100.0,0.0,19.14
768.765,0.40432,10.744,100.0,0.0,19.14
768.914,0.40432,10.747,100.0,0.0,19.12
769.061,0.40432,10.747,100.0,0.0,19.12
769.209,0.40432,10.753,100.0,0.0,19.14
769.357,0.40018,10.756,100.0,0.0,19.14
769.506,0.40018,10.756,100.0,0.0,19.08
769.653,0.40018,10.759,100.0,0.0,19.08
769.802,0.40396,10.762,100.0,0.0,19.07
769.95,0.40396,10.769,100.0,0.0,19.07
770.098,0.40396,10.769,100.0,0.0,19.1
770.246,0.40396,10.772,100.0,0.0,19.1
770.393,0.40396,10.775,100.0,0.0,19.04
770.542,0.40396,10.781,100.0,0.0,19.04
770.695,0.40396,10.781,100.0,0.0,19.0
770.843,0.40396,10.784,100.0,0.0,19.0
770.99,0.40396,10.788,100.0,0.0,19.08
771.139,0.40396,10.788,100.0,0.0,19.08
771.286,0.40396,10.791,100.0,0.0,19.1
771.435,0.40312,10.797,100.0,0.0,19.1
771.583,0.40312,10.8,100.0,0.0,19.2
771.732,0.40312,10.8,100.0,0.0,19.2
771.879,0.40312,10.803,100.0,0.0,19.21
772.028,0.40312,10.809,100.0,0.0,19.21
772.175,0.40312,10.809,100.0,0.0,19.21
772.323,0.40144,10.812,100.0,0.0,19.21
772.471,0.40144,10.816,100.0,0.0,19.26
772.62,0.40144,10.819,100.0,0.0,19.26
772.768,0.40144,10.819,100.0,0.0,19.26
772.916,0.40144,10.825,100.0,0.0,19.26
773.063,0.40144,10.828,100.0,0.0,19.25
773.212,0.4077,10.831,100.0,0.0,19.25
773.365,0.4077,10.831,100.0,0.0,19.25
773.513,0.4077,10.837,100.0,0.0,19.25
773.66,0.40181,10.841,100.0,0.0,19.25
773.809,0.40181,10.841,100.0,0.0,19.25
773.957,0.40181,10.844,100.0,0.0,19.25
774.104,0.40181,10.847,100.0,0.0,19.25
774.253,0.40181,10.853,100.0,0.0,19.25
774.4,0.40181,10.853,100.0,0.0,19.29
774.549,0.40181,10.856,100.0,0.0,19.29
774.696,0.40181,10.859,100.0,0.0,19.28
774.845,0.40181,10.859,100.0,0.0,19.28
774.992,0.40181,10.866,100.0,0.0,19.24
775.141,0.40181,10.869,100.0,0.0,19.24
775.288,0.40123,10.872,100.0,0.0,19.24
775.437,0.40123,10.872,100.0,0.0,19.24
775.584,0.40123,10.875,100.0,0.0,19.24
775.733,0.40123,10.881,100.0,0.0,19.24
775.881,0.40123,10.884,100.0,0.0,19.21
776.035,0.40123,10.884,100.0,0.0,19.21
776.182,0.40187,10.887,100.0,0.0,19.21
776.331,0.40187,10.894,100.0,0.0,19.21
776.478,0.40187,10.894,100.0,0.0,19.22
776.626,0.40187,10.897,100.0,0.0,19.22
776.774,0.40187,10.9,100.0,0.0,19.22
776.922,0.40187,10.903,100.0,0.0,19.22
777.07,0.4065,10.903,100.0,0.0,19.15
777.218,0.4065,10.909,100.0,0.0,19.15
777.366,0.4065,10.913,100.0,0.0,19.17
777.514,0.4049,10.913,100.0,0.0,19.17
777.662,0.4049,10.916,100.0,0.0,19.1
777.81,0.4049,10.922,100.0,0.0,19.1
777.959,0.4049,10.925,100.0,0.0,19.16
778.106,0.4049,10.925,100.0,0.0,19.16
778.254,0.4049,10.928,100.0,0.0,19.14
778.402,0.4049,10.931,100.0,0.0,19.14
778.551,0.4049,10.937,100.0,0.0,19.08
778.704,0.4049,10.937,100.0,0.0,19.08
778.852,0.4049,10.941,100.0,0.0,19.11
779.0,0.4049,10.944,100.0,0.0,19.11
779.148,0.4049,10.944,100.0,0.0,19.2
779.295,0.4049,10.95,100.0,0.0,19.2
779.444,0.4049,10.953,100.0,0.0,19.25
779.592,0.4049,10.956,100.0,0.0,19.25
779.74,0.4049,10.956,100.0,0.0,19.25
779.887,0.4049,10.959,100.0,0.0,19.25
780.035,0.40219,10.966,100.0,0.0,19.25
780.184,0.40219,10.966,100.0,0.0,19.25
780.331,0.40219,10.969,100.0,0.0,19.29
780.48,0.40219,10.972,100.0,0.0,19.29
780.627,0.40219,10.978,100.0,0.0,19.28
780.776,0.40219,10.978,100.0,0.0,19.28
780.923,0.40174,10.981,100.0,0.0,19.28
781.072,0.40174,10.984,100.0,0.0,19.28
781.22,0.40174,10.987,100.0,0.0,19.2
781.374,0.40006,10.987,100.0,0.0,19.2
781.521,0.40006,10.994,100.0,0.0,19.09
781.67,0.40006,10.997,100.0,0.0,19.09
781.817,0.40006,10.997,100.0,0.0,19.04
781.966,0.40006,11.0,100.0,0.0,19.04
782.113,0.40006,11.006,100.0,0.0,19.07
782.262,0.40006,11.009,100.0,0.0,19.07
782.41,0.40006,11.009,100.0,0.0,19.06
782.558,0.40006,11.012,100.0,0.0,19.06
782.705,0.40006,11.016,100.0,0.0,19.09
782.853,0.40006,11.016,100.0,0.0,19.09
783.001,0.40006,11.022,100.0,0.0,19.09
783.149,0.40006,11.025,100.0,0.0,19.11
783.297,0.40006,11.028,100.0,0.0,19.11
783.445,0.40386,11.028,100.0,0.0,19.02
783.593,0.40386,11.034,100.0,0.0,19.02
783.741,0.40386,11.038,100.0,0.0,19.09
783.89,0.40386,11.041,100.0,0.0,19.09
784.043,0.40386,11.041,100.0,0.0,19.0
784.191,0.40386,11.044,100.0,0.0,19.0
784.339,0.40143,11.05,100.0,0.0,19.04
784.488,0.40143,11.05,100.0,0.0,19.04
784.635,0.40143,11.053,100.0,0.0,19.04
784.784,0.4045,11.056,100.0,0.0,19.04
784.932,0.4045,11.062,100.0,0.0,18.99
785.08,0.4045,11.062,100.0,0.0,18.99
785.227,0.4045,11.066,100.0,0.0,19.03
785.376,0.4045,11.069,100.0,0.0,19.03
785.524,0.4045,11.069,100.0,0.0,19.1
785.672,0.4045,11.072,100.0,0.0,19.1
785.819,0.4045,11.078,100.0,0.0,19.16
785.967,0.4015,11.081,100.0,0.0,19.16
786.116,0.4015,11.081,100.0,0.0,19.14
786.263,0.4015,11.084,100.0,0.0,19.14
786.412,0.4015,11.091,100.0,0.0,19.12
786.559,0.4015,11.094,100.0,0.0,19.12
786.713,0.4015,11.094,100.0,0.0,19.1
786.86,0.4015,11.097,100.0,0.0,19.1
787.009,0.4015,11.1,100.0,0.0,19.05
787.156,0.4015,11.1,100.0,0.0,19.05
787.305,0.4028,11.106,100.0,0.0,19.08
787.452,0.4028,11.109,100.0,0.0,19.08
787.601,0.4028,11.112,100.0,0.0,19.14
787.749,0.4028,11.112,100.0,0.0,19.14
787.897,0.4028,11.119,100.0,0.0,19.16
788.044,0.4028,11.122,100.0,0.0,19.16
788.193,0.40286,11.122,100.0,0.0,19.17
788.341,0.40286,11.125,100.0,0.0,19.17
788.489,0.40286,11.128,100.0,0.0,19.15
788.637,0.40305,11.134,100.0,0.0,19.15
788.786,0.40305,11.134,100.0,0.0,19.12
788.933,0.40305,11.137,100.0,0.0,19.12
789.081,0.40305,11.141,100.0,0.0,19.18
789.229,0.40305,11.147,100.0,0.0,19.18
789.383,0.3971,11.147,100.0,0.0,19.19
789.531,0.3971,11.15,100.0,0.0,19.19
789.678,0.3971,11.153,100.0,0.0,19.12
789.827,0.3971,11.153,100.0,0.0,19.12
789.974,0.3971,11.156,100.0,0.0,19.22
790.123,0.3971,11.163,100.0,0.0,19.22
790.27,0.3971,11.166,100.0,0.0,19.11
790.419,0.3971,11.166,100.0,0.0,19.11
790.566,0.3971,11.169,100.0,0.0,19.13
790.715,0.39959,11.175,100.0,0.0,19.13
790.863,0.39959,11.175,100.0,0.0,19.19
791.011,0.39959,11.178,100.0,0.0,19.19
791.159,0.39959,11.181,100.0,0.0,19.2
791.307,0.39959,11.184,100.0,0.0,19.2
791.455,0.39959,11.184,100.0,0.0,19.17
791.603,0.39843,11.191,100.0,0.0,19.17
791.751,0.39843,11.194,100.0,0.0,19.18
791.9,0.39843,11.197,100.0,0.0,19.18
792.052,0.4001,11.197,100.0,0.0,19.23
792.201,0.4001,11.203,100.0,0.0,19.23
792.348,0.39822,11.206,100.0,0.0,19.27
792.497,0.39822,11.206,100.0,0.0,19.27
792.644,0.39822,11.209,100.0,0.0,19.27
792.792,0.40275,11.212,100.0,0.0,19.27
792.941,0.40275,11.219,100.0,0.0,19.27
793.089,0.40275,11.219,100.0,0.0,19.26
793.237,0.40275,11.222,100.0,0.0,19.26
793.384,0.40275,11.225,100.0,0.0,19.22
793.533,0.40275,11.225,100.0,0.0,19.22
793.68,0.40275,11.231,100.0,0.0,19.23
793.829,0.40275,11.234,100.0,0.0,19.23
793.976,0.40275,11.237,100.0,0.0,19.19
794.125,0.40275,11.237,100.0,0.0,19.19
794.272,0.40275,11.241,100.0,0.0,19.16
794.421,0.40275,11.247,100.0,0.0,19.16
794.568,0.39831,11.25,100.0,0.0,19.14
794.722,0.39831,11.25,100.0,0.0,19.14
794.87,0.39831,11.253,100.0,0.0,19.08
795.018,0.39831,11.259,100.0,0.0,19.08
795.166,0.39831,11.259,100.0,0.0,19.14
795.314,0.39831,11.262,100.0,0.0,19.14
795.462,0.40021,11.266,100.0,0.0,19.16
795.61,0.40021,11.269,100.0,0.0,19.16
795.758,0.39632,11.269,100.0,0.0,19.1
795.906,0.39632,11.275,100.0,0.0,19.1
796.054,0.39632,11.278,100.0,0.0,19.16
796.202,0.39688,11.278,100.0,0.0,19.16
796.35,0.39688,11.281,100.0,0.0,19.17
796.498,0.39688,11.288,100.0,0.0,19.17
796.647,0.39654,11.291,100.0,0.0,19.22
796.795,0.39654,11.291,100.0,0.0,19.22
796.943,0.39654,11.294,100.0,0.0,19.23
797.09,0.39654,11.297,100.0,0.0,19.23
797.239,0.39654,11.303,100.0,0.0,19.23
797.391,0.39654,11.303,100.0,0.0,19.23
797.539,0.39654,11.306,100.0,0.0,19.23
797.687,0.39654,11.309,100.0,0.0,19.23
797.836,0.39654,11.309,100.0,0.0,19.2
797.983,0.39654,11.316,100.0,0.0,19.2
798.131,0.39654,11.319,100.0,0.0,19.21
798.279,0.39654,11.322,100.0,0.0,19.21
798.428,0.39964,11.322,100.0,0.0,19.25
798.575,0.39964,11.325,100.0,0.0,19.25
798.723,0.39964,11.331,100.0,0.0,19.25
798.871,0.39964,11.331,100.0,0.0,19.25
799.019,0.39964,11.334,100.0,0.0,19.29
799.167,0.40176,11.337,100.0,0.0,19.29
799.315,0.40176,11.344,100.0,0.0,19.32
799.464,0.40176,11.344,100.0,0.0,19.32
799.611,0.3986,11.347,100.0,0.0,19.27
799.76,0.3986,11.35,100.0,0.0,19.27
799.908,0.3986,11.353,100.0,0.0,19.19
800.062,0.40064,11.353,100.0,0.0,19.19
800.209,0.40064,11.359,100.0,0.0,19.16
800.358,0.40064,11.362,100.0,0.0,19.16
800.505,0.39494,11.362,100.0,0.0,19.14
800.654,0.39494,11.366,100.0,0.0,19.14
800.801,0.39494,11.372,100.0,0.0,19.12
800.95,0.39494,11.375,100.0,0.0,19.12
801.098,0.39494,11.375,100.0,0.0,19.1
801.246,0.39494,11.378,100.0,0.0,19.1
801.393,0.39494,11.381,100.0,0.0,19.12
801.541,0.39494,11.381,100.0,0.0,19.12
801.689,0.39494,11.387,100.0,0.0,19.07
801.837,0.39494,11.391,100.0,0.0,19.07
801.985,0.39494,11.394,100.0,0.0,19.07
802.133,0.39494,11.394,100.0,0.0,19.13
802.281,0.3994,11.4,100.0,0.0,19.13
802.429,0.3994,11.403,100.0,0.0,19.07
802.578,0.3994,11.406,100.0,0.0,19.07
802.73,0.3994,11.406,100.0,0.0,19.06
802.879,0.3994,11.409,100.0,0.0,19.06
803.026,0.39708,11.416,100.0,0.0,19.13
803.175,0.39708,11.416,100.0,0.0,19.13
803.322,0.39708,11.419,100.0,0.0,19.18
803.471,0.40339,11.422,100.0,0.0,19.18
803.619,0.40339,11.428,100.0,0.0,19.12
803.767,0.40339,11.428,100.0,0.0,19.12
803.915,0.39703,11.431,100.0,0.0,19.1
804.064,0.39703,11.434,100.0,0.0,19.1
804.211,0.39703,11.434,100.0,0.0,19.12
804.359,0.39957,11.437,100.0,0.0,19.12
804.507,0.39957,11.444,100.0,0.0,19.14
804.655,0.39957,11.447,100.0,0.0,19.14
804.804,0.39957,11.447,100.0,0.0,19.16
804.951,0.39957,11.45,100.0,0.0,19.16
805.099,0.39957,11.456,100.0,0.0,19.1
805.247,0.39957,11.459,100.0,0.0,19.1
805.401,0.39957,11.459,100.0,0.0,19.12
805.548,0.39957,11.462,100.0,0.0,19.12
805.696,0.39957,11.466,100.0,0.0,19.14
805.844,0.39957,11.466,100.0,0.0,19.14
805.992,0.39441,11.472,100.0,0.0,19.12
806.141,0.39441,11.475,100.0,0.0,19.12
806.289,0.39441,11.478,100.0,0.0,19.18
806.437,0.39441,11.478,100.0,0.0,19.18
806.585,0.39441,11.484,100.0,0.0,19.15
806.733,0.39441,11.487,100.0,0.0,19.15
806.881,0.39727,11.487,100.0,0.0,19.2
807.029,0.39727,11.491,100.0,0.0,19.2
807.178,0.39727,11.494,100.0,0.0,19.28
807.325,0.39405,11.5,100.0,0.0,19.28
807.474,0.39405,11.5,100.0,0.0,19.32
807.621,0.39405,11.503,100.0,0.0,19.32
807.769,0.40114,11.506,100.0,0.0,19.31
807.918,0.40114,11.512,100.0,0.0,19.31
808.071,0.40114,11.512,100.0,0.0,19.3
808.218,0.39278,11.516,100.0,0.0,19.3
808.366,0.39278,11.519,100.0,0.0,19.33
808.514,0.39278,11.519,100.0,0.0,19.33
808.661,0.39278,11.522,100.0,0.0,19.32
808.81,0.39278,11.528,100.0,0.0,19.32
808.958,0.39278,11.531,100.0,0.0,19.27
809.106,0.39278,11.531,100.0,0.0,19.27
809.253,0.39278,11.534,100.0,0.0,19.23
809.402,0.39278,11.541,100.0,0.0,19.23
809.55,0.39278,11.541,100.0,0.0,19.19
809.698,0.39278,11.544,100.0,0.0,19.19
809.845,0.39743,11.547,100.0,0.0,19.17
809.994,0.39743,11.55,100.0,0.0,19.17
810.142,0.39743,11.55,100.0,0.0,19.18
810.29,0.39743,11.556,100.0,0.0,19.18
810.438,0.39743,11.559,100.0,0.0,19.19
810.585,0.39743,11.562,100.0,0.0,19.19
810.74,0.39498,11.562,100.0,0.0,19.2
810.888,0.39498,11.569,100.0,0.0,19.2
811.036,0.39498,11.572,100.0,0.0,19.21
811.185,0.39337,11.572,100.0,0.0,19.21
811.332,0.39337,11.575,100.0,0.0,19.21
811.48,0.39337,11.578,100.0,0.0,19.21
811.628,0.3967,11.584,100.0,0.0,19.21
811.776,0.3967,11.584,100.0,0.0,19.14
811.924,0.3967,11.587,100.0,0.0,19.14
812.072,0.39669,11.591,100.0,0.0,19.2
812.221,0.39669,11.591,100.0,0.0,19.2
812.368,0.39669,11.597,100.0,0.0,19.24
812.517,0.39669,11.6,100.0,0.0,19.24
812.664,0.39669,11.603,100.0,0.0,19.24
812.813,0.39669,11.603,100.0,0.0,19.24
812.96,0.39669,11.606,100.0,0.0,19.21
813.109,0.39669,11.612,100.0,0.0,19.21
813.256,0.39669,11.616,100.0,0.0,19.25
813.41,0.39669,11.616,100.0,0.0,19.25
813.557,0.39669,11.619,100.0,0.0,19.36
813.705,0.39669,11.625,100.0,0.0,19.36
813.853,0.39669,11.625,100.0,0.0,19.31
814.001,0.39669,11.628,100.0,0.0,19.31
814.149,0.39669,11.631,100.0,0.0,19.19
814.296,0.39669,11.634,100.0,0.0,19.19
814.445,0.39669,11.634,100.0,0.0,19.23
814.592,0.39843,11.641,100.0,0.0,19.23
814.741,0.39843,11.644,100.0,0.0,19.16
814.889,0.39843,11.644,100.0,0.0,19.16
815.037,0.39407,11.647,100.0,0.0,19.21
815.185,0.39407,11.653,100.0,0.0,19.21
815.333,0.39407,11.656,100.0,0.0,19.26
815.481,0.39633,11.656,100.0,0.0,19.26
815.63,0.39633,11.659,100.0,0.0,19.25
815.777,0.39633,11.663,100.0,0.0,19.25
815.926,0.39352,11.669,100.0,0.0,19.25
816.079,0.39352,11.669,100.0,0.0,19.25
816.227,0.39352,11.672,100.0,0.0,19.29
816.375,0.39352,11.675,100.0,0.0,19.29
816.523,0.39352,11.675,100.0,0.0,19.28
816.67,0.39352,11.681,100.0,0.0,19.28
816.819,0.39352,11.684,100.0,0.0,19.24
816.967,0.39352,11.687,100.0,0.0,19.24
817.114,0.39352,11.687,100.0,0.0,19.21
817.263,0.39352,11.691,100.0,0.0,19.21
817.41,0.39352,11.697,100.0,0.0,19.21
817.559,0.39352,11.697,100.0,0.0,19.21
817.706,0.39352,11.7,100.0,0.0,19.22
817.855,0.39352,11.703,100.0,0.0,19.22
818.002,0.3995,11.709,100.0,0.0,19.22
818.151,0.3995,11.709,100.0,0.0,19.22
818.298,0.3995,11.712,100.0,0.0,19.26
818.447,0.39694,11.716,100.0,0.0,19.26
818.595,0.39694,11.719,100.0,0.0,19.22
818.749,0.39694,11.719,100.0,0.0,19.22
818.896,0.40096,11.725,100.0,0.0,19.27
819.045,0.40096,11.728,100.0,0.0,19.27
819.192,0.40096,11.728,100.0,0.0,19.34
819.341,0.40105,11.731,100.0,0.0,19.34
819.489,0.40105,11.737,100.0,0.0,19.33
819.637,0.40105,11.741,100.0,0.0,19.33
819.785,0.40105,11.741,100.0,0.0,19.31
819.933,0.40105,11.744,100.0,0.0,19.31
820.081,0.40105,11.747,100.0,0.0,19.34
820.228,0.40105,11.747,100.0,0.0,19.34
820.376,0.40105,11.753,100.0,0.0,19.37
820.524,0.39667,11.756,100.0,0.0,19.37
820.673,0.39667,11.759,100.0,0.0,19.31
820.821,0.39667,11.759,100.0,0.0,19.31
820.969,0.39837,11.766,100.0,0.0,19.31
821.117,0.39837,11.769,100.0,0.0,19.3
821.265,0.39837,11.772,100.0,0.0,19.3
821.418,0.39445,11.772,100.0,0.0,19.29
821.566,0.39445,11.775,100.0,0.0,19.29
821.714,0.39445,11.781,100.0,0.0,19.36
821.863,0.39445,11.781,100.0,0.0,19.36
822.01,0.39445,11.784,100.0,0.0,19.38
822.159,0.39445,11.788,100.0,0.0,19.38
822.306,0.38985,11.794,100.0,0.0,19.4
822.455,0.38985,11.794,100.0,0.0,19.4
822.602,0.38985,11.797,100.0,0.0,19.42
822.751,0.39601,11.8,100.0,0.0,19.42
822.899,0.39601,11.8,100.0,0.0,19.39
823.047,0.39601,11.803,100.0,0.0,19.39
823.195,0.39488,11.809,100.0,0.0,19.37
823.343,0.39488,11.812,100.0,0.0,19.37
823.491,0.39594,11.812,100.0,0.0,19.39
823.639,0.39594,11.816,100.0,0.0,19.39
823.787,0.39594,11.822,100.0,0.0,19.29
823.935,0.39594,11.825,100.0,0.0,19.29
824.088,0.39594,11.825,100.0,0.0,19.21
824.235,0.39594,11.828,100.0,0.0,19.21
824.384,0.39594,11.831,100.0,0.0,19.29
824.531,0.39594,11.831,100.0,0.0,19.29
824.679,0.39594,11.837,100.0,0.0,19.21
824.827,0.39594,11.841,100.0,0.0,19.21
824.976,0.39594,11.844,100.0,0.0,19.22
825.123,0.39594,11.844,100.0,0.0,19.22
825.271,0.39534,11.85,100.0,0.0,19.22
825.419,0.39534,11.853,100.0,0.0,19.22
825.568,0.39534,11.853,100.0,0.0,19.19
825.715,0.39428,11.856,100.0,0.0,19.19
825.864,0.39428,11.859,100.0,0.0,19.2
826.012,0.39428,11.866,100.0,0.0,19.2
826.159,0.39428,11.866,100.0,0.0,19.21
826.307,0.39428,11.869,100.0,0.0,19.21
826.455,0.39428,11.872,100.0,0.0,19.21
826.604,0.39483,11.878,100.0,0.0,19.21
826.757,0.39483,11.878,100.0,0.0,19.22
826.905,0.39231,11.881,100.0,0.0,19.22
827.053,0.39231,11.884,100.0,0.0,19.22
827.202,0.39231,11.884,100.0,0.0,19.22
827.349,0.3949,11.887,100.0,0.0,19.26
827.498,0.3949,11.894,100.0,0.0,19.26
827.646,0.3949,11.897,100.0,0.0,19.26
827.794,0.39287,11.897,100.0,0.0,19.26
827.942,0.39287,11.9,100.0,0.0,19.22
828.09,0.39287,11.906,100.0,0.0,19.22
828.238,0.39287,11.906,100.0,0.0,19.26
828.386,0.39287,11.909,100.0,0.0,19.26
828.534,0.39287,11.913,100.0,0.0,19.26
828.682,0.39287,11.916,100.0,0.0,19.26
828.83,0.39287,11.916,100.0,0.0,19.26
828.978,0.39287,11.922,100.0,0.0,19.26
829.126,0.40175,11.925,100.0,0.0,19.26
829.274,0.40175,11.928,100.0,0.0,19.26
829.427,0.40175,11.928,100.0,0.0,19.18
829.575,0.39586,11.934,100.0,0.0,19.18
829.723,0.39586,11.937,100.0,0.0,19.23
829.871,0.39586,11.937,100.0,0.0,19.23
830.019,0.39586,11.941,100.0,0.0,19.2
830.166,0.39586,11.944,100.0,0.0,19.2
830.315,0.39198,11.95,100.0,0.0,19.2
830.463,0.39198,11.95,100.0,0.0,19.2
830.611,0.39198,11.953,100.0,0.0,19.2
830.759,0.39428,11.956,100.0,0.0,19.21
830.908,0.39428,11.956,100.0,0.0,19.21
831.055,0.39428,11.962,100.0,0.0,19.22
831.204,0.39426,11.966,100.0,0.0,19.22
831.351,0.39426,11.969,100.0,0.0,19.22
831.5,0.39426,11.969,100.0,0.0,19.22
831.647,0.39538,11.972,100.0,0.0,19.19
831.796,0.39538,11.978,100.0,0.0,19.19
831.944,0.39538,11.981,100.0,0.0,19.2
832.097,0.39538,11.981,100.0,0.0,19.2
832.244,0.39538,11.984,100.0,0.0,19.28
832.393,0.39538,11.991,100.0,0.0,19.28
832.541,0.39538,11.991,100.0,0.0,19.28
832.689,0.39538,11.994,100.0,0.0,19.28
832.836,0.39538,11.997,100.0,0.0,19.31
832.984,0.39445,12.0,100.0,0.0,19.31
833.133,0.39445,12.0,100.0,0.0,19.3
833.28,0.39445,12.006,100.0,0.0,19.3
833.429,0.39661,12.009,100.0,0.0,19.26
833.577,0.39661,12.009,100.0,0.0,19.26
833.725,0.39661,12.012,100.0,0.0,19.22
833.873,0.39661,12.019,100.0,0.0,19.22
834.021,0.39661,12.022,100.0,0.0,19.3
834.169,0.399,12.022,100.0,0.0,19.3
834.317,0.399,12.025,100.0,0.0,19.29
834.465,0.399,12.028,100.0,0.0,19.29
834.614,0.39611,12.034,100.0,0.0,19.28
834.766,0.39611,12.034,100.0,0.0,19.28
834.914,0.39611,12.038,100.0,0.0,19.24
835.062,0.39494,12.041,100.0,0.0,19.24
835.211,0.39494,12.041,100.0,0.0,19.24
835.358,0.39494,12.047,100.0,0.0,19.24
835.507,0.3937,12.05,100.0,0.0,19.28
835.655,0.3937,12.053,100.0,0.0,19.28
835.802,0.3937,12.053,100.0,0.0,19.28
835.95,0.3937,12.056,100.0,0.0,19.28
836.098,0.3937,12.062,100.0,0.0,19.35
836.247,0.3937,12.062,100.0,0.0,19.35
836.394,0.3937,12.066,100.0,0.0,19.33
836.542,0.3937,12.069,100.0,0.0,19.33
836.69,0.3937,12.075,100.0,0.0,19.32
836.839,0.39377,12.075,100.0,0.0,19.32
836.986,0.39377,12.078,100.0,0.0,19.27
837.135,0.39518,12.081,100.0,0.0,19.27
837.284,0.39518,12.084,100.0,0.0,19.23
837.436,0.39518,12.084,100.0,0.0,19.23
837.584,0.39518,12.091,100.0,0.0,19.27
837.732,0.39518,12.094,100.0,0.0,19.27
837.88,0.39518,12.094,100.0,0.0,19.27
838.028,0.39765,12.097,100.0,0.0,19.27
838.176,0.39765,12.103,100.0,0.0,19.27
838.325,0.39765,12.106,100.0,0.0,19.27
838.472,0.39518,12.106,100.0,0.0,19.34
838.621,0.39518,12.109,100.0,0.0,19.34
838.768,0.39518,12.112,100.0,0.0,19.36
838.916,0.40019,12.112,100.0,0.0,19.36
839.064,0.40019,12.119,100.0,0.0,19.35
839.212,0.40019,12.122,100.0,0.0,19.35
839.361,0.39596,12.125,100.0,0.0,19.26
839.509,0.39596,12.125,100.0,0.0,19.26
839.657,0.39596,12.131,100.0,0.0,19.18
839.804,0.39596,12.134,100.0,0.0,19.18
839.953,0.39596,12.137,100.0,0.0,19.18
840.105,0.39596,12.137,100.0,0.0,19.19
840.253,0.39596,12.141,100.0,0.0,19.19
840.401,0.39596,12.147,100.0,0.0,19.2
840.55,0.38878,12.147,100.0,0.0,19.2
840.697,0.38878,12.15,100.0,0.0,19.21
840.846,0.38878,12.153,100.0,0.0,19.21
840.993,0.39208,12.159,100.0,0.0,19.25
841.142,0.39208,12.159,100.0,0.0,19.25
841.29,0.39208,12.163,100.0,0.0,19.25
841.438,0.39208,12.166,100.0,0.0,19.25
841.586,0.39208,12.166,100.0,0.0,19.25
841.733,0.39208,12.169,100.0,0.0,19.25
841.882,0.38839,12.175,100.0,0.0,19.25
842.03,0.38839,12.178,100.0,0.0,19.25
842.178,0.38839,12.178,100.0,0.0,19.29
842.325,0.39361,12.181,100.0,0.0,19.29
842.474,0.39361,12.187,100.0,0.0,19.21
842.622,0.39361,12.191,100.0,0.0,19.21
842.776,0.39229,12.191,100.0,0.0,19.21
842.923,0.39229,12.194,100.0,0.0,19.21
843.072,0.39229,12.197,100.0,0.0,19.26
843.219,0.39657,12.197,100.0,0.0,19.26
843.368,0.39657,12.203,100.0,0.0,19.29
843.515,0.39657,12.206,100.0,0.0,19.29
843.664,0.39657,12.209,100.0,0.0,19.32
843.812,0.39657,12.209,100.0,0.0,19.32
843.96,0.39657,12.216,100.0,0.0,19.39
844.107,0.39657,12.219,100.0,0.0,19.39
844.256,0.39657,12.219,100.0,0.0,19.33
844.403,0.39251,12.222,100.0,0.0,19.33
844.552,0.39251,12.225,100.0,0.0,19.39
844.7,0.39251,12.231,100.0,0.0,19.39
844.847,0.39616,12.231,100.0,0.0,19.45
844.996,0.39616,12.234,100.0,0.0,19.45
845.144,0.39616,12.237,100.0,0.0,19.38
845.292,0.39616,12.244,100.0,0.0,19.38
845.444,0.39616,12.244,100.0,0.0,19.4
845.593,0.39616,12.247,100.0,0.0,19.4
845.74,0.39321,12.25,100.0,0.0,19.34
845.889,0.39321,12.25,100.0,0.0,19.34
846.036,0.39321,12.253,100.0,0.0,19.36
846.185,0.39604,12.259,100.0,0.0,19.36
846.333,0.39604,12.262,100.0,0.0,19.38
846.482,0.39604,12.262,100.0,0.0,19.38
846.629,0.38879,12.266,100.0,0.0,19.4
846.778,0.38879,12.272,100.0,0.0,19.4
846.925,0.38879,12.272,100.0,0.0,19.45
847.073,0.39081,12.275,100.0,0.0,19.45
847.221,0.39081,12.278,100.0,0.0,19.42
847.37,0.39081,12.281,100.0,0.0,19.42
847.518,0.39081,12.281,100.0,0.0,19.4
847.666,0.39081,12.288,100.0,0.0,19.4
847.813,0.39081,12.291,100.0,0.0,19.37
847.961,0.39081,12.294,100.0,0.0,19.37
848.115,0.39081,12.294,100.0,0.0,19.32
848.263,0.39411,12.3,100.0,0.0,19.32
848.411,0.39411,12.303,100.0,0.0,19.35
848.559,0.39411,12.303,100.0,0.0,19.35
848.707,0.39056,12.306,100.0,0.0,19.33
848.855,0.39056,12.309,100.0,0.0,19.33
849.003,0.39056,12.316,100.0,0.0,19.28
849.151,0.39056,12.316,100.0,0.0,19.28
849.299,0.39056,12.319,100.0,0.0,19.24
849.447,0.39056,12.322,100.0,0.0,19.24
849.595,0.3907,12.322,100.0,0.0,19.24
849.743,0.3907,12.328,100.0,0.0,19.28
849.891,0.3907,12.331,100.0,0.0,19.28
850.039,0.39425,12.334,100.0,0.0,19.31
850.188,0.39425,12.334,100.0,0.0,19.31
850.335,0.39425,12.337,100.0,0.0,19.3
850.484,0.39571,12.344,100.0,0.0,19.3
850.632,0.39571,12.347,100.0,0.0,19.33
850.785,0.3904,12.347,100.0,0.0,19.33
850.935,0.3904,12.35,100.0,0.0,19.28
851.084,0.3904,12.356,100.0,0.0,19.28
851.231,0.3904,12.356,100.0,0.0,19.24
851.379,0.3904,12.359,100.0,0.0,19.24
851.527,0.3904,12.362,100.0,0.0,19.17
851.676,0.3904,12.366,100.0,0.0,19.17
851.823,0.3904,12.366,100.0,0.0,19.18
851.97,0.3904,12.372,100.0,0.0,19.18
852.119,0.38666,12.375,100.0,0.0,19.19
852.267,0.38666,12.375,100.0,0.0,19.19
852.415,0.38666,12.378,100.0,0.0,19.27
852.563,0.39528,12.384,100.0,0.0,19.27
852.712,0.39528,12.387,100.0,0.0,19.31
852.859,0.39528,12.387,100.0,0.0,19.31
853.007,0.39528,12.391,100.0,0.0,19.26
853.155,0.39528,12.394,100.0,0.0,19.26
853.304,0.39528,12.4,100.0,0.0,19.26
853.454,0.39387,12.4,100.0,0.0,19.26
853.602,0.39387,12.403,100.0,0.0,19.33
853.75,0.39387,12.406,100.0,0.0,19.33
853.899,0.39723,12.406,100.0,0.0,19.32
854.046,0.39723,12.413,100.0,0.0,19.32
854.195,0.39208,12.416,100.0,0.0,19.35
854.348,0.39208,12.419,100.0,0.0,19.35
854.497,0.39208,12.419,100.0,0.0,19.33
854.644,0.39614,12.422,100.0,0.0,19.33
854.793,0.39614,12.428,100.0,0.0,19.36
854.941,0.39614,12.431,100.0,0.0,19.36
855.098,0.39614,12.431,100.0,0.0,19.34
855.245,0.39614,12.434,100.0,0.0,19.34
855.393,0.39614,12.441,100.0,0.0,19.4
855.541,0.39614,12.441,100.0,0.0,19.4
855.689,0.39614,12.444,100.0,0.0,19.38
855.837,0.39614,12.447,100.0,0.0,19.38
855.985,0.38941,12.45,100.0,0.0,19.32
856.133,0.38941,12.45,100.0,0.0,19.32
856.28,0.38941,12.456,100.0,0.0,19.35
856.429,0.39331,12.459,100.0,0.0,19.35
856.577,0.39331,12.459,100.0,0.0,19.41
856.725,0.39331,12.462,100.0,0.0,19.41
856.873,0.39331,12.469,100.0,0.0,19.35
857.021,0.39331,12.472,100.0,0.0,19.35
857.169,0.39331,12.472,100.0,0.0,19.33
857.317,0.38949,12.475,100.0,0.0,19.33
857.465,0.38949,12.478,100.0,0.0,19.36
857.614,0.39181,12.484,100.0,0.0,19.36
857.766,0.39181,12.484,100.0,0.0,19.34
857.915,0.39181,12.487,100.0,0.0,19.34
858.062,0.3942,12.491,100.0,0.0,19.33
858.211,0.3942,12.491,100.0,0.0,19.33
858.358,0.3942,12.497,100.0,0.0,19.32
858.507,0.38951,12.5,100.0,0.0,19.32
858.655,0.38951,12.503,100.0,0.0,19.31
858.803,0.38951,12.503,100.0,0.0,19.31
858.951,0.38951,12.506,100.0,0.0,19.3
859.098,0.38951,12.512,100.0,0.0,19.3
859.247,0.38951,12.512,100.0,0.0,19.37
859.394,0.38951,12.516,100.0,0.0,19.37
859.543,0.38951,12.519,100.0,0.0,19.35
859.69,0.38951,12.525,100.0,0.0,19.35
859.839,0.39358,12.525,100.0,0.0,19.35
859.986,0.39358,12.528,100.0,0.0,19.41
860.135,0.39358,12.531,100.0,0.0,19.41
860.283,0.39385,12.534,100.0,0.0,19.42
860.437,0.39385,12.534,100.0,0.0,19.42
860.584,0.39385,12.541,100.0,0.0,19.47
860.732,0.39385,12.544,100.0,0.0,19.47
860.88,0.39385,12.544,100.0,0.0,19.48
861.028,0.39241,12.547,100.0,0.0,19.48
861.176,0.39241,12.553,100.0,0.0,19.48
861.325,0.39241,12.556,100.0,0.0,19.48
861.472,0.39287,12.556,100.0,0.0,19.52
861.621,0.39287,12.559,100.0,0.0,19.52
861.768,0.39287,12.562,100.0,0.0,19.55
861.917,0.38764,12.562,100.0,0.0,19.55
862.065,0.38764,12.569,100.0,0.0,19.51
862.212,0.38764,12.572,100.0,0.0,19.51
862.361,0.39192,12.575,100.0,0.0,19.51
862.509,0.39192,12.575,100.0,0.0,19.51
862.657,0.39192,12.581,100.0,0.0,19.47
862.805,0.39192,12.584,100.0,0.0,19.47
862.953,0.39192,12.587,100.0,0.0,19.51
863.105,0.39192,12.587,100.0,0.0,19.51
863.254,0.39192,12.591,100.0,0.0,19.43
863.401,0.39192,12.597,100.0,0.0,19.43
863.55,0.39192,12.597,100.0,0.0,19.48
863.697,0.39096,12.6,100.0,0.0,19.48
863.846,0.39096,12.603,100.0,0.0,19.45
863.994,0.39096,12.609,100.0,0.0,19.45
864.142,0.39089,12.609,100.0,0.0,19.42
864.29,0.39089,12.612,100.0,0.0,19.42
864.438,0.39089,12.616,100.0,0.0,19.47
864.586,0.39089,12.616,100.0,0.0,19.47
864.734,0.39089,12.619,100.0,0.0,19.51
864.882,0.39697,12.625,100.0,0.0,19.51
865.031,0.39697,12.628,100.0,0.0,19.55
865.178,0.39697,12.628,100.0,0.0,19.55
865.325,0.39403,12.631,100.0,0.0,19.46
865.474,0.39403,12.637,100.0,0.0,19.46
865.622,0.39403,12.641,100.0,0.0,19.47
865.776,0.38875,12.641,100.0,0.0,19.47
865.923,0.38875,12.644,100.0,0.0,19.47
866.072,0.38875,12.647,100.0,0.0,19.47
866.22,0.39095,12.647,100.0,0.0,19.48
866.368,0.39095,12.653,100.0,0.0,19.48
866.516,0.39095,12.656,100.0,0.0,19.48
866.664,0.39095,12.659,100.0,0.0,19.48
866.812,0.39095,12.659,100.0,0.0,19.48
866.96,0.39095,12.666,100.0,0.0,19.48
867.108,0.39095,12.669,100.0,0.0,19.45
867.256,0.39095,12.669,100.0,0.0,19.45
867.403,0.39095,12.672,100.0,0.0,19.38
867.552,0.38651,12.675,100.0,0.0,19.38
867.7,0.38651,12.681,100.0,0.0,19.4
867.849,0.39285,12.681,100.0,0.0,19.4
868.0,0.39285,12.684,100.0,0.0,19.38
868.149,0.39285,12.687,100.0,0.0,19.38
868.296,0.39285,12.694,100.0,0.0,19.36
868.446,0.39285,12.694,100.0,0.0,19.36
868.593,0.39285,12.697,100.0,0.0,19.34
868.74,0.3926,12.7,100.0,0.0,19.34
868.889,0.3926,12.7,100.0,0.0,19.37
869.036,0.3926,12.703,100.0,0.0,19.37
869.185,0.39332,12.709,100.0,0.0,19.35
869.333,0.39332,12.712,100.0,0.0,19.35
869.482,0.39332,12.712,100.0,0.0,19.33
869.629,0.39148,12.716,100.0,0.0,19.33
869.778,0.39148,12.722,100.0,0.0,19.33
869.925,0.39148,12.722,100.0,0.0,19.36
870.074,0.39264,12.725,100.0,0.0,19.36
870.221,0.39264,12.728,100.0,0.0,19.38
870.37,0.39264,12.731,100.0,0.0,19.38
870.518,0.39264,12.731,100.0,0.0,19.36
870.666,0.39264,12.737,100.0,0.0,19.36
870.814,0.39264,12.741,100.0,0.0,19.38
870.962,0.39264,12.744,100.0,0.0,19.38
871.115,0.39264,12.744,100.0,0.0,19.4
871.263,0.38693,12.75,100.0,0.0,19.4
871.413,0.38693,12.753,100.0,0.0,19.38
871.562,0.38693,12.753,100.0,0.0,19.38
871.709,0.38698,12.756,100.0,0.0,19.32
871.858,0.38698,12.759,100.0,0.0,19.32
872.006,0.38698,12.766,100.0,0.0,19.31
872.153,0.38698,12.766,100.0,0.0,19.31
872.302,0.38698,12.769,100.0,0.0,19.3
872.449,0.38698,12.772,100.0,0.0,19.3
872.598,0.38766,12.772,100.0,0.0,19.33
872.745,0.38766,12.778,100.0,0.0,19.33
872.894,0.38766,12.781,100.0,0.0,19.24
873.042,0.38927,12.784,100.0,0.0,19.24
873.19,0.38927,12.784,100.0,0.0,19.24
873.338,0.38927,12.788,100.0,0.0,19.24
873.486,0.39014,12.794,100.0,0.0,19.28
873.634,0.39014,12.797,100.0,0.0,19.28
873.785,0.39014,12.797,100.0,0.0,19.32
873.932,0.39396,12.8,100.0,0.0,19.32
874.081,0.39396,12.806,100.0,0.0,19.34
874.229,0.39396,12.806,100.0,0.0,19.34
874.377,0.39396,12.809,100.0,0.0,19.4
874.524,0.39396,12.812,100.0,0.0,19.4
874.673,0.39396,12.816,100.0,0.0,19.38
874.821,0.39396,12.816,100.0,0.0,19.38
874.968,0.39396,12.822,100.0,0.0,19.36
875.116,0.39124,12.825,100.0,0.0,19.36
875.264,0.39124,12.825,100.0,0.0,19.38
875.412,0.39124,12.828,100.0,0.0,19.38
875.56,0.39178,12.834,100.0,0.0,19.21
875.709,0.39178,12.837,100.0,0.0,19.21
875.857,0.39178,12.837,100.0,0.0,19.26
876.005,0.39178,12.841,100.0,0.0,19.26
876.152,0.39178,12.844,100.0,0.0,19.29
876.301,0.39178,12.85,100.0,0.0,19.29
876.454,0.38606,12.85,100.0,0.0,19.32
876.603,0.38606,12.853,100.0,0.0,19.32
876.75,0.38606,12.856,100.0,0.0,19.31
876.899,0.38714,12.856,100.0,0.0,19.31
877.046,0.38714,12.862,100.0,0.0,19.38
877.195,0.38714,12.866,100.0,0.0,19.38
877.343,0.38437,12.869,100.0,0.0,19.36
877.492,0.38437,12.869,100.0,0.0,19.36
877.639,0.38437,12.872,100.0,0.0,19.34
877.786,0.38266,12.878,100.0,0.0,19.34
877.935,0.38266,12.878,100.0,0.0,19.29
878.082,0.38266,12.881,100.0,0.0,19.29
878.231,0.38266,12.884,100.0,0.0,19.28
878.379,0.38266,12.891,100.0,0.0,19.28
878.527,0.38266,12.891,100.0,0.0,19.32
878.674,0.38266,12.894,100.0,0.0,19.32
878.823,0.38266,12.897,100.0,0.0,19.34
878.971,0.38266,12.9,100.0,0.0,19.34
879.124,0.38266,12.9,100.0,0.0,19.37
879.271,0.38266,12.906,100.0,0.0,19.37
879.42,0.38266,12.909,100.0,0.0,19.37
879.567,0.38266,12.909,100.0,0.0,19.39
879.716,0.38266,12.913,100.0,0.0,19.39
879.863,0.38266,12.919,100.0,0.0,19.44
880.012,0.38266,12.922,100.0,0.0,19.44
880.159,0.38266,12.922,100.0,0.0,19.45
880.308,0.39171,12.925,100.0,0.0,19.45
880.455,0.39171,12.928,100.0,0.0,19.46
880.604,0.39171,12.928,100.0,0.0,19.46
880.751,0.39402,12.934,100.0,0.0,19.39
880.899,0.39402,12.937,100.0,0.0,19.39
881.048,0.39402,12.941,100.0,0.0,19.41
881.195,0.39009,12.941,100.0,0.0,19.41
881.344,0.39009,12.947,100.0,0.0,19.38
881.492,0.39009,12.95,100.0,0.0,19.38
881.64,0.38429,12.953,100.0,0.0,19.4
881.793,0.38429,12.953,100.0,0.0,19.4
881.941,0.38429,12.956,100.0,0.0,19.38
882.089,0.38429,12.962,100.0,0.0,19.38
882.238,0.38429,12.962,100.0,0.0,19.36
882.385,0.38429,12.966,100.0,0.0,19.36
882.534,0.38429,12.969,100.0,0.0,19.34
882.681,0.38429,12.975,100.0,0.0,19.34
882.83,0.38429,12.975,100.0,0.0,19.25
882.977,0.38429,12.978,100.0,0.0,19.25
883.126,0.38429,12.981,100.0,0.0,19.29
883.273,0.38429,12.981,100.0,0.0,19.29
883.421,0.38429,12.984,100.0,0.0,19.32
883.569,0.38429,12.991,100.0,0.0,19.32
883.717,0.38214,12.994,100.0,0.0,19.31
883.866,0.38214,12.994,100.0,0.0,19.31
884.013,0.38214,12.997,100.0,0.0,19.34
884.161,0.39036,13.003,100.0,0.0,19.34
884.309,0.39036,13.006,100.0,0.0,19.36
884.463,0.39036,13.006,100.0,0.0,19.36
884.61,0.39121,13.009,100.0,0.0,19.35
884.759,0.39121,13.012,100.0,0.0,19.35
884.907,0.39121,13.012,100.0,0.0,19.29
885.055,0.39105,13.019,100.0,0.0,19.29
885.203,0.39105,13.022,100.0,0.0,19.36
885.352,0.38926,13.025,100.0,0.0,19.36
885.5,0.38926,13.025,100.0,0.0,19.38
885.648,0.38926,13.031,100.0,0.0,19.38
885.795,0.39275,13.034,100.0,0.0,19.36
885.944,0.39275,13.034,100.0,0.0,19.36
886.091,0.39275,13.038,100.0,0.0,19.38
886.24,0.38783,13.041,100.0,0.0,19.38
886.388,0.38783,13.047,100.0,0.0,19.36
886.537,0.38783,13.047,100.0,0.0,19.36
886.684,0.38933,13.05,100.0,0.0,19.35
886.833,0.38933,13.053,100.0,0.0,19.35
886.98,0.38933,13.059,100.0,0.0,19.33
887.134,0.38933,13.059,100.0,0.0,19.33
887.281,0.38933,13.062,100.0,0.0,19.43
887.428,0.38933,13.066,100.0,0.0,19.43
887.577,0.38933,13.066,100.0,0.0,19.41
887.724,0.38933,13.069,100.0,0.0,19.41
887.873,0.38933,13.075,100.0,0.0,19.38
888.02,0.38786,13.078,100.0,0.0,19.38
888.169,0.38786,13.078,100.0,0.0,19.36
888.316,0.38786,13.081,100.0,0.0,19.36
888.465,0.38759,13.087,100.0,0.0,19.31
888.613,0.38759,13.087,100.0,0.0,19.31
888.761,0.38572,13.091,100.0,0.0,19.31
888.909,0.38572,13.094,100.0,0.0,19.3
889.058,0.38572,13.097,100.0,0.0,19.3
889.205,0.39184,13.097,100.0,0.0,19.29
889.354,0.39184,13.103,100.0,0.0,19.29
889.501,0.39184,13.106,100.0,0.0,19.29
889.65,0.39184,13.109,100.0,0.0,19.29
889.802,0.39184,13.109,100.0,0.0,19.32
889.951,0.39184,13.116,100.0,0.0,19.32
890.098,0.38424,13.119,100.0,0.0,19.38
890.247,0.38424,13.119,100.0,0.0,19.38
890.394,0.38424,13.122,100.0,0.0,19.4
890.542,0.39212,13.125,100.0,0.0,19.4
890.691,0.39212,13.131,100.0,0.0,19.42
890.838,0.39212,13.131,100.0,0.0,19.42
890.987,0.38893,13.134,100.0,0.0,19.39
891.135,0.38893,13.137,100.0,0.0,19.39
891.283,0.38893,13.137,100.0,0.0,19.44
891.43,0.38893,13.144,100.0,0.0,19.44
891.579,0.38893,13.147,100.0,0.0,19.49
891.727,0.38893,13.15,100.0,0.0,19.49
891.875,0.38893,13.15,100.0,0.0,19.49
892.022,0.38893,13.153,100.0,0.0,19.49
892.171,0.384,13.159,100.0,0.0,19.49
892.319,0.384,13.163,100.0,0.0,19.49
892.473,0.384,13.163,100.0,0.0,19.49
892.62,0.38646,13.166,100.0,0.0,19.49
892.769,0.38646,13.172,100.0,0.0,19.49
892.916,0.38646,13.172,100.0,0.0,19.49
893.065,0.38496,13.175,100.0,0.0,19.53
893.213,0.38496,13.178,100.0,0.0,19.53
893.361,0.38496,13.181,100.0,0.0,19.57
893.509,0.38979,13.181,100.0,0.0,19.57
893.656,0.38979,13.187,100.0,0.0,19.48
893.805,0.38979,13.191,100.0,0.0,19.48
893.953,0.38979,13.191,100.0,0.0,19.45
894.101,0.38979,13.194,100.0,0.0,19.45
894.248,0.38979,13.2,100.0,0.0,19.42
894.397,0.3867,13.203,100.0,0.0,19.42
894.545,0.3867,13.203,100.0,0.0,19.39
894.693,0.3867,13.206,100.0,0.0,19.39
894.841,0.38673,13.209,100.0,0.0,19.37
894.99,0.38673,13.216,100.0,0.0,19.37
895.142,0.38673,13.216,100.0,0.0,19.35
895.29,0.38873,13.219,100.0,0.0,19.35
895.438,0.38873,13.222,100.0,0.0,19.34
895.586,0.38873,13.222,100.0,0.0,19.34
895.733,0.38873,13.228,100.0,0.0,19.32
895.882,0.38873,13.231,100.0,0.0,19.32
896.03,0.38873,13.234,100.0,0.0,19.35
896.178,0.38873,13.234,100.0,0.0,19.35
896.325,0.38873,13.237,100.0,0.0,19.34
896.473,0.3865,13.244,100.0,0.0,19.34
896.622,0.3865,13.244,100.0,0.0,19.4
896.769,0.3865,13.247,100.0,0.0,19.4
896.918,0.38404,13.25,100.0,0.0,19.41
897.066,0.38404,13.256,100.0,0.0,19.41
897.214,0.38404,13.256,100.0,0.0,19.39
897.362,0.38398,13.259,100.0,0.0,19.39
897.51,0.38398,13.262,100.0,0.0,19.37
897.658,0.38398,13.266,100.0,0.0,19.37
897.812,0.38083,13.266,100.0,0.0,19.31
897.959,0.38083,13.272,100.0,0.0,19.31
898.108,0.38083,13.275,100.0,0.0,19.38
898.256,0.38083,13.275,100.0,0.0,19.38
898.404,0.38083,13.278,100.0,0.0,19.43
898.551,0.38083,13.284,100.0,0.0,19.43
898.7,0.39115,13.288,100.0,0.0,19.43
898.848,0.39115,13.288,100.0,0.0,19.41
898.996,0.38635,13.291,100.0,0.0,19.41
899.144,0.38635,13.294,100.0,0.0,19.38
899.293,0.38635,13.294,100.0,0.0,19.38
899.44,0.3913,13.3,100.0,0.0,19.36
899.588,0.3913,13.303,100.0,0.0,19.36
899.737,0.3913,13.306,100.0,0.0,19.38
899.884,0.3913,13.306,100.0,0.0,19.38
900.032,0.3913,13.312,100.0,0.0,19.36
900.18,0.3913,13.316,100.0,0.0,19.36
900.329,0.3913,13.319,100.0,0.0,19.31
900.481,0.3913,13.319,100.0,0.0,19.31
900.629,0.3913,13.322,100.0,0.0,19.38
900.777,0.38798,13.328,100.0,0.0,19.38
900.925,0.38798,13.328,100.0,0.0,19.43
901.073,0.38798,13.331,100.0,0.0,19.43
901.221,0.38789,13.334,100.0,0.0,19.44
901.369,0.38789,13.341,100.0,0.0,19.44
901.518,0.38789,13.341,100.0,0.0,19.41
901.665,0.38902,13.344,100.0,0.0,19.41
901.814,0.38902,13.347,100.0,0.0,19.46
901.962,0.38902,13.347,100.0,0.0,19.46
902.11,0.38594,13.35,100.0,0.0,19.39
902.258,0.38594,13.356,100.0,0.0,19.39
902.405,0.38594,13.359,100.0,0.0,19.37
902.554,0.38594,13.359,100.0,0.0,19.37
902.701,0.38594,13.362,100.0,0.0,19.39
902.85,0.38757,13.369,100.0,0.0,19.39
902.998,0.38757,13.372,100.0,0.0,19.37
903.151,0.38757,13.372,100.0,0.0,19.37
903.298,0.38658,13.375,100.0,0.0,19.35
903.447,0.38658,13.378,100.0,0.0,19.35
903.595,0.38658,13.378,100.0,0.0,19.34
903.743,0.38938,13.384,100.0,0.0,19.34
903.891,0.38938,13.387,100.0,0.0,19.25
904.039,0.38938,13.391,100.0,0.0,19.25
904.187,0.38938,13.391,100.0,0.0,19.32
904.335,0.38938,13.397,100.0,0.0,19.32
904.483,0.38938,13.4,100.0,0.0,19.24
904.631,0.38938,13.4,100.0,0.0,19.24
904.779,0.38938,13.403,100.0,0.0,19.24
904.927,0.38938,13.406,100.0,0.0,19.24
905.075,0.38734,13.413,100.0,0.0,19.32
905.224,0.38734,13.413,100.0,0.0,19.32
905.371,0.38734,13.416,100.0,0.0,19.31
905.519,0.38933,13.419,100.0,0.0,19.31
905.668,0.38933,13.425,100.0,0.0,19.34
905.821,0.38597,13.425,100.0,0.0,19.34
905.97,0.38597,13.428,100.0,0.0,19.32
906.119,0.38597,13.431,100.0,0.0,19.32
906.266,0.39012,13.431,100.0,0.0,19.39
906.414,0.39012,13.434,100.0,0.0,19.39
906.562,0.39012,13.441,100.0,0.0,19.4
906.71,0.39012,13.444,100.0,0.0,19.4
906.859,0.39012,13.444,100.0,0.0,19.38
907.006,0.39012,13.447,100.0,0.0,19.38
907.154,0.38606,13.453,100.0,0.0,19.4
907.302,0.38606,13.453,100.0,0.0,19.4
907.451,0.38606,13.456,100.0,0.0,19.38
907.598,0.38161,13.459,100.0,0.0,19.38
907.747,0.38161,13.462,100.0,0.0,19.36
907.895,0.38161,13.462,100.0,0.0,19.36
908.043,0.38441,13.469,100.0,0.0,19.36
908.191,0.38441,13.472,100.0,0.0,19.42
908.34,0.38441,13.475,100.0,0.0,19.42
908.49,0.38441,13.475,100.0,0.0,19.39
908.638,0.38441,13.481,100.0,0.0,19.39
908.786,0.38441,13.484,100.0,0.0,19.41
908.933,0.38441,13.484,100.0,0.0,19.41
909.082,0.38441,13.487,100.0,0.0,19.42
909.229,0.38457,13.491,100.0,0.0,19.42
909.384,0.38457,13.497,100.0,0.0,19.32
909.532,0.38457,13.497,100.0,0.0,19.32
909.68,0.38912,13.5,100.0,0.0,19.35
909.828,0.38912,13.503,100.0,0.0,19.35
909.976,0.38912,13.509,100.0,0.0,19.41
910.134,0.38676,13.509,100.0,0.0,19.41
910.281,0.38676,13.512,100.0,0.0,19.38
910.43,0.38676,13.516,100.0,0.0,19.38
910.577,0.38387,13.516,100.0,0.0,19.4
910.725,0.38387,13.519,100.0,0.0,19.4
910.873,0.38387,13.525,100.0,0.0,19.45
911.021,0.38387,13.528,100.0,0.0,19.45
911.17,0.38387,13.528,100.0,0.0,19.5
911.317,0.38387,13.531,100.0,0.0,19.5
911.465,0.38621,13.538,100.0,0.0,19.46
911.613,0.38621,13.538,100.0,0.0,19.46
911.762,0.38621,13.541,100.0,0.0,19.47
911.909,0.38274,13.544,100.0,0.0,19.47
912.058,0.38274,13.547,100.0,0.0,19.47
912.206,0.38274,13.547,100.0,0.0,19.47
912.354,0.38244,13.553,100.0,0.0,19.48
912.502,0.38244,13.556,100.0,0.0,19.48
912.65,0.38244,13.559,100.0,0.0,19.48
912.802,0.38244,13.559,100.0,0.0,19.48
912.951,0.38244,13.566,100.0,0.0,19.45
913.098,0.38244,13.569,100.0,0.0,19.45
913.247,0.38244,13.569,100.0,0.0,19.42
913.394,0.38244,13.572,100.0,0.0,19.42
913.543,0.38214,13.575,100.0,0.0,19.39
913.691,0.38214,13.581,100.0,0.0,19.39
913.838,0.38214,13.581,100.0,0.0,19.37
913.986,0.38266,13.584,100.0,0.0,19.37
914.134,0.38266,13.587,100.0,0.0,19.35
914.283,0.38266,13.587,100.0,0.0,19.35
914.43,0.38916,13.594,100.0,0.0,19.34
914.579,0.38916,13.597,100.0,0.0,19.34
914.727,0.38916,13.6,100.0,0.0,19.25
914.875,0.38507,13.6,100.0,0.0,19.25
915.023,0.38507,13.603,100.0,0.0,19.25
915.171,0.38507,13.609,100.0,0.0,19.25
915.319,0.38507,13.612,100.0,0.0,19.21
915.473,0.38507,13.612,100.0,0.0,19.21
915.62,0.38507,13.616,100.0,0.0,19.22
915.768,0.38733,13.622,100.0,0.0,19.22
915.916,0.38733,13.622,100.0,0.0,19.3
916.065,0.38534,13.625,100.0,0.0,19.3
916.212,0.38534,13.628,100.0,0.0,19.29
916.361,0.38534,13.631,100.0,0.0,19.29
916.509,0.38958,13.631,100.0,0.0,19.25
916.657,0.38958,13.637,100.0,0.0,19.25
916.805,0.38958,13.641,100.0,0.0,19.28
916.952,0.38958,13.641,100.0,0.0,19.28
917.101,0.38958,13.644,100.0,0.0,19.35
917.248,0.38958,13.65,100.0,0.0,19.35
917.397,0.38958,13.653,100.0,0.0,19.38
917.545,0.38958,13.653,100.0,0.0,19.38
917.693,0.38958,13.656,100.0,0.0,19.39
917.84,0.38362,13.659,100.0,0.0,19.39
917.989,0.38362,13.666,100.0,0.0,19.37
918.141,0.38362,13.666,100.0,0.0,19.37
918.29,0.38291,13.669,100.0,0.0,19.39
918.438,0.38291,13.672,100.0,0.0,19.39
918.586,0.38291,13.672,100.0,0.0,19.39
918.733,0.38451,13.678,100.0,0.0,19.45
918.882,0.38451,13.681,100.0,0.0,19.45
919.03,0.38451,13.684,100.0,0.0,19.49
919.179,0.38847,13.684,100.0,0.0,19.49
919.326,0.38847,13.687,100.0,0.0,19.46
919.475,0.38847,13.694,100.0,0.0,19.46
919.622,0.38847,13.694,100.0,0.0,19.39
919.769,0.38847,13.697,100.0,0.0,19.39
919.918,0.38779,13.7,100.0,0.0,19.37
920.066,0.38779,13.706,100.0,0.0,19.37
920.215,0.38779,13.706,100.0,0.0,19.35
920.362,0.38804,13.709,100.0,0.0,19.35
920.511,0.38804,13.712,100.0,0.0,19.37
920.658,0.38804,13.716,100.0,0.0,19.37
920.812,0.38866,13.716,100.0,0.0,19.43
920.959,0.38866,13.722,100.0,0.0,19.43
921.108,0.38866,13.725,100.0,0.0,19.4
921.256,0.38866,13.725,100.0,0.0,19.4
921.404,0.38866,13.728,100.0,0.0,19.45
921.551,0.38866,13.734,100.0,0.0,19.45
921.7,0.38866,13.737,100.0,0.0,19.42
921.848,0.38866,13.737,100.0,0.0,19.42
921.996,0.38866,13.741,100.0,0.0,19.43
922.143,0.38175,13.744,100.0,0.0,19.43
922.292,0.38175,13.744,100.0,0.0,19.48
922.439,0.38175,13.75,100.0,0.0,19.48
922.588,0.38031,13.753,100.0,0.0,19.52
922.736,0.38031,13.756,100.0,0.0,19.52
922.884,0.38665,13.756,100.0,0.0,19.52
923.036,0.38665,13.762,100.0,0.0,19.52
923.185,0.38665,13.766,100.0,0.0,19.44
923.332,0.37742,13.769,100.0,0.0,19.44
923.481,0.37742,13.769,100.0,0.0,19.45
923.629,0.37742,13.772,100.0,0.0,19.45
923.776,0.37742,13.778,100.0,0.0,19.38
923.925,0.37742,13.778,100.0,0.0,19.38
924.072,0.37742,13.781,100.0,0.0,19.4
924.221,0.38501,13.784,100.0,0.0,19.4
924.369,0.38501,13.791,100.0,0.0,19.42
924.517,0.38501,13.791,100.0,0.0,19.42
924.664,0.38122,13.794,100.0,0.0,19.39
924.813,0.38122,13.797,100.0,0.0,19.39
924.961,0.38122,13.797,100.0,0.0,19.41
925.109,0.38854,13.8,100.0,0.0,19.41
925.257,0.38854,13.806,100.0,0.0,19.42
925.406,0.38854,13.809,100.0,0.0,19.42
925.553,0.38854,13.809,100.0,0.0,19.43
925.701,0.38854,13.812,100.0,0.0,19.43
925.849,0.38854,13.819,100.0,0.0,19.41
925.997,0.38854,13.822,100.0,0.0,19.41
926.151,0.38854,13.822,100.0,0.0,19.42
926.298,0.38543,13.825,100.0,0.0,19.42
926.45,0.38543,13.828,100.0,0.0,19.43
926.597,0.38543,13.828,100.0,0.0,19.43
926.745,0.38682,13.834,100.0,0.0,19.44
926.893,0.38682,13.837,100.0,0.0,19.44
927.042,0.38682,13.841,100.0,0.0,19.45
927.19,0.38346,13.841,100.0,0.0,19.45
927.338,0.38346,13.847,100.0,0.0,19.46
927.486,0.38346,13.85,100.0,0.0,19.46
927.634,0.3804,13.853,100.0,0.0,19.39
927.794,0.3804,13.853,100.0,0.0,19.39
927.941,0.3804,13.856,100.0,0.0,19.41
928.089,0.3804,13.862,100.0,0.0,19.41
928.237,0.3804,13.862,100.0,0.0,19.46
928.384,0.3804,13.866,100.0,0.0,19.46
928.533,0.38643,13.869,100.0,0.0,19.5
928.681,0.38643,13.875,100.0,0.0,19.5
928.83,0.38643,13.875,100.0,0.0,19.5
928.977,0.38373,13.878,100.0,0.0,19.43
929.126,0.38373,13.881,100.0,0.0,19.43
929.273,0.38373,13.881,100.0,0.0,19.4
929.422,0.38287,13.884,100.0,0.0,19.4
929.569,0.38287,13.891,100.0,0.0,19.45
929.718,0.38287,13.894,100.0,0.0,19.45
929.866,0.38287,13.894,100.0,0.0,19.46
930.014,0.38287,13.897,100.0,0.0,19.46
930.162,0.38287,13.903,100.0,0.0,19.47
930.309,0.38287,13.906,100.0,0.0,19.47
930.463,0.38287,13.906,100.0,0.0,19.36
930.611,0.38393,13.909,100.0,0.0,19.36
930.759,0.38393,13.913,100.0,0.0,19.38
930.908,0.38393,13.913,100.0,0.0,19.38
931.055,0.38666,13.919,100.0,0.0,19.4
931.203,0.38666,13.922,100.0,0.0,19.4
931.352,0.38666,13.925,100.0,0.0,19.38
931.499,0.38512,13.925,100.0,0.0,19.38
931.648,0.38512,13.931,100.0,0.0,19.39
931.795,0.38512,13.934,100.0,0.0,19.39
931.944,0.38115,13.934,100.0,0.0,19.37
932.092,0.38115,13.937,100.0,0.0,19.37
932.24,0.38115,13.941,100.0,0.0,19.43
932.388,0.38115,13.947,100.0,0.0,19.43
932.536,0.38115,13.947,100.0,0.0,19.4
932.684,0.38115,13.95,100.0,0.0,19.4
932.832,0.38188,13.953,100.0,0.0,19.38
932.98,0.38188,13.959,100.0,0.0,19.38
933.133,0.38268,13.959,100.0,0.0,19.36
933.281,0.38268,13.962,100.0,0.0,19.36
933.429,0.38268,13.966,100.0,0.0,19.34
933.577,0.38096,13.966,100.0,0.0,19.34
933.725,0.38096,13.969,100.0,0.0,19.33
933.873,0.38096,13.975,100.0,0.0,19.33
934.021,0.38096,13.978,100.0,0.0,19.36
934.169,0.38096,13.978,100.0,0.0,19.36
934.316,0.38096,13.981,100.0,0.0,19.38
934.465,0.38096,13.987,100.0,0.0,19.38
934.613,0.38096,13.987,100.0,0.0,19.36
934.761,0.38096,13.991,100.0,0.0,19.36
934.908,0.38506,13.994,100.0,0.0,19.34
935.057,0.38506,13.997,100.0,0.0,19.34
935.205,0.38506,13.997,100.0,0.0,19.33
935.353,0.38686,14.003,100.0,0.0,19.33
935.501,0.38686,14.006,100.0,0.0,19.43
935.65,0.38686,14.009,100.0,0.0,19.43
935.802,0.38277,14.009,100.0,0.0,19.48
935.951,0.38277,14.016,100.0,0.0,19.48
936.099,0.38277,14.019,100.0,0.0,19.48
936.247,0.38078,14.019,100.0,0.0,19.48
936.395,0.38078,14.022,100.0,0.0,19.48
936.543,0.38078,14.025,100.0,0.0,19.48
936.691,0.38078,14.031,100.0,0.0,19.49
936.84,0.38078,14.031,100.0,0.0,19.49
936.987,0.38416,14.034,100.0,0.0,19.45
937.135,0.38416,14.038,100.0,0.0,19.45
937.283,0.38416,14.038,100.0,0.0,19.5
937.43,0.38176,14.044,100.0,0.0,19.5
937.579,0.38176,14.047,100.0,0.0,19.5
937.727,0.38176,14.05,100.0,0.0,19.5
937.876,0.38078,14.05,100.0,0.0,19.46
938.023,0.38078,14.053,100.0,0.0,19.46
938.172,0.38078,14.059,100.0,0.0,19.47
938.319,0.38078,14.062,100.0,0.0,19.47
938.472,0.38078,14.062,100.0,0.0,19.43
938.619,0.38078,14.066,100.0,0.0,19.43
938.768,0.38078,14.072,100.0,0.0,19.43
938.916,0.38078,14.072,100.0,0.0,19.44
939.064,0.38078,14.075,100.0,0.0,19.44
939.211,0.3795,14.078,100.0,0.0,19.49
939.36,0.3795,14.081,100.0,0.0,19.49
939.508,0.3795,14.081,100.0,0.0,19.53
939.656,0.38164,14.087,100.0,0.0,19.53
939.804,0.38164,14.091,100.0,0.0,19.41
939.953,0.38362,14.091,100.0,0.0,19.41
940.102,0.38362,14.094,100.0,0.0,19.5
940.25,0.38362,14.1,100.0,0.0,19.5
940.398,0.38435,14.103,100.0,0.0,19.5
940.546,0.38435,14.103,100.0,0.0,19.5
940.694,0.38435,14.106,100.0,0.0,19.5
940.842,0.38435,14.109,100.0,0.0,19.5
940.99,0.38435,14.116,100.0,0.0,19.5
941.142,0.38435,14.116,100.0,0.0,19.5
941.29,0.38114,14.119,100.0,0.0,19.46
941.438,0.38114,14.122,100.0,0.0,19.46
941.586,0.38114,14.122,100.0,0.0,19.47
941.734,0.38336,14.128,100.0,0.0,19.47
941.882,0.38336,14.131,100.0,0.0,19.44
942.03,0.38336,14.134,100.0,0.0,19.44
942.179,0.38202,14.134,100.0,0.0,19.45
942.326,0.38202,14.137,100.0,0.0,19.45
942.475,0.38202,14.144,100.0,0.0,19.42
942.622,0.38202,14.144,100.0,0.0,19.42
942.771,0.38202,14.147,100.0,0.0,19.43
942.918,0.38202,14.15,100.0,0.0,19.43
943.066,0.38202,14.156,100.0,0.0,19.44
943.214,0.38202,14.156,100.0,0.0,19.44
943.362,0.37976,14.159,100.0,0.0,19.49
943.516,0.37976,14.163,100.0,0.0,19.49
943.663,0.37976,14.166,100.0,0.0,19.49
943.812,0.37833,14.166,100.0,0.0,19.49
943.959,0.37833,14.172,100.0,0.0,19.53
944.108,0.37833,14.175,100.0,0.0,19.53
944.256,0.37663,14.175,100.0,0.0,19.49
944.404,0.37663,14.178,100.0,0.0,19.49
944.552,0.37663,14.184,100.0,0.0,19.49
944.7,0.37611,14.187,100.0,0.0,19.49
944.848,0.37611,14.187,100.0,0.0,19.49
944.996,0.37611,14.191,100.0,0.0,19.49
945.144,0.37611,14.194,100.0,0.0,19.45
945.293,0.37611,14.194,100.0,0.0,19.45
945.44,0.37611,14.2,100.0,0.0,19.5
945.588,0.3838,14.203,100.0,0.0,19.5
945.736,0.3838,14.206,100.0,0.0,19.5
945.885,0.3838,14.206,100.0,0.0,19.5
946.032,0.38025,14.212,100.0,0.0,19.5
946.18,0.38025,14.216,100.0,0.0,19.5
946.329,0.38025,14.219,100.0,0.0,19.42
946.482,0.38053,14.219,100.0,0.0,19.42
946.629,0.38053,14.222,100.0,0.0,19.47
946.777,0.38053,14.228,100.0,0.0,19.47
946.926,0.38053,14.228,100.0,0.0,19.48
947.073,0.38053,14.231,100.0,0.0,19.48
947.221,0.38053,14.234,100.0,0.0,19.52
947.369,0.38053,14.241,100.0,0.0,19.52
947.518,0.38053,14.241,100.0,0.0,19.52
947.665,0.37569,14.244,100.0,0.0,19.52
947.814,0.37569,14.247,100.0,0.0,19.48
947.961,0.37569,14.247,100.0,0.0,19.48
948.109,0.37836,14.25,100.0,0.0,19.48
948.257,0.37836,14.256,100.0,0.0,19.4
948.406,0.37836,14.259,100.0,0.0,19.4
948.554,0.37737,14.259,100.0,0.0,19.38
948.702,0.37737,14.262,100.0,0.0,19.38
948.85,0.37737,14.269,100.0,0.0,19.4
948.997,0.37606,14.272,100.0,0.0,19.4
949.151,0.37606,14.272,100.0,0.0,19.41
949.299,0.37606,14.275,100.0,0.0,19.41
949.446,0.37606,14.278,100.0,0.0,19.43
949.594,0.37606,14.278,100.0,0.0,19.43
949.742,0.37606,14.284,100.0,0.0,19.4
949.89,0.38021,14.288,100.0,0.0,19.4
950.039,0.38021,14.291,100.0,0.0,19.38
950.186,0.37945,14.291,100.0,0.0,19.38
950.341,0.37945,14.297,100.0,0.0,19.36
950.489,0.37945,14.3,100.0,0.0,19.36
950.638,0.37955,14.303,100.0,0.0,19.34
950.794,0.37955,14.303,100.0,0.0,19.34
950.941,0.37955,14.306,100.0,0.0,19.29
951.09,0.37955,14.312,100.0,0.0,19.29
951.238,0.37955,14.312,100.0,0.0,19.36
951.385,0.37955,14.316,100.0,0.0,19.36
951.533,0.37955,14.319,100.0,0.0,19.38
951.681,0.37955,14.325,100.0,0.0,19.38
951.83,0.37955,14.325,100.0,0.0,19.32
951.977,0.37955,14.328,100.0,0.0,19.32
952.125,0.37955,14.331,100.0,0.0,19.35
952.273,0.37955,14.331,100.0,0.0,19.35
952.421,0.37832,14.334,100.0,0.0,19.37
952.569,0.37832,14.341,100.0,0.0,19.37
952.718,0.37832,14.344,100.0,0.0,19.43
952.865,0.38023,14.344,100.0,0.0,19.43
953.014,0.38023,14.347,100.0,0.0,19.44
953.161,0.38023,14.353,100.0,0.0,19.44
953.31,0.37915,14.356,100.0,0.0,19.41
953.464,0.37915,14.356,100.0,0.0,19.41
953.612,0.37915,14.359,100.0,0.0,19.31
953.759,0.37915,14.362,100.0,0.0,19.31
953.908,0.37915,14.362,100.0,0.0,19.23
954.055,0.37644,14.369,100.0,0.0,19.23
954.204,0.37644,14.372,100.0,0.0,19.23
954.352,0.37644,14.375,100.0,0.0,19.23
954.499,0.37669,14.375,100.0,0.0,19.27
954.648,0.37669,14.381,100.0,0.0,19.27
954.795,0.37669,14.384,100.0,0.0,19.23
954.944,0.38,14.384,100.0,0.0,19.23
955.091,0.38,14.387,100.0,0.0,19.27
955.24,0.38,14.391,100.0,0.0,19.27
955.388,0.38,14.397,100.0,0.0,19.27
955.536,0.38,14.397,100.0,0.0,19.27
955.683,0.38,14.4,100.0,0.0,19.23
955.832,0.38,14.403,100.0,0.0,19.23
955.98,0.38,14.409,100.0,0.0,19.34
956.133,0.38,14.409,100.0,0.0,19.34
956.281,0.38,14.413,100.0,0.0,19.37
956.429,0.38,14.416,100.0,0.0,19.37
956.577,0.38,14.416,100.0,0.0,19.35
956.725,0.38199,14.419,100.0,0.0,19.35
956.873,0.38199,14.425,100.0,0.0,19.37
957.021,0.38305,14.428,100.0,0.0,19.37
957.169,0.38305,14.428,100.0,0.0,19.43
957.317,0.38305,14.431,100.0,0.0,19.43
957.465,0.37586,14.437,100.0,0.0,19.4
957.613,0.37586,14.437,100.0,0.0,19.4
957.761,0.37586,14.441,100.0,0.0,19.42
957.909,0.37586,14.444,100.0,0.0,19.42
958.058,0.37586,14.447,100.0,0.0,19.43
958.205,0.37586,14.447,100.0,0.0,19.43
958.353,0.37624,14.453,100.0,0.0,19.43
958.501,0.37624,14.456,100.0,0.0,19.44
958.65,0.37624,14.459,100.0,0.0,19.44
958.803,0.37866,14.459,100.0,0.0,19.45
958.951,0.37866,14.466,100.0,0.0,19.45
959.099,0.37866,14.469,100.0,0.0,19.38
959.247,0.37462,14.469,100.0,0.0,19.38
959.395,0.37462,14.472,100.0,0.0,19.36
959.544,0.37462,14.475,100.0,0.0,19.36
959.691,0.37462,14.481,100.0,0.0,19.38
959.84,0.37462,14.481,100.0,0.0,19.38
959.987,0.37462,14.484,100.0,0.0,19.36
960.136,0.37462,14.487,100.0,0.0,19.36
960.283,0.37462,14.487,100.0,0.0,19.38
960.43,0.37462,14.494,100.0,0.0,19.38
960.579,0.37462,14.497,100.0,0.0,19.4
960.727,0.37462,14.5,100.0,0.0,19.4
960.875,0.37787,14.5,100.0,0.0,19.38
961.023,0.37787,14.503,100.0,0.0,19.38
961.171,0.37787,14.509,100.0,0.0,19.32
961.319,0.3779,14.512,100.0,0.0,19.32
961.473,0.3779,14.512,100.0,0.0,19.39
961.62,0.3779,14.516,100.0,0.0,19.39
961.768,0.37762,14.522,100.0,0.0,19.44
961.916,0.37762,14.522,100.0,0.0,19.44
962.064,0.37762,14.525,100.0,0.0,19.45
962.212,0.37762,14.528,100.0,0.0,19.45
962.361,0.37762,14.531,100.0,0.0,19.42
962.508,0.37762,14.531,100.0,0.0,19.42
962.656,0.37887,14.538,100.0,0.0,19.43
962.804,0.37887,14.541,100.0,0.0,19.43
962.953,0.37887,14.541,100.0,0.0,19.44
963.1,0.37663,14.544,100.0,0.0,19.44
963.249,0.37663,14.55,100.0,0.0,19.34
963.397,0.37663,14.553,100.0,0.0,19.34
963.544,0.3743,14.553,100.0,0.0,19.36
963.693,0.3743,14.556,100.0,0.0,19.36
963.84,0.3743,14.559,100.0,0.0,19.35
963.989,0.3743,14.566,100.0,0.0,19.35
964.142,0.3743,14.566,100.0,0.0,19.41
964.29,0.3743,14.569,100.0,0.0,19.41
964.438,0.3743,14.572,100.0,0.0,19.46
964.586,0.3743,14.572,100.0,0.0,19.46
964.733,0.3743,14.578,100.0,0.0,19.39
964.882,0.3743,14.581,100.0,0.0,19.39
965.03,0.3743,14.584,100.0,0.0,19.37
965.178,0.37672,14.584,100.0,0.0,19.37
965.326,0.37672,14.587,100.0,0.0,19.35
965.474,0.37672,14.594,100.0,0.0,19.35
965.622,0.3753,14.594,100.0,0.0,19.34
965.771,0.3753,14.597,100.0,0.0,19.34
965.918,0.3753,14.6,100.0,0.0,19.29
966.067,0.37712,14.606,100.0,0.0,19.29
966.215,0.37712,14.606,100.0,0.0,19.32
966.362,0.37712,14.609,100.0,0.0,19.32
966.511,0.37712,14.612,100.0,0.0,19.38
966.658,0.37712,14.616,100.0,0.0,19.38
966.812,0.37712,14.616,100.0,0.0,19.4
966.959,0.38024,14.622,100.0,0.0,19.4
967.108,0.38024,14.625,100.0,0.0,19.45
967.256,0.37867,14.625,100.0,0.0,19.45
967.407,0.37867,14.628,100.0,0.0,19.38
967.555,0.37867,14.634,100.0,0.0,19.38
967.704,0.37406,14.637,100.0,0.0,19.36
967.852,0.37406,14.637,100.0,0.0,19.36
968.0,0.37406,14.641,100.0,0.0,19.35
968.147,0.37406,14.644,100.0,0.0,19.35
968.296,0.37406,14.65,100.0,0.0,19.35
968.455,0.37406,14.65,100.0,0.0,19.33
968.603,0.37406,14.653,100.0,0.0,19.33
968.75,0.37406,14.656,100.0,0.0,19.28
968.899,0.37406,14.656,100.0,0.0,19.28
969.046,0.37406,14.663,100.0,0.0,19.32
969.195,0.37406,14.666,100.0,0.0,19.32
969.342,0.37406,14.669,100.0,0.0,19.34
969.491,0.3713,14.669,100.0,0.0,19.34
969.638,0.3713,14.672,100.0,0.0,19.33
969.787,0.3713,14.678,100.0,0.0,19.33
969.935,0.37432,14.678,100.0,0.0,19.32
970.083,0.37432,14.681,100.0,0.0,19.32
970.231,0.37432,14.684,100.0,0.0,19.31
970.379,0.373,14.691,100.0,0.0,19.31
970.527,0.373,14.691,100.0,0.0,19.34
970.675,0.373,14.694,100.0,0.0,19.34
970.823,0.373,14.697,100.0,0.0,19.32
970.972,0.373,14.7,100.0,0.0,19.32
971.124,0.37888,14.7,100.0,0.0,19.39
971.273,0.37888,14.706,100.0,0.0,19.39
971.42,0.37888,14.709,100.0,0.0,19.44
971.569,0.37416,14.709,100.0,0.0,19.44
971.716,0.37416,14.712,100.0,0.0,19.45
971.864,0.37416,14.719,100.0,0.0,19.45
972.013,0.37396,14.722,100.0,0.0,19.46
972.161,0.37396,14.722,100.0,0.0,19.46
972.309,0.37396,14.725,100.0,0.0,19.46
972.456,0.37396,14.728,100.0,0.0,19.46
972.605,0.37396,14.728,100.0,0.0,19.43
972.752,0.37396,14.734,100.0,0.0,19.43
972.901,0.37396,14.737,100.0,0.0,19.44
973.048,0.37396,14.741,100.0,0.0,19.44
973.197,0.37396,14.741,100.0,0.0,19.41
973.344,0.37396,14.747,100.0,0.0,19.41
973.493,0.37396,14.75,100.0,0.0,19.43
973.64,0.37396,14.753,100.0,0.0,19.43
973.795,0.37487,14.753,100.0,0.0,19.44
973.942,0.37487,14.756,100.0,0.0,19.44
974.091,0.37551,14.762,100.0,0.0,19.41
974.239,0.37551,14.762,100.0,0.0,19.41
974.387,0.37551,14.766,100.0,0.0,19.39
974.534,0.37384,14.769,100.0,0.0,19.39
974.682,0.37384,14.775,100.0,0.0,19.37
974.831,0.37384,14.775,100.0,0.0,19.37
974.978,0.37384,14.778,100.0,0.0,19.31
975.127,0.37384,14.781,100.0,0.0,19.31
975.274,0.37384,14.781,100.0,0.0,19.3
975.423,0.37466,14.784,100.0,0.0,19.3
975.57,0.37466,14.791,100.0,0.0,19.33
975.719,0.37466,14.794,100.0,0.0,19.33
975.867,0.37577,14.794,100.0,0.0,19.32
976.015,0.37577,14.797,100.0,0.0,19.32
976.163,0.37577,14.803,100.0,0.0,19.38
976.311,0.37536,14.806,100.0,0.0,19.38
976.463,0.37536,14.806,100.0,0.0,19.44
976.612,0.37536,14.809,100.0,0.0,19.44
976.759,0.37536,14.812,100.0,0.0,19.45
976.908,0.37536,14.812,100.0,0.0,19.45
977.055,0.37536,14.819,100.0,0.0,19.46
977.204,0.37536,14.822,100.0,0.0,19.46
977.351,0.37536,14.825,100.0,0.0,19.42
977.5,0.37536,14.825,100.0,0.0,19.42
977.647,0.37536,14.831,100.0,0.0,19.4
977.795,0.37536,14.834,100.0,0.0,19.4
977.943,0.36946,14.834,100.0,0.0,19.4
978.091,0.36946,14.837,100.0,0.0,19.49
978.239,0.36946,14.841,100.0,0.0,19.49
978.387,0.37283,14.847,100.0,0.0,19.53
978.536,0.37283,14.847,100.0,0.0,19.53
978.683,0.37283,14.85,100.0,0.0,19.52
978.832,0.37489,14.853,100.0,0.0,19.52
978.98,0.37489,14.859,100.0,0.0,19.52
979.134,0.37489,14.859,100.0,0.0,19.52
979.281,0.37489,14.862,100.0,0.0,19.48
979.429,0.37489,14.866,100.0,0.0,19.48
979.577,0.37489,14.866,100.0,0.0,19.45
979.725,0.36748,14.869,100.0,0.0,19.45
979.873,0.36748,14.875,100.0,0.0,19.45
980.022,0.36748,14.878,100.0,0.0,19.45
980.169,0.37612,14.878,100.0,0.0,19.46
980.318,0.37612,14.881,100.0,0.0,19.46
980.466,0.37612,14.887,100.0,0.0,19.47
980.613,0.37642,14.887,100.0,0.0,19.47
980.762,0.37642,14.891,100.0,0.0,19.43
980.909,0.37642,14.894,100.0,0.0,19.43
981.058,0.37642,14.897,100.0,0.0,19.37
981.206,0.37642,14.897,100.0,0.0,19.37
981.354,0.37642,14.903,100.0,0.0,19.39
981.501,0.37642,14.906,100.0,0.0,19.39
981.65,0.37642,14.909,100.0,0.0,19.44
981.802,0.37642,14.909,100.0,0.0,19.44
981.951,0.37642,14.916,100.0,0.0,19.45
982.098,0.37642,14.919,100.0,0.0,19.45
982.247,0.37521,14.919,100.0,0.0,19.5
982.394,0.37521,14.922,100.0,0.0,19.5
982.543,0.37521,14.925,100.0,0.0,19.46
982.691,0.37446,14.931,100.0,0.0,19.46
982.84,0.37446,14.931,100.0,0.0,19.43
982.987,0.37446,14.934,100.0,0.0,19.43
983.135,0.37325,14.937,100.0,0.0,19.44
983.283,0.37325,14.937,100.0,0.0,19.44
983.431,0.37325,14.944,100.0,0.0,19.52
983.579,0.37325,14.947,100.0,0.0,19.52
983.727,0.37325,14.95,100.0,0.0,19.52
983.875,0.37325,14.95,100.0,0.0,19.52
984.022,0.37415,14.953,100.0,0.0,19.52
984.171,0.37415,14.959,100.0,0.0,19.52
984.319,0.37124,14.962,100.0,0.0,19.55
984.473,0.37124,14.962,100.0,0.0,19.55
984.621,0.37124,14.966,100.0,0.0,19.58
984.769,0.37062,14.972,100.0,0.0,19.58
984.917,0.37062,14.972,100.0,0.0,19.57
985.065,0.37062,14.975,100.0,0.0,19.57
985.213,0.37062,14.978,100.0,0.0,19.63
985.362,0.37062,14.981,100.0,0.0,19.63
985.509,0.37062,14.981,100.0,0.0,19.61
985.657,0.37062,14.987,100.0,0.0,19.61
985.805,0.37062,14.991,100.0,0.0,19.63
985.954,0.37062,14.991,100.0,0.0,19.63
986.101,0.37062,14.994,100.0,0.0,19.61
986.249,0.37062,15.0,100.0,0.0,19.61
986.397,0.37062,15.003,100.0,0.0,19.63
986.546,0.37459,15.003,100.0,0.0,19.63
986.693,0.37459,15.006,100.0,0.0,19.65
986.841,0.37459,15.009,100.0,0.0,19.65
986.989,0.37224,15.016,100.0,0.0,19.63
987.143,0.37224,15.016,100.0,0.0,19.63
987.29,0.37224,15.019,100.0,0.0,19.65
987.437,0.3764,15.022,100.0,0.0,19.65
987.586,0.3764,15.022,100.0,0.0,19.66
987.733,0.3764,15.028,100.0,0.0,19.66
987.882,0.3764,15.031,100.0,0.0,19.66
988.03,0.3764,15.034,100.0,0.0,19.64
988.178,0.37749,15.034,100.0,0.0,19.64
988.326,0.37749,15.038,100.0,0.0,19.62
988.474,0.37749,15.044,100.0,0.0,19.62
988.622,0.3706,15.044,100.0,0.0,19.6
988.771,0.3706,15.047,100.0,0.0,19.6
988.918,0.3706,15.05,100.0,0.0,19.62
989.067,0.37287,15.056,100.0,0.0,19.62
989.215,0.37287,15.056,100.0,0.0,19.57
989.363,0.37287,15.059,100.0,0.0,19.57
989.51,0.37287,15.062,100.0,0.0,19.56
989.658,0.37287,15.066,100.0,0.0,19.56
989.812,0.37287,15.066,100.0,0.0,19.51
989.96,0.37287,15.072,100.0,0.0,19.51
990.108,0.37287,15.075,100.0,0.0,19.51
990.255,0.37287,15.075,100.0,0.0,19.51
990.403,0.37287,15.078,100.0,0.0,19.55
990.551,0.37287,15.084,100.0,0.0,19.55
990.7,0.37287,15.087,100.0,0.0,19.54
990.847,0.37117,15.087,100.0,0.0,19.54
990.996,0.37117,15.091,100.0,0.0,19.61
991.143,0.37027,15.094,100.0,0.0,19.61
991.299,0.37027,15.1,100.0,0.0,19.59
991.455,0.37027,15.1,100.0,0.0,19.59
991.603,0.36805,15.103,100.0,0.0,19.62
991.752,0.36805,15.106,100.0,0.0,19.62
991.899,0.36805,15.106,100.0,0.0,19.6
992.046,0.36805,15.112,100.0,0.0,19.6
992.195,0.36805,15.116,100.0,0.0,19.62
992.343,0.36805,15.119,100.0,0.0,19.62
992.491,0.36805,15.119,100.0,0.0,19.6
992.638,0.36805,15.122,100.0,0.0,19.6
992.787,0.36805,15.128,100.0,0.0,19.51
992.935,0.36805,15.128,100.0,0.0,19.51
993.083,0.36805,15.131,100.0,0.0,19.47
993.23,0.36805,15.134,100.0,0.0,19.47
993.379,0.3712,15.141,100.0,0.0,19.48
993.527,0.3712,15.141,100.0,0.0,19.48
993.675,0.3712,15.144,100.0,0.0,19.52
993.823,0.3712,15.147,100.0,0.0,19.52
993.971,0.3712,15.15,100.0,0.0,19.55
994.124,0.3712,15.15,100.0,0.0,19.55
994.272,0.3712,15.156,100.0,0.0,19.58
994.42,0.3712,15.159,100.0,0.0,19.58
994.569,0.3712,15.159,100.0,0.0,19.57
994.716,0.3712,15.163,100.0,0.0,19.57
994.863,0.3712,15.169,100.0,0.0,19.52
995.012,0.36604,15.172,100.0,0.0,19.52
995.16,0.36604,15.172,100.0,0.0,19.48
995.308,0.36604,15.175,100.0,0.0,19.48
995.456,0.36839,15.178,100.0,0.0,19.48
995.605,0.36839,15.178,100.0,0.0,19.48
995.752,0.36839,15.184,100.0,0.0,19.41
995.9,0.36847,15.187,100.0,0.0,19.41
996.048,0.36847,15.191,100.0,0.0,19.35
996.197,0.36847,15.191,100.0,0.0,19.35
996.344,0.36847,15.197,100.0,0.0,19.37
996.493,0.36847,15.2,100.0,0.0,19.37
996.64,0.36847,15.203,100.0,0.0,19.39
996.795,0.36847,15.203,100.0,0.0,19.39
996.942,0.36847,15.206,100.0,0.0,19.45
997.09,0.36847,15.212,100.0,0.0,19.45
997.238,0.37053,15.212,100.0,0.0,19.49
997.386,0.37053,15.216,100.0,0.0,19.49
997.534,0.37053,15.219,100.0,0.0,19.49
997.683,0.37053,15.225,100.0,0.0,19.49
997.83,0.37053,15.225,100.0,0.0,19.53
997.977,0.37053,15.228,100.0,0.0,19.53
998.126,0.37053,15.231,100.0,0.0,19.53
998.274,0.37053,15.231,100.0,0.0,19.45
998.422,0.37053,15.234,100.0,0.0,19.45
998.569,0.37053,15.241,100.0,0.0,19.46
998.718,0.37053,15.244,100.0,0.0,19.46
998.866,0.37153,15.244,100.0,0.0,19.5
999.014,0.37153,15.247,100.0,0.0,19.5
999.162,0.37153,15.253,100.0,0.0,19.54
999.31,0.36858,15.256,100.0,0.0,19.54
999.463,0.36858,15.256,100.0,0.0,19.57
999.611,0.36858,15.259,100.0,0.0,19.57
999.759,0.36731,15.262,100.0,0.0,19.49
999.908,0.36731,15.262,100.0,0.0,19.49
1000.055,0.36731,15.269,100.0,0.0,19.45
1000.205,0.36515,15.272,100.0,0.0,19.45
1000.354,0.36515,15.275,100.0,0.0,19.5
1000.503,0.36515,15.275,100.0,0.0,19.5
1000.652,0.3716,15.281,100.0,0.0,19.38
1000.802,0.3716,15.284,100.0,0.0,19.38
1000.95,0.3716,15.288,100.0,0.0,19.4
1001.108,0.3716,15.288,100.0,0.0,19.4
1001.256,0.3716,15.291,100.0,0.0,19.42
1001.406,0.36678,15.297,100.0,0.0,19.42
1001.555,0.36678,15.297,100.0,0.0,19.47
1001.704,0.36678,15.3,100.0,0.0,19.47
1001.852,0.36678,15.303,100.0,0.0,19.51
1002.002,0.36678,15.309,100.0,0.0,19.51
1002.151,0.36678,15.309,100.0,0.0,19.51
1002.3,0.36678,15.312,100.0,0.0,19.51
1002.449,0.36678,15.316,100.0,0.0,19.47
1002.598,0.36678,15.319,100.0,0.0,19.47
1002.75,0.36678,15.319,100.0,0.0,19.4
1002.899,0.36678,15.325,100.0,0.0,19.4
1003.048,0.36678,15.328,100.0,0.0,19.38
1003.197,0.37045,15.328,100.0,0.0,19.38
1003.346,0.37045,15.331,100.0,0.0,19.43
1003.495,0.37045,15.337,100.0,0.0,19.43
1003.644,0.36804,15.341,100.0,0.0,19.44
1003.794,0.36804,15.341,100.0,0.0,19.44
1003.942,0.36448,15.344,100.0,0.0,19.45
1004.099,0.36448,15.347,100.0,0.0,19.45
1004.248,0.36448,15.353,100.0,0.0,19.5
1004.397,0.36873,15.353,100.0,0.0,19.5
1004.546,0.36873,15.356,100.0,0.0,19.53
1004.696,0.36873,15.359,100.0,0.0,19.53
1004.844,0.36812,15.359,100.0,0.0,19.49
1004.994,0.36812,15.366,100.0,0.0,19.49
1005.142,0.36812,15.369,100.0,0.0,19.49
1005.292,0.36812,15.372,100.0,0.0,19.49
1005.441,0.36812,15.372,100.0,0.0,19.49
1005.59,0.36812,15.375,100.0,0.0,19.49
1005.738,0.37239,15.381,100.0,0.0,19.53
1005.888,0.37239,15.384,100.0,0.0,19.53
1006.037,0.37239,15.384,100.0,0.0,19.56
1006.186,0.37239,15.387,100.0,0.0,19.56
1006.335,0.37239,15.394,100.0,0.0,19.56
1006.485,0.37239,15.394,100.0,0.0,19.56
1006.633,0.37239,15.397,100.0,0.0,19.55
1006.782,0.37239,15.4,100.0,0.0,19.55
1006.931,0.37239,15.403,100.0,0.0,19.5
1007.081,0.37239,15.403,100.0,0.0,19.5
1007.229,0.37239,15.409,100.0,0.0,19.54
1007.378,0.37056,15.413,100.0,0.0,19.54
1007.527,0.37056,15.416,100.0,0.0,19.53
1007.679,0.37056,15.416,100.0,0.0,19.53
1007.827,0.36727,15.422,100.0,0.0,19.49
1007.977,0.36727,15.425,100.0,0.0,19.49
1008.126,0.36727,15.425,100.0,0.0,19.42
1008.275,0.37083,15.428,100.0,0.0,19.42
1008.424,0.37083,15.431,100.0,0.0,19.47
1008.574,0.37083,15.437,100.0,0.0,19.47
1008.722,0.36867,15.437,100.0,0.0,19.47
1008.872,0.36867,15.441,100.0,0.0,19.47
1009.02,0.36867,15.444,100.0,0.0,19.51
1009.17,0.36597,15.45,100.0,0.0,19.51
1009.322,0.36597,15.45,100.0,0.0,19.51
1009.471,0.36597,15.453,100.0,0.0,19.51
1009.619,0.36597,15.456,100.0,0.0,19.51
1009.769,0.36597,15.456,100.0,0.0,19.51
1009.917,0.3662,15.459,100.0,0.0,19.55
1010.072,0.3662,15.466,100.0,0.0,19.55
1010.221,0.3662,15.469,100.0,0.0,19.5
1010.371,0.3662,15.469,100.0,0.0,19.5
1010.519,0.3662,15.472,100.0,0.0,19.54
1010.668,0.3662,15.478,100.0,0.0,19.54
1010.817,0.3662,15.481,100.0,0.0,19.57
1010.967,0.3662,15.481,100.0,0.0,19.57
1011.115,0.3662,15.484,100.0,0.0,19.48
1011.264,0.3662,15.487,100.0,0.0,19.48
1011.413,0.3662,15.487,100.0,0.0,19.49
1011.562,0.3662,15.494,100.0,0.0,19.49
1011.711,0.36775,15.497,100.0,0.0,19.49
1011.861,0.36775,15.5,100.0,0.0,19.49
1012.01,0.36775,15.5,100.0,0.0,19.45
1012.159,0.36888,15.506,100.0,0.0,19.45
1012.308,0.36888,15.509,100.0,0.0,19.46
1012.457,0.36888,15.512,100.0,0.0,19.46
1012.607,0.36684,15.512,100.0,0.0,19.47
1012.757,0.36684,15.516,100.0,0.0,19.47
1012.905,0.36809,15.522,100.0,0.0,19.43
1013.059,0.36809,15.522,100.0,0.0,19.43
1013.207,0.36809,15.525,100.0,0.0,19.48
1013.357,0.36874,15.528,100.0,0.0,19.48
1013.506,0.36874,15.534,100.0,0.0,19.45
1013.655,0.36874,15.534,100.0,0.0,19.45
1013.803,0.36874,15.538,100.0,0.0,19.3
1013.953,0.36874,15.541,100.0,0.0,19.3
1014.102,0.36874,15.544,100.0,0.0,19.33
1014.251,0.36738,15.544,100.0,0.0,19.33
1014.4,0.36738,15.55,100.0,0.0,19.36
1014.549,0.36738,15.553,100.0,0.0,19.36
1014.698,0.36738,15.553,100.0,0.0,19.3
1014.847,0.36738,15.556,100.0,0.0,19.3
1014.996,0.36738,15.562,100.0,0.0,19.33
1015.146,0.36738,15.566,100.0,0.0,19.33
1015.294,0.36738,15.566,100.0,0.0,19.32
1015.443,0.36738,15.569,100.0,0.0,19.32
1015.592,0.36738,15.572,100.0,0.0,19.32
1015.742,0.36738,15.578,100.0,0.0,19.39
1015.893,0.368,15.578,100.0,0.0,19.39
1016.045,0.368,15.581,100.0,0.0,19.44
1016.194,0.368,15.584,100.0,0.0,19.44
1016.343,0.36769,15.584,100.0,0.0,19.41
1016.492,0.36769,15.591,100.0,0.0,19.41
1016.641,0.36769,15.594,100.0,0.0,19.43
1016.79,0.36868,15.597,100.0,0.0,19.43
1016.94,0.36868,15.597,100.0,0.0,19.44
1017.088,0.36868,15.6,100.0,0.0,19.44
1017.238,0.36797,15.606,100.0,0.0,19.45
1017.387,0.36797,15.609,100.0,0.0,19.45
1017.536,0.36797,15.609,100.0,0.0,19.42
1017.685,0.36407,15.612,100.0,0.0,19.42
1017.835,0.36407,15.619,100.0,0.0,19.47
1017.983,0.36407,15.619,100.0,0.0,19.47
1018.132,0.36407,15.622,100.0,0.0,19.51
1018.281,0.36407,15.625,100.0,0.0,19.51
1018.431,0.36407,15.628,100.0,0.0,19.55
1018.579,0.367,15.628,100.0,0.0,19.55
1018.729,0.367,15.634,100.0,0.0,19.58
1018.877,0.367,15.637,100.0,0.0,19.58
1019.027,0.367,15.641,100.0,0.0,19.6
1019.179,0.367,15.641,100.0,0.0,19.6
1019.328,0.367,15.647,100.0,0.0,19.62
1019.477,0.367,15.65,100.0,0.0,19.62
1019.626,0.367,15.65,100.0,0.0,19.57
1019.775,0.367,15.653,100.0,0.0,19.57
1019.924,0.367,15.656,100.0,0.0,19.6
1020.073,0.367,15.663,100.0,0.0,19.6
1020.222,0.36616,15.663,100.0,0.0,19.62
1020.371,0.36616,15.666,100.0,0.0,19.62
1020.521,0.36616,15.669,100.0,0.0,19.64
1020.669,0.35958,15.675,100.0,0.0,19.64
1020.822,0.35958,15.675,100.0,0.0,19.62
1020.97,0.35958,15.678,100.0,0.0,19.62
1021.12,0.36651,15.681,100.0,0.0,19.52
1021.269,0.36651,15.681,100.0,0.0,19.52
1021.418,0.36651,15.684,100.0,0.0,19.52
1021.567,0.36814,15.691,100.0,0.0,19.52
1021.716,0.36814,15.694,100.0,0.0,19.59
1021.865,0.36856,15.694,100.0,0.0,19.59
1022.018,0.36856,15.697,100.0,0.0,19.58
1022.166,0.36856,15.703,100.0,0.0,19.58
1022.316,0.36856,15.706,100.0,0.0,19.57
1022.465,0.36856,15.706,100.0,0.0,19.57
1022.614,0.36856,15.709,100.0,0.0,19.48
1022.763,0.36467,15.712,100.0,0.0,19.48
1022.913,0.36467,15.712,100.0,0.0,19.52
1023.061,0.36467,15.719,100.0,0.0,19.52
1023.21,0.36467,15.722,100.0,0.0,19.48
1023.359,0.36467,15.725,100.0,0.0,19.48
1023.509,0.36467,15.725,100.0,0.0,19.52
1023.657,0.36467,15.731,100.0,0.0,19.52
1023.806,0.36467,15.734,100.0,0.0,19.48
1023.955,0.36467,15.737,100.0,0.0,19.48
1024.108,0.36467,15.737,100.0,0.0,19.56
1024.256,0.36467,15.741,100.0,0.0,19.56
1024.405,0.36467,15.747,100.0,0.0,19.55
1024.554,0.36017,15.747,100.0,0.0,19.55
1024.703,0.36017,15.75,100.0,0.0,19.58
1024.852,0.3633,15.753,100.0,0.0,19.58
1025.005,0.3633,15.759,100.0,0.0,19.61
1025.153,0.3633,15.759,100.0,0.0,19.61
1025.303,0.36703,15.762,100.0,0.0,19.59
1025.451,0.36703,15.766,100.0,0.0,19.59
1025.601,0.36703,15.769,100.0,0.0,19.5
1025.75,0.35964,15.769,100.0,0.0,19.5
1025.9,0.35964,15.775,100.0,0.0,19.5
1026.048,0.35964,15.778,100.0,0.0,19.5
1026.198,0.36179,15.778,100.0,0.0,19.46
1026.346,0.36179,15.781,100.0,0.0,19.46
1026.496,0.36179,15.788,100.0,0.0,19.51
1026.645,0.36179,15.791,100.0,0.0,19.51
1026.794,0.36179,15.791,100.0,0.0,19.54
1026.942,0.36179,15.794,100.0,0.0,19.54
1027.092,0.36369,15.797,100.0,0.0,19.57
1027.241,0.36369,15.803,100.0,0.0,19.57
1027.394,0.36369,15.803,100.0,0.0,19.56
1027.542,0.36369,15.806,100.0,0.0,19.56
1027.691,0.36369,15.809,100.0,0.0,19.52
1027.84,0.36369,15.809,100.0,0.0,19.52
1027.989,0.36369,15.816,100.0,0.0,19.48
1028.138,0.36369,15.819,100.0,0.0,19.48
1028.288,0.36369,15.822,100.0,0.0,19.48
1028.436,0.36369,15.822,100.0,0.0,19.48
1028.585,0.36369,15.825,100.0,0.0,19.48
1028.734,0.36538,15.831,100.0,0.0,19.48
1028.884,0.36538,15.834,100.0,0.0,19.45
1029.036,0.36538,15.834,100.0,0.0,19.45
1029.185,0.36492,15.837,100.0,0.0,19.49
1029.334,0.36492,15.844,100.0,0.0,19.49
1029.483,0.36492,15.844,100.0,0.0,19.49
1029.632,0.36463,15.847,100.0,0.0,19.49
1029.782,0.36463,15.85,100.0,0.0,19.5
1029.93,0.36463,15.853,100.0,0.0,19.5
1030.08,0.36352,15.853,100.0,0.0,19.42
1030.228,0.36352,15.859,100.0,0.0,19.42
1030.378,0.36352,15.862,100.0,0.0,19.43
1030.527,0.3653,15.866,100.0,0.0,19.43
1030.679,0.3653,15.866,100.0,0.0,19.41
1030.827,0.3653,15.872,100.0,0.0,19.41
1030.977,0.3653,15.875,100.0,0.0,19.42
1031.126,0.3653,15.875,100.0,0.0,19.42
1031.275,0.36369,15.878,100.0,0.0,19.43
1031.424,0.36369,15.881,100.0,0.0,19.43
1031.573,0.36369,15.887,100.0,0.0,19.44
1031.722,0.36369,15.887,100.0,0.0,19.44
1031.871,0.36369,15.891,100.0,0.0,19.49
1032.02,0.36369,15.894,100.0,0.0,19.49
1032.17,0.36369,15.9,100.0,0.0,19.49
1032.322,0.36369,15.9,100.0,0.0,19.49
1032.471,0.36369,15.903,100.0,0.0,19.53
1032.62,0.36369,15.906,100.0,0.0,19.53
1032.769,0.36369,15.906,100.0,0.0,19.52
1032.917,0.36369,15.909,100.0,0.0,19.52
1033.067,0.36166,15.916,100.0,0.0,19.52
1033.216,0.36166,15.919,100.0,0.0,19.52
1033.366,0.36166,15.919,100.0,0.0,19.52
1033.514,0.36853,15.922,100.0,0.0,19.52
1033.664,0.36853,15.928,100.0,0.0,19.52
1033.812,0.36657,15.931,100.0,0.0,19.52
1033.965,0.36657,15.931,100.0,0.0,19.51
1034.113,0.36657,15.934,100.0,0.0,19.51
1034.263,0.36075,15.937,100.0,0.0,19.51
1034.412,0.36075,15.937,100.0,0.0,19.55
1034.561,0.36075,15.944,100.0,0.0,19.55
1034.709,0.36049,15.947,100.0,0.0,19.54
1034.859,0.36049,15.95,100.0,0.0,19.54
1035.008,0.36049,15.95,100.0,0.0,19.42
1035.157,0.36049,15.956,100.0,0.0,19.42
1035.306,0.36049,15.959,100.0,0.0,19.47
1035.455,0.36049,15.962,100.0,0.0,19.47
1035.607,0.36426,15.962,100.0,0.0,19.48
1035.757,0.36426,15.966,100.0,0.0,19.48
1035.905,0.36426,15.972,100.0,0.0,19.48
1036.055,0.36426,15.972,100.0,0.0,19.48
1036.203,0.36426,15.975,100.0,0.0,19.52
1036.353,0.36426,15.978,100.0,0.0,19.52
1036.502,0.36426,15.984,100.0,0.0,19.48
1036.651,0.36426,15.984,100.0,0.0,19.48
1036.799,0.36426,15.987,100.0,0.0,19.48
1036.949,0.36426,15.991,100.0,0.0,19.48
1037.098,0.36426,15.994,100.0,0.0,19.52
1037.25,0.36393,15.994,100.0,0.0,19.52
1037.399,0.36393,16.0,100.0,0.0,19.52
1037.548,0.36393,16.003,100.0,0.0,19.52
1037.697,0.36819,16.003,100.0,0.0,19.52
1037.847,0.36819,16.006,100.0,0.0,19.52
1037.995,0.36819,16.013,100.0,0.0,19.55
1038.145,0.3615,16.016,100.0,0.0,19.55
1038.294,0.3615,16.016,100.0,0.0,19.51
1038.443,0.3615,16.019,100.0,0.0,19.51
1038.592,0.36756,16.022,100.0,0.0,19.51
1038.742,0.36756,16.028,100.0,0.0,19.51
1038.893,0.36756,16.028,100.0,0.0,19.5
1039.042,0.36657,16.031,100.0,0.0,19.5
1039.191,0.36657,16.034,100.0,0.0,19.54
1039.341,0.36657,16.034,100.0,0.0,19.54
1039.489,0.36657,16.041,100.0,0.0,19.54
1039.638,0.36657,16.044,100.0,0.0,19.54
1039.787,0.36362,16.047,100.0,0.0,19.53
1039.937,0.36362,16.047,100.0,0.0,19.53
1040.085,0.36362,16.05,100.0,0.0,19.53
1040.235,0.36362,16.056,100.0,0.0,19.53
1040.384,0.36362,16.059,100.0,0.0,19.48
1040.536,0.36362,16.059,100.0,0.0,19.48
1040.685,0.36362,16.062,100.0,0.0,19.49
1040.834,0.36362,16.069,100.0,0.0,19.49
1040.983,0.36362,16.069,100.0,0.0,19.45
1041.132,0.36362,16.072,100.0,0.0,19.45
1041.281,0.36362,16.075,100.0,0.0,19.46
1041.43,0.36362,16.078,100.0,0.0,19.46
1041.579,0.36067,16.078,100.0,0.0,19.39
1041.728,0.36067,16.084,100.0,0.0,19.39
1041.877,0.36067,16.087,100.0,0.0,19.37
1042.027,0.36422,16.091,100.0,0.0,19.37
1042.178,0.36422,16.091,100.0,0.0,19.35
1042.328,0.36422,16.097,100.0,0.0,19.35
1042.476,0.3632,16.1,100.0,0.0,19.34
1042.626,0.3632,16.1,100.0,0.0,19.34
1042.774,0.36484,16.103,100.0,0.0,19.32
1042.924,0.36484,16.106,100.0,0.0,19.32
1043.073,0.36484,16.112,100.0,0.0,19.39
1043.223,0.35983,16.112,100.0,0.0,19.39
1043.371,0.35983,16.116,100.0,0.0,19.48
1043.521,0.35983,16.119,100.0,0.0,19.48
1043.669,0.35983,16.125,100.0,0.0,19.48
1043.822,0.35983,16.125,100.0,0.0,19.48
1043.97,0.35983,16.128,100.0,0.0,19.48
1044.12,0.36266,16.131,100.0,0.0,19.48
1044.269,0.36266,16.131,100.0,0.0,19.49
1044.418,0.36266,16.134,100.0,0.0,19.49
1044.567,0.36266,16.141,100.0,0.0,19.45
1044.716,0.36266,16.144,100.0,0.0,19.45
1044.865,0.36266,16.144,100.0,0.0,19.42
1045.014,0.36266,16.147,100.0,0.0,19.42
1045.163,0.36266,16.153,100.0,0.0,19.51
1045.312,0.36266,16.156,100.0,0.0,19.51
1045.465,0.36266,16.156,100.0,0.0,19.51
1045.614,0.36266,16.159,100.0,0.0,19.51
1045.762,0.36026,16.163,100.0,0.0,19.54
1045.912,0.36026,16.163,100.0,0.0,19.54
1046.06,0.36026,16.169,100.0,0.0,19.5
1046.21,0.35771,16.172,100.0,0.0,19.5
1046.359,0.35771,16.175,100.0,0.0,19.46
1046.509,0.35771,16.175,100.0,0.0,19.46
1046.657,0.36109,16.181,100.0,0.0,19.43
1046.807,0.36109,16.184,100.0,0.0,19.43
1046.955,0.36109,16.187,100.0,0.0,19.52
1047.108,0.36129,16.187,100.0,0.0,19.52
1047.256,0.36129,16.191,100.0,0.0,19.51
1047.406,0.36129,16.197,100.0,0.0,19.51
1047.554,0.36262,16.197,100.0,0.0,19.55
1047.704,0.36262,16.2,100.0,0.0,19.55
1047.853,0.36262,16.203,100.0,0.0,19.58
1048.002,0.36262,16.209,100.0,0.0,19.58
1048.151,0.36262,16.209,100.0,0.0,19.57
1048.3,0.36262,16.212,100.0,0.0,19.57
1048.449,0.36158,16.216,100.0,0.0,19.52
1048.599,0.36158,16.219,100.0,0.0,19.52
1048.75,0.36158,16.219,100.0,0.0,19.55
1048.899,0.36158,16.225,100.0,0.0,19.55
1049.048,0.36158,16.228,100.0,0.0,19.47
1049.198,0.36158,16.228,100.0,0.0,19.47
1049.346,0.36158,16.231,100.0,0.0,19.4
1049.495,0.36158,16.237,100.0,0.0,19.4
1049.644,0.36158,16.241,100.0,0.0,19.45
1049.794,0.36158,16.241,100.0,0.0,19.45
1049.942,0.36158,16.244,100.0,0.0,19.38
1050.092,0.36395,16.247,100.0,0.0,19.38
1050.24,0.36395,16.253,100.0,0.0,19.33
1050.393,0.36395,16.253,100.0,0.0,19.33
1050.541,0.36217,16.256,100.0,0.0,19.35
1050.691,0.36217,16.259,100.0,0.0,19.35
1050.84,0.36217,16.259,100.0,0.0,19.38
1050.989,0.36386,16.266,100.0,0.0,19.38
1051.138,0.36386,16.269,100.0,0.0,19.39
1051.288,0.36386,16.272,100.0,0.0,19.39
1051.436,0.36369,16.272,100.0,0.0,19.41
1051.586,0.36369,16.275,100.0,0.0,19.41
1051.735,0.36308,16.281,100.0,0.0,19.42
1051.885,0.36308,16.284,100.0,0.0,19.42
1052.036,0.36308,16.284,100.0,0.0,19.47
1052.185,0.36308,16.288,100.0,0.0,19.47
1052.334,0.36308,16.294,100.0,0.0,19.44
1052.483,0.36308,16.294,100.0,0.0,19.44
1052.631,0.36044,16.297,100.0,0.0,19.44
1052.781,0.36044,16.3,100.0,0.0,19.41
1052.93,0.36044,16.303,100.0,0.0,19.41
1053.08,0.36044,16.303,100.0,0.0,19.46
1053.228,0.36044,16.309,100.0,0.0,19.46
1053.377,0.36044,16.312,100.0,0.0,19.47
1053.526,0.36044,16.316,100.0,0.0,19.47
1053.679,0.36044,16.316,100.0,0.0,19.47
1053.827,0.36044,16.322,100.0,0.0,19.47
1053.977,0.36044,16.325,100.0,0.0,19.55
1054.126,0.36044,16.325,100.0,0.0,19.55
1054.275,0.36044,16.328,100.0,0.0,19.54
1054.424,0.35976,16.331,100.0,0.0,19.54
1054.573,0.35976,16.337,100.0,0.0,19.46
1054.722,0.35774,16.337,100.0,0.0,19.46
1054.872,0.35774,16.341,100.0,0.0,19.47
1055.02,0.35774,16.344,100.0,0.0,19.47
1055.17,0.35886,16.35,100.0,0.0,19.47
1055.321,0.35886,16.35,100.0,0.0,19.47
1055.47,0.35886,16.353,100.0,0.0,19.48
1055.619,0.35911,16.356,100.0,0.0,19.48
1055.769,0.35911,16.356,100.0,0.0,19.48
1055.917,0.35911,16.359,100.0,0.0,19.48
1056.067,0.36251,16.366,100.0,0.0,19.48
1056.216,0.36251,16.369,100.0,0.0,19.48
1056.365,0.36251,16.369,100.0,0.0,19.45
1056.514,0.36251,16.372,100.0,0.0,19.45
1056.663,0.36251,16.378,100.0,0.0,19.46
1056.812,0.36251,16.381,100.0,0.0,19.46
1056.965,0.35735,16.381,100.0,0.0,19.39
1057.113,0.35735,16.384,100.0,0.0,19.39
1057.263,0.35735,16.388,100.0,0.0,19.48
1057.412,0.35735,16.388,100.0,0.0,19.48
1057.561,0.35735,16.394,100.0,0.0,19.41
1057.709,0.35735,16.397,100.0,0.0,19.41
1057.859,0.35735,16.4,100.0,0.0,19.38
1058.008,0.35735,16.4,100.0,0.0,19.38
1058.157,0.35735,16.406,100.0,0.0,19.4
1058.306,0.35735,16.409,100.0,0.0,19.4
1058.455,0.35735,16.413,100.0,0.0,19.45
1058.607,0.3593,16.413,100.0,0.0,19.45
1058.757,0.3593,16.416,100.0,0.0,19.46
1058.906,0.3593,16.422,100.0,0.0,19.46
1059.055,0.36001,16.422,100.0,0.0,19.47
1059.204,0.36001,16.425,100.0,0.0,19.47
1059.353,0.36001,16.428,100.0,0.0,19.51
1059.502,0.36658,16.434,100.0,0.0,19.51
1059.652,0.36658,16.434,100.0,0.0,19.43
1059.8,0.36658,16.437,100.0,0.0,19.43
1059.95,0.36309,16.441,100.0,0.0,19.44
1060.099,0.36309,16.444,100.0,0.0,19.44
1060.25,0.36309,16.444,100.0,0.0,19.38
1060.399,0.36066,16.45,100.0,0.0,19.38
1060.549,0.36066,16.453,100.0,0.0,19.39
1060.697,0.36066,16.453,100.0,0.0,19.39
1060.846,0.36066,16.456,100.0,0.0,19.34
1060.995,0.36066,16.462,100.0,0.0,19.34
1061.145,0.35474,16.466,100.0,0.0,19.4
1061.294,0.35474,16.466,100.0,0.0,19.4
1061.443,0.35474,16.469,100.0,0.0,19.38
1061.591,0.35474,16.472,100.0,0.0,19.38
1061.741,0.35474,16.478,100.0,0.0,19.39
1061.893,0.35474,16.478,100.0,0.0,19.39
1062.042,0.35474,16.481,100.0,0.0,19.37
1062.191,0.35474,16.484,100.0,0.0,19.37
1062.34,0.35474,16.484,100.0,0.0,19.35
1062.489,0.35474,16.491,100.0,0.0,19.35
1062.638,0.35474,16.494,100.0,0.0,19.41
1062.787,0.35474,16.497,100.0,0.0,19.41
1062.937,0.35956,16.497,100.0,0.0,19.43
1063.085,0.35956,16.5,100.0,0.0,19.43
1063.235,0.35956,16.506,100.0,0.0,19.48
1063.383,0.35996,16.509,100.0,0.0,19.48
1063.536,0.35996,16.509,100.0,0.0,19.48
1063.684,0.3581,16.513,100.0,0.0,19.48
1063.834,0.3581,16.519,100.0,0.0,19.41
1063.983,0.3581,16.519,100.0,0.0,19.41
1064.132,0.36258,16.522,100.0,0.0,19.38
1064.281,0.36258,16.525,100.0,0.0,19.38
1064.431,0.36258,16.528,100.0,0.0,19.4
1064.579,0.36186,16.528,100.0,0.0,19.4
1064.729,0.36186,16.534,100.0,0.0,19.42
1064.877,0.36186,16.538,100.0,0.0,19.42
1065.027,0.36186,16.541,100.0,0.0,19.43
1065.18,0.36186,16.541,100.0,0.0,19.43
1065.328,0.36186,16.547,100.0,0.0,19.44
1065.476,0.35535,16.55,100.0,0.0,19.44
1065.626,0.35535,16.55,100.0,0.0,19.49
1065.774,0.35535,16.553,100.0,0.0,19.49
1065.924,0.35535,16.556,100.0,0.0,19.56
1066.073,0.35535,16.562,100.0,0.0,19.56
1066.222,0.35535,16.562,100.0,0.0,19.52
1066.371,0.35535,16.566,100.0,0.0,19.52
1066.52,0.35535,16.569,100.0,0.0,19.48
1066.669,0.35535,16.575,100.0,0.0,19.48
1066.822,0.35535,16.575,100.0,0.0,19.48
1066.97,0.35535,16.578,100.0,0.0,19.48
1067.12,0.35973,16.581,100.0,0.0,19.52
1067.269,0.35973,16.581,100.0,0.0,19.52
1067.418,0.35973,16.584,100.0,0.0,19.4
1067.567,0.35415,16.591,100.0,0.0,19.4
1067.717,0.35415,16.594,100.0,0.0,19.38
1067.865,0.35415,16.594,100.0,0.0,19.38
1068.014,0.35415,16.597,100.0,0.0,19.44
1068.163,0.35415,16.603,100.0,0.0,19.44
1068.313,0.35415,16.606,100.0,0.0,19.52
1068.465,0.35415,16.606,100.0,0.0,19.52
1068.613,0.35415,16.609,100.0,0.0,19.48
1068.762,0.35415,16.612,100.0,0.0,19.48
1068.911,0.35406,16.612,100.0,0.0,19.56
1069.06,0.35406,16.619,100.0,0.0,19.56
1069.21,0.35406,16.622,100.0,0.0,19.62
1069.358,0.35406,16.625,100.0,0.0,19.62
1069.508,0.35406,16.625,100.0,0.0,19.61
1069.656,0.36144,16.631,100.0,0.0,19.61
1069.806,0.36144,16.634,100.0,0.0,19.59
1069.955,0.36144,16.638,100.0,0.0,19.59
1070.108,0.36144,16.638,100.0,0.0,19.61
1070.257,0.36144,16.641,100.0,0.0,19.61
1070.405,0.36144,16.647,100.0,0.0,19.6
1070.554,0.36144,16.647,100.0,0.0,19.6
1070.703,0.36144,16.65,100.0,0.0,19.58
1070.852,0.36144,16.653,100.0,0.0,19.58
1071.001,0.36144,16.659,100.0,0.0,19.61
1071.15,0.36144,16.659,100.0,0.0,19.61
1071.299,0.36144,16.663,100.0,0.0,19.61
1071.448,0.36144,16.666,100.0,0.0,19.59
1071.598,0.36144,16.669,100.0,0.0,19.59
1071.751,0.36144,16.669,100.0,0.0,19.62
1071.899,0.36144,16.675,100.0,0.0,19.62
1072.049,0.36144,16.678,100.0,0.0,19.6
1072.198,0.36144,16.678,100.0,0.0,19.6
1072.346,0.36144,16.681,100.0,0.0,19.58
1072.495,0.36144,16.687,100.0,0.0,19.58
1072.644,0.35401,16.691,100.0,0.0,19.5
1072.794,0.35401,16.691,100.0,0.0,19.5
1072.942,0.35401,16.694,100.0,0.0,19.5
1073.092,0.35401,16.697,100.0,0.0,19.5
1073.24,0.35401,16.703,100.0,0.0,19.5
1073.393,0.35401,16.703,100.0,0.0,19.5
1073.541,0.35401,16.706,100.0,0.0,19.5
1073.691,0.35401,16.709,100.0,0.0,19.5
1073.841,0.35401,16.709,100.0,0.0,19.54
1073.989,0.35125,16.716,100.0,0.0,19.54
1074.138,0.35125,16.719,100.0,0.0,19.53
1074.287,0.35125,16.722,100.0,0.0,19.53
1074.436,0.35876,16.722,100.0,0.0,19.56
1074.585,0.35876,16.725,100.0,0.0,19.56
1074.734,0.35876,16.731,100.0,0.0,19.48
1074.884,0.35876,16.734,100.0,0.0,19.48
1075.037,0.35876,16.734,100.0,0.0,19.48
1075.185,0.35876,16.737,100.0,0.0,19.48
1075.333,0.35876,16.744,100.0,0.0,19.45
1075.483,0.35876,16.744,100.0,0.0,19.45
1075.631,0.35876,16.747,100.0,0.0,19.38
1075.781,0.35876,16.75,100.0,0.0,19.38
1075.93,0.35876,16.753,100.0,0.0,19.4
1076.079,0.35876,16.753,100.0,0.0,19.4
1076.227,0.35876,16.759,100.0,0.0,19.38
1076.377,0.35876,16.763,100.0,0.0,19.38
1076.526,0.35876,16.766,100.0,0.0,19.43
1076.679,0.35876,16.766,100.0,0.0,19.43
1076.828,0.35876,16.772,100.0,0.0,19.4
1076.976,0.35061,16.775,100.0,0.0,19.4
1077.125,0.35061,16.775,100.0,0.0,19.49
1077.275,0.35061,16.778,100.0,0.0,19.49
1077.423,0.35061,16.781,100.0,0.0,19.49
1077.573,0.35061,16.788,100.0,0.0,19.49
1077.722,0.35061,16.788,100.0,0.0,19.5
1077.871,0.3519,16.791,100.0,0.0,19.5
1078.02,0.3519,16.794,100.0,0.0,19.5
1078.169,0.3519,16.8,100.0,0.0,19.5
1078.322,0.3555,16.8,100.0,0.0,19.46
1078.471,0.3555,16.803,100.0,0.0,19.46
1078.62,0.3561,16.806,100.0,0.0,19.5
1078.769,0.3561,16.806,100.0,0.0,19.5
1078.917,0.3561,16.809,100.0,0.0,19.46
1079.067,0.3561,16.816,100.0,0.0,19.46
1079.217,0.3561,16.819,100.0,0.0,19.51
1079.365,0.3561,16.819,100.0,0.0,19.51
1079.514,0.3561,16.822,100.0,0.0,19.51
1079.663,0.3561,16.828,100.0,0.0,19.51
1079.812,0.3561,16.831,100.0,0.0,19.51
1079.965,0.3561,16.831,100.0,0.0,19.51
1080.114,0.3561,16.834,100.0,0.0,19.54
1080.262,0.3561,16.837,100.0,0.0,19.54
1080.412,0.34769,16.837,100.0,0.0,19.57
1080.561,0.34769,16.844,100.0,0.0,19.57
1080.709,0.34769,16.847,100.0,0.0,19.52
1080.859,0.34769,16.85,100.0,0.0,19.52
1081.009,0.34769,16.85,100.0,0.0,19.56
1081.157,0.34769,16.856,100.0,0.0,19.56
1081.305,0.35422,16.859,100.0,0.0,19.51
1081.455,0.35422,16.862,100.0,0.0,19.51
1081.608,0.35422,16.862,100.0,0.0,19.47
1081.756,0.35422,16.866,100.0,0.0,19.47
1081.906,0.35422,16.872,100.0,0.0,19.51
1082.054,0.34631,16.872,100.0,0.0,19.51
1082.204,0.34631,16.875,100.0,0.0,19.55
1082.352,0.34631,16.878,100.0,0.0,19.55
1082.501,0.352,16.884,100.0,0.0,19.58
1082.651,0.352,16.884,100.0,0.0,19.58
1082.799,0.352,16.888,100.0,0.0,19.57
1082.949,0.352,16.891,100.0,0.0,19.57
1083.097,0.352,16.894,100.0,0.0,19.56
1083.25,0.352,16.894,100.0,0.0,19.56
1083.399,0.352,16.9,100.0,0.0,19.51
1083.548,0.352,16.903,100.0,0.0,19.51
1083.698,0.352,16.903,100.0,0.0,19.55
1083.846,0.352,16.906,100.0,0.0,19.55
1083.994,0.352,16.913,100.0,0.0,19.54
1084.144,0.352,16.916,100.0,0.0,19.54
1084.293,0.3534,16.916,100.0,0.0,19.57
1084.442,0.3534,16.919,100.0,0.0,19.57
1084.591,0.3534,16.922,100.0,0.0,19.52
1084.741,0.3534,16.928,100.0,0.0,19.52
1084.894,0.3534,16.928,100.0,0.0,19.52
1085.042,0.3564,16.931,100.0,0.0,19.52
1085.192,0.3564,16.934,100.0,0.0,19.52
1085.34,0.3564,16.934,100.0,0.0,19.52
1085.49,0.3564,16.941,100.0,0.0,19.44
1085.638,0.3564,16.944,100.0,0.0,19.44
1085.788,0.3564,16.947,100.0,0.0,19.45
1085.937,0.3564,16.947,100.0,0.0,19.45
1086.085,0.3564,16.95,100.0,0.0,19.38
1086.234,0.3564,16.956,100.0,0.0,19.38
1086.383,0.3564,16.959,100.0,0.0,19.44
1086.536,0.3564,16.959,100.0,0.0,19.44
1086.685,0.3564,16.962,100.0,0.0,19.41
1086.834,0.3564,16.969,100.0,0.0,19.41
1086.983,0.3564,16.969,100.0,0.0,19.42
1087.131,0.3564,16.972,100.0,0.0,19.42
1087.281,0.35055,16.975,100.0,0.0,19.43
1087.43,0.35055,16.978,100.0,0.0,19.43
1087.58,0.35055,16.978,100.0,0.0,19.41
1087.728,0.35055,16.984,100.0,0.0,19.41
1087.876,0.35055,16.987,100.0,0.0,19.46
1088.026,0.35042,16.991,100.0,0.0,19.46
1088.179,0.35042,16.991,100.0,0.0,19.5
1088.327,0.35042,16.997,100.0,0.0,19.5
1088.477,0.35042,17.0,100.0,0.0,19.54
1088.626,0.35042,17.0,100.0,0.0,19.54
1088.775,0.35042,17.003,100.0,0.0,19.53
1088.924,0.35301,17.006,100.0,0.0,19.53
1089.074,0.35301,17.013,100.0,0.0,19.57
1089.222,0.35301,17.013,100.0,0.0,19.57
1089.37,0.35301,17.016,100.0,0.0,19.56
1089.52,0.35301,17.019,100.0,0.0,19.56
1089.669,0.35301,17.025,100.0,0.0,19.56
1089.821,0.35301,17.025,100.0,0.0,19.47
1089.97,0.35301,17.028,100.0,0.0,19.47
1090.119,0.35301,17.031,100.0,0.0,19.55
1090.269,0.35301,17.031,100.0,0.0,19.55
1090.417,0.35301,17.034,100.0,0.0,19.58
1090.567,0.35301,17.041,100.0,0.0,19.58
1090.715,0.35301,17.044,100.0,0.0,19.61
1090.865,0.35301,17.044,100.0,0.0,19.61
1091.013,0.34958,17.047,100.0,0.0,19.59
1091.162,0.34958,17.053,100.0,0.0,19.59
1091.312,0.34958,17.056,100.0,0.0,19.58
1091.465,0.34958,17.056,100.0,0.0,19.58
1091.613,0.34958,17.059,100.0,0.0,19.57
1091.763,0.34958,17.062,100.0,0.0,19.57
1091.911,0.34958,17.062,100.0,0.0,19.52
1092.06,0.34958,17.069,100.0,0.0,19.52
1092.209,0.34958,17.072,100.0,0.0,19.55
1092.359,0.34958,17.075,100.0,0.0,19.55
1092.507,0.34958,17.075,100.0,0.0,19.47
1092.657,0.34958,17.081,100.0,0.0,19.47
1092.805,0.35158,17.084,100.0,0.0,19.47
1092.954,0.35158,17.087,100.0,0.0,19.47
1093.107,0.35158,17.087,100.0,0.0,19.44
1093.257,0.35158,17.091,100.0,0.0,19.44
1093.405,0.35158,17.097,100.0,0.0,19.41
1093.555,0.35158,17.097,100.0,0.0,19.41
1093.703,0.35158,17.1,100.0,0.0,19.43
1093.853,0.35158,17.103,100.0,0.0,19.43
1094.001,0.35158,17.109,100.0,0.0,19.47
1094.151,0.35158,17.109,100.0,0.0,19.47
1094.299,0.35158,17.112,100.0,0.0,19.48
1094.449,0.35158,17.116,100.0,0.0,19.48
1094.597,0.35158,17.119,100.0,0.0,19.48
1094.75,0.35158,17.119,100.0,0.0,19.48
1094.899,0.35158,17.125,100.0,0.0,19.45
1095.048,0.35158,17.128,100.0,0.0,19.45
1095.197,0.35158,17.128,100.0,0.0,19.45
1095.346,0.35158,17.131,100.0,0.0,19.45
1095.495,0.35158,17.138,100.0,0.0,19.5
1095.644,0.35158,17.141,100.0,0.0,19.5
1095.793,0.35158,17.141,100.0,0.0,19.54
1095.941,0.35158,17.144,100.0,0.0,19.54
1096.091,0.35158,17.147,100.0,0.0,19.57
1096.239,0.34808,17.153,100.0,0.0,19.57
1096.393,0.34808,17.153,100.0,0.0,19.6
1096.542,0.34808,17.156,100.0,0.0,19.6
1096.691,0.34808,17.159,100.0,0.0,19.58
1096.84,0.34808,17.159,100.0,0.0,19.58
1096.989,0.34808,17.166,100.0,0.0,19.61
1097.138,0.34808,17.169,100.0,0.0,19.61
1097.287,0.34808,17.172,100.0,0.0,19.59
1097.436,0.34808,17.172,100.0,0.0,19.59
1097.585,0.34808,17.175,100.0,0.0,19.58
1097.733,0.34808,17.181,100.0,0.0,19.58
1097.883,0.34808,17.184,100.0,0.0,19.6
1098.036,0.34808,17.184,100.0,0.0,19.6
1098.185,0.34808,17.187,100.0,0.0,19.55
1098.334,0.35088,17.194,100.0,0.0,19.55
1098.483,0.35088,17.194,100.0,0.0,19.58
1098.632,0.35088,17.197,100.0,0.0,19.58
1098.781,0.35032,17.2,100.0,0.0,19.64
1098.931,0.35032,17.203,100.0,0.0,19.64
1099.08,0.35032,17.203,100.0,0.0,19.62
1099.229,0.35032,17.209,100.0,0.0,19.62
1099.377,0.35032,17.212,100.0,0.0,19.6
1099.527,0.35032,17.216,100.0,0.0,19.6
1099.678,0.35032,17.216,100.0,0.0,19.59
1099.828,0.35032,17.222,100.0,0.0,19.59
1099.976,0.35549,17.225,100.0,0.0,19.54
1100.126,0.35549,17.225,100.0,0.0,19.54
1100.274,0.35549,17.228,100.0,0.0,19.57
1100.424,0.35549,17.231,100.0,0.0,19.57
1100.573,0.35549,17.237,100.0,0.0,19.6
1100.722,0.35549,17.237,100.0,0.0,19.6
1100.87,0.35549,17.241,100.0,0.0,19.62
1101.02,0.35549,17.244,100.0,0.0,19.62
1101.169,0.35549,17.25,100.0,0.0,19.64
1101.322,0.35549,17.25,100.0,0.0,19.64
1101.47,0.35549,17.253,100.0,0.0,19.62
1101.62,0.35549,17.256,100.0,0.0,19.62
1101.768,0.35549,17.256,100.0,0.0,19.64
1101.918,0.35549,17.259,100.0,0.0,19.64
1102.066,0.35549,17.266,100.0,0.0,19.62
1102.216,0.34564,17.269,100.0,0.0,19.62
1102.365,0.34564,17.269,100.0,0.0,19.56
1102.514,0.34877,17.272,100.0,0.0,19.56
1102.663,0.34877,17.278,100.0,0.0,19.59
1102.813,0.34877,17.281,100.0,0.0,19.59
1102.964,0.34877,17.281,100.0,0.0,19.61
1103.113,0.34877,17.284,100.0,0.0,19.61
1103.262,0.34877,17.288,100.0,0.0,19.63
1103.411,0.34877,17.288,100.0,0.0,19.63
1103.559,0.34877,17.294,100.0,0.0,19.61
1103.709,0.34877,17.297,100.0,0.0,19.61
1103.858,0.35485,17.3,100.0,0.0,19.6
1104.008,0.35485,17.3,100.0,0.0,19.6
1104.156,0.35485,17.306,100.0,0.0,19.66
1104.306,0.35485,17.309,100.0,0.0,19.66
1104.454,0.35485,17.312,100.0,0.0,19.63
1104.607,0.35485,17.312,100.0,0.0,19.63
1104.756,0.35485,17.316,100.0,0.0,19.65
1104.905,0.35485,17.322,100.0,0.0,19.65
1105.054,0.35485,17.322,100.0,0.0,19.7
1105.203,0.35485,17.325,100.0,0.0,19.7
1105.352,0.35485,17.328,100.0,0.0,19.71
1105.501,0.35485,17.334,100.0,0.0,19.71
1105.65,0.35485,17.334,100.0,0.0,19.64
1105.799,0.35485,17.337,100.0,0.0,19.64
1105.948,0.34869,17.341,100.0,0.0,19.62
1106.098,0.34869,17.344,100.0,0.0,19.62
1106.25,0.34869,17.344,100.0,0.0,19.64
1106.399,0.35055,17.35,100.0,0.0,19.64
1106.548,0.35055,17.353,100.0,0.0,19.66
1106.698,0.35055,17.353,100.0,0.0,19.66
1106.846,0.35055,17.356,100.0,0.0,19.63
1106.996,0.35055,17.362,100.0,0.0,19.63
1107.144,0.35055,17.366,100.0,0.0,19.65
1107.294,0.35055,17.366,100.0,0.0,19.65
1107.442,0.35055,17.369,100.0,0.0,19.59
1107.592,0.35055,17.372,100.0,0.0,19.59
1107.74,0.3486,17.378,100.0,0.0,19.58
1107.893,0.3486,17.378,100.0,0.0,19.58
1108.041,0.3486,17.381,100.0,0.0,19.49
1108.191,0.3486,17.384,100.0,0.0,19.49
1108.339,0.3486,17.384,100.0,0.0,19.49
1108.489,0.3486,17.391,100.0,0.0,19.38
1108.637,0.3486,17.394,100.0,0.0,19.38
1108.787,0.3486,17.397,100.0,0.0,19.32
1108.935,0.3486,17.397,100.0,0.0,19.32
1109.085,0.3486,17.4,100.0,0.0,19.35
1109.233,0.3486,17.406,100.0,0.0,19.35
1109.383,0.3486,17.409,100.0,0.0,19.41
1109.536,0.3486,17.409,100.0,0.0,19.41
1109.685,0.3486,17.413,100.0,0.0,19.42
1109.833,0.35025,17.419,100.0,0.0,19.42
1109.983,0.35025,17.419,100.0,0.0,19.47
1110.131,0.35025,17.422,100.0,0.0,19.47
1110.281,0.35612,17.425,100.0,0.0,19.55
1110.43,0.35612,17.428,100.0,0.0,19.55
1110.58,0.35612,17.428,100.0,0.0,19.54
1110.728,0.35612,17.434,100.0,0.0,19.54
1110.877,0.35612,17.437,100.0,0.0,19.54
1111.026,0.35612,17.441,100.0,0.0,19.54
1111.179,0.35612,17.441,100.0,0.0,19.53
1111.327,0.35612,17.447,100.0,0.0,19.53
1111.477,0.34563,17.45,100.0,0.0,19.53
1111.626,0.34563,17.45,100.0,0.0,19.53
1111.775,0.34563,17.453,100.0,0.0,19.52
1111.924,0.34563,17.456,100.0,0.0,19.52
1112.073,0.34563,17.462,100.0,0.0,19.56
1112.222,0.34563,17.462,100.0,0.0,19.56
1112.371,0.34563,17.466,100.0,0.0,19.55
1112.52,0.34563,17.469,100.0,0.0,19.55
1112.669,0.34563,17.475,100.0,0.0,19.54
1112.821,0.34563,17.475,100.0,0.0,19.54
1112.97,0.34563,17.478,100.0,0.0,19.57
1113.119,0.34563,17.481,100.0,0.0,19.57
1113.269,0.34563,17.481,100.0,0.0,19.6
1113.417,0.34563,17.484,100.0,0.0,19.6
1113.566,0.34563,17.491,100.0,0.0,19.58
1113.715,0.34701,17.494,100.0,0.0,19.58
1113.865,0.34701,17.494,100.0,0.0,19.53
1114.013,0.34701,17.497,100.0,0.0,19.53
1114.163,0.35068,17.503,100.0,0.0,19.53
1114.312,0.35068,17.506,100.0,0.0,19.53
1114.465,0.35068,17.506,100.0,0.0,19.52
1114.613,0.35068,17.509,100.0,0.0,19.52
1114.762,0.35068,17.513,100.0,0.0,19.56
1114.911,0.35068,17.513,100.0,0.0,19.56
1115.06,0.35068,17.519,100.0,0.0,19.59
1115.209,0.35068,17.522,100.0,0.0,19.59
1115.358,0.34969,17.525,100.0,0.0,19.57
1115.507,0.34969,17.525,100.0,0.0,19.57
1115.657,0.34969,17.531,100.0,0.0,19.56
1115.805,0.34969,17.534,100.0,0.0,19.56
1115.955,0.34969,17.538,100.0,0.0,19.52
1116.107,0.34969,17.538,100.0,0.0,19.52
1116.256,0.34969,17.541,100.0,0.0,19.55
1116.404,0.34969,17.547,100.0,0.0,19.55
1116.554,0.34969,17.547,100.0,0.0,19.54
1116.702,0.34969,17.55,100.0,0.0,19.54
1116.852,0.34969,17.553,100.0,0.0,19.57
1117.001,0.34969,17.559,100.0,0.0,19.57
1117.15,0.34969,17.559,100.0,0.0,19.56
1117.298,0.34969,17.562,100.0,0.0,19.56
1117.448,0.34749,17.566,100.0,0.0,19.52
1117.597,0.34749,17.569,100.0,0.0,19.52
1117.75,0.34749,17.569,100.0,0.0,19.44
1117.898,0.3476,17.575,100.0,0.0,19.44
1118.048,0.3476,17.578,100.0,0.0,19.37
1118.197,0.3476,17.578,100.0,0.0,19.37
1118.346,0.3476,17.581,100.0,0.0,19.35
1118.495,0.3476,17.587,100.0,0.0,19.35
1118.644,0.3476,17.591,100.0,0.0,19.34
1118.793,0.3476,17.591,100.0,0.0,19.34
1118.942,0.3476,17.594,100.0,0.0,19.4
1119.091,0.3476,17.597,100.0,0.0,19.4
1119.24,0.35032,17.603,100.0,0.0,19.45
1119.393,0.35032,17.603,100.0,0.0,19.45
1119.542,0.35032,17.606,100.0,0.0,19.42
1119.69,0.35032,17.609,100.0,0.0,19.42
1119.84,0.35032,17.609,100.0,0.0,19.47
1119.988,0.35032,17.616,100.0,0.0,19.47
1120.138,0.35032,17.619,100.0,0.0,19.48
1120.287,0.35032,17.622,100.0,0.0,19.48
1120.436,0.35032,17.622,100.0,0.0,19.52
1120.584,0.35032,17.625,100.0,0.0,19.52
1120.734,0.35032,17.631,100.0,0.0,19.51
1120.883,0.35032,17.634,100.0,0.0,19.51
1121.036,0.35032,17.634,100.0,0.0,19.51
1121.184,0.35032,17.638,100.0,0.0,19.51
1121.333,0.34716,17.644,100.0,0.0,19.51
1121.482,0.34716,17.644,100.0,0.0,19.51
1121.632,0.34716,17.647,100.0,0.0,19.51
1121.78,0.34829,17.65,100.0,0.0,19.51
1121.93,0.34829,17.653,100.0,0.0,19.55
1122.079,0.34829,17.653,100.0,0.0,19.55
1122.228,0.34829,17.659,100.0,0.0,19.54
1122.377,0.34829,17.663,100.0,0.0,19.54
1122.526,0.34829,17.666,100.0,0.0,19.46
1122.678,0.34829,17.666,100.0,0.0,19.46
1122.827,0.34829,17.672,100.0,0.0,19.5
1122.976,0.34722,17.675,100.0,0.0,19.5
1123.132,0.34722,17.675,100.0,0.0,19.46
1123.28,0.34722,17.678,100.0,0.0,19.46
1123.429,0.34722,17.681,100.0,0.0,19.51
1123.578,0.34722,17.687,100.0,0.0,19.51
1123.728,0.34722,17.687,100.0,0.0,19.47
1123.876,0.34722,17.691,100.0,0.0,19.47
1124.025,0.34722,17.694,100.0,0.0,19.4
1124.174,0.34722,17.7,100.0,0.0,19.4
1124.324,0.34722,17.7,100.0,0.0,19.45
1124.472,0.34722,17.703,100.0,0.0,19.45
1124.621,0.34722,17.706,100.0,0.0,19.5
1124.77,0.34722,17.706,100.0,0.0,19.5
1124.919,0.34722,17.709,100.0,0.0,19.5
1125.068,0.34722,17.716,100.0,0.0,19.5
1125.218,0.34621,17.719,100.0,0.0,19.53
1125.367,0.34621,17.719,100.0,0.0,19.53
1125.516,0.34621,17.722,100.0,0.0,19.49
1125.664,0.34772,17.728,100.0,0.0,19.49
1125.814,0.34772,17.731,100.0,0.0,19.49
1125.964,0.34772,17.731,100.0,0.0,19.49
1126.113,0.34772,17.734,100.0,0.0,19.42
1126.261,0.34772,17.737,100.0,0.0,19.42
1126.411,0.34772,17.737,100.0,0.0,19.43
1126.559,0.34772,17.744,100.0,0.0,19.43
1126.709,0.34772,17.747,100.0,0.0,19.43
1126.858,0.34643,17.75,100.0,0.0,19.48
1127.008,0.34643,17.75,100.0,0.0,19.48
1127.156,0.34643,17.756,100.0,0.0,19.41
1127.305,0.34643,17.759,100.0,0.0,19.41
1127.454,0.34643,17.763,100.0,0.0,19.5
1127.607,0.34643,17.763,100.0,0.0,19.5
1127.755,0.34643,17.766,100.0,0.0,19.53
1127.905,0.34643,17.772,100.0,0.0,19.53
1128.054,0.34643,17.772,100.0,0.0,19.57
1128.203,0.34643,17.775,100.0,0.0,19.57
1128.351,0.34643,17.778,100.0,0.0,19.56
1128.501,0.34643,17.784,100.0,0.0,19.56
1128.65,0.34643,17.784,100.0,0.0,19.59
1128.799,0.34643,17.788,100.0,0.0,19.59
1128.947,0.34812,17.791,100.0,0.0,19.57
1129.105,0.34812,17.794,100.0,0.0,19.57
1129.253,0.34812,17.794,100.0,0.0,19.56
1129.402,0.34765,17.8,100.0,0.0,19.56
1129.551,0.34765,17.803,100.0,0.0,19.52
1129.701,0.34765,17.803,100.0,0.0,19.52
1129.849,0.34765,17.806,100.0,0.0,19.59
1129.999,0.34765,17.812,100.0,0.0,19.59
1130.148,0.34765,17.816,100.0,0.0,19.57
1130.297,0.34765,17.816,100.0,0.0,19.57
1130.445,0.34765,17.819,100.0,0.0,19.56
1130.595,0.34765,17.822,100.0,0.0,19.56
1130.744,0.34611,17.828,100.0,0.0,19.48
1130.894,0.34611,17.828,100.0,0.0,19.48
1131.042,0.34611,17.831,100.0,0.0,19.44
1131.191,0.34611,17.834,100.0,0.0,19.44
1131.34,0.34611,17.834,100.0,0.0,19.42
1131.489,0.34611,17.841,100.0,0.0,19.42
1131.638,0.34611,17.844,100.0,0.0,19.43
1131.787,0.34611,17.847,100.0,0.0,19.43
1131.936,0.34611,17.847,100.0,0.0,19.44
1132.085,0.34611,17.85,100.0,0.0,19.44
1132.234,0.34611,17.856,100.0,0.0,19.41
1132.384,0.34611,17.859,100.0,0.0,19.41
1132.535,0.34611,17.859,100.0,0.0,19.39
1132.684,0.34611,17.862,100.0,0.0,19.39
1132.833,0.34559,17.869,100.0,0.0,19.4
1132.983,0.34559,17.869,100.0,0.0,19.4
1133.131,0.34559,17.872,100.0,0.0,19.46
1133.281,0.34398,17.875,100.0,0.0,19.46
1133.43,0.34398,17.878,100.0,0.0,19.42
1133.579,0.34398,17.878,100.0,0.0,19.42
1133.727,0.34398,17.884,100.0,0.0,19.44
1133.877,0.34398,17.888,100.0,0.0,19.44
1134.026,0.34398,17.891,100.0,0.0,19.48
1134.178,0.34398,17.891,100.0,0.0,19.48
1134.326,0.34398,17.897,100.0,0.0,19.49
1134.476,0.34398,17.9,100.0,0.0,19.49
1134.625,0.345,17.9,100.0,0.0,19.49
1134.774,0.345,17.903,100.0,0.0,19.49
1134.923,0.345,17.906,100.0,0.0,19.45
1135.072,0.345,17.913,100.0,0.0,19.45
1135.221,0.345,17.913,100.0,0.0,19.46
1135.37,0.345,17.916,100.0,0.0,19.46
1135.519,0.345,17.919,100.0,0.0,19.47
1135.668,0.345,17.925,100.0,0.0,19.47
1135.821,0.345,17.925,100.0,0.0,19.43
1135.97,0.345,17.928,100.0,0.0,19.43
1136.119,0.345,17.931,100.0,0.0,19.41
1136.268,0.345,17.931,100.0,0.0,19.41
1136.416,0.345,17.934,100.0,0.0,19.38
1136.566,0.345,17.941,100.0,0.0,19.38
1136.715,0.34446,17.944,100.0,0.0,19.36
1136.865,0.34446,17.944,100.0,0.0,19.36
1137.013,0.34446,17.947,100.0,0.0,19.42
1137.162,0.3413,17.953,100.0,0.0,19.42
1137.311,0.3413,17.956,100.0,0.0,19.51
1137.464,0.3413,17.956,100.0,0.0,19.51
1137.612,0.3413,17.959,100.0,0.0,19.51
1137.762,0.3413,17.962,100.0,0.0,19.51
1137.911,0.3413,17.962,100.0,0.0,19.54
1138.06,0.3413,17.969,100.0,0.0,19.54
1138.209,0.3413,17.972,100.0,0.0,19.5
1138.358,0.34449,17.975,100.0,0.0,19.5
1138.507,0.34449,17.975,100.0,0.0,19.5
1138.656,0.34449,17.981,100.0,0.0,19.5
1138.805,0.34449,17.984,100.0,0.0,19.46
1138.955,0.34449,17.987,100.0,0.0,19.46
1139.106,0.34449,17.987,100.0,0.0,19.5
1139.255,0.34449,17.991,100.0,0.0,19.5
1139.404,0.34449,17.997,100.0,0.0,19.5
1139.554,0.34449,17.997,100.0,0.0,19.5
1139.702,0.34449,18.0,100.0,0.0,19.54
1139.852,0.34449,18.003,100.0,0.0,19.54
1140.0,0.34449,18.009,100.0,0.0,19.57
1140.15,0.34449,18.009,100.0,0.0,19.57
1140.298,0.34449,18.013,100.0,0.0,19.6
1140.448,0.34449,18.016,100.0,0.0,19.6
1140.596,0.34503,18.019,100.0,0.0,19.51
1140.75,0.34503,18.019,100.0,0.0,19.51
1140.898,0.34736,18.025,100.0,0.0,19.47
1141.051,0.34736,18.028,100.0,0.0,19.47
1141.199,0.34736,18.028,100.0,0.0,19.47
1141.349,0.34736,18.031,100.0,0.0,19.47
1141.497,0.34736,18.038,100.0,0.0,19.48
1141.647,0.34736,18.041,100.0,0.0,19.48
1141.796,0.34736,18.041,100.0,0.0,19.41
1141.945,0.34736,18.044,100.0,0.0,19.41
1142.093,0.34736,18.047,100.0,0.0,19.5
1142.243,0.34135,18.053,100.0,0.0,19.5
1142.392,0.34135,18.053,100.0,0.0,19.35
1142.541,0.34135,18.056,100.0,0.0,19.35
1142.69,0.34135,18.059,100.0,0.0,19.33
1142.839,0.34135,18.059,100.0,0.0,19.33
1142.988,0.34135,18.066,100.0,0.0,19.36
1143.137,0.34135,18.069,100.0,0.0,19.36
1143.286,0.34135,18.072,100.0,0.0,19.3
1143.435,0.34135,18.072,100.0,0.0,19.3
1143.584,0.34135,18.075,100.0,0.0,19.37
1143.733,0.34135,18.081,100.0,0.0,19.37
1143.882,0.34135,18.084,100.0,0.0,19.35
1144.035,0.34135,18.084,100.0,0.0,19.35
1144.183,0.34135,18.087,100.0,0.0,19.34
1144.333,0.34236,18.094,100.0,0.0,19.34
1144.482,0.34236,18.094,100.0,0.0,19.36
1144.631,0.34236,18.097,100.0,0.0,19.36
1144.78,0.34466,18.1,100.0,0.0,19.38
1144.93,0.34466,18.103,100.0,0.0,19.38
1145.078,0.34466,18.103,100.0,0.0,19.38
1145.228,0.34466,18.109,100.0,0.0,19.4
1145.376,0.34466,18.112,100.0,0.0,19.4
1145.526,0.34466,18.116,100.0,0.0,19.45
1145.678,0.34466,18.116,100.0,0.0,19.45
1145.827,0.34466,18.122,100.0,0.0,19.46
1145.976,0.34466,18.125,100.0,0.0,19.46
1146.125,0.343,18.125,100.0,0.0,19.5
1146.274,0.343,18.128,100.0,0.0,19.5
1146.423,0.343,18.131,100.0,0.0,19.5
1146.572,0.343,18.138,100.0,0.0,19.5
1146.722,0.343,18.138,100.0,0.0,19.5
1146.87,0.343,18.141,100.0,0.0,19.5
1147.02,0.343,18.144,100.0,0.0,19.5
1147.168,0.343,18.15,100.0,0.0,19.5
1147.321,0.343,18.15,100.0,0.0,19.5
1147.469,0.343,18.153,100.0,0.0,19.5
1147.619,0.343,18.156,100.0,0.0,19.5
1147.767,0.343,18.156,100.0,0.0,19.5
1147.916,0.343,18.159,100.0,0.0,19.54
1148.065,0.343,18.166,100.0,0.0,19.54
1148.215,0.34259,18.169,100.0,0.0,19.57
1148.364,0.34259,18.169,100.0,0.0,19.57
1148.513,0.34259,18.172,100.0,0.0,19.56
1148.662,0.33777,18.178,100.0,0.0,19.56
1148.811,0.33777,18.181,100.0,0.0,19.59
1148.963,0.33777,18.181,100.0,0.0,19.59
1149.113,0.33777,18.184,100.0,0.0,19.58
1149.261,0.33777,18.187,100.0,0.0,19.58
1149.411,0.33777,18.187,100.0,0.0,19.56
1149.559,0.33777,18.194,100.0,0.0,19.56
1149.709,0.33777,18.197,100.0,0.0,19.55
1149.857,0.34349,18.2,100.0,0.0,19.55
1150.01,0.34349,18.2,100.0,0.0,19.47
1150.159,0.34349,18.206,100.0,0.0,19.47
1150.308,0.34349,18.209,100.0,0.0,19.48
1150.457,0.34349,18.212,100.0,0.0,19.48
1150.607,0.34349,18.212,100.0,0.0,19.44
1150.755,0.34349,18.216,100.0,0.0,19.44
1150.905,0.34349,18.222,100.0,0.0,19.45
1151.053,0.34349,18.222,100.0,0.0,19.45
1151.203,0.34349,18.225,100.0,0.0,19.53
1151.351,0.34349,18.228,100.0,0.0,19.53
1151.501,0.34349,18.234,100.0,0.0,19.57
1151.649,0.34349,18.234,100.0,0.0,19.57
1151.799,0.34349,18.237,100.0,0.0,19.56
1151.947,0.34349,18.241,100.0,0.0,19.56
1152.097,0.34225,18.244,100.0,0.0,19.58
1152.249,0.34225,18.244,100.0,0.0,19.58
1152.398,0.34225,18.25,100.0,0.0,19.61
1152.547,0.33998,18.253,100.0,0.0,19.61
1152.697,0.33998,18.253,100.0,0.0,19.63
1152.845,0.33998,18.256,100.0,0.0,19.63
1152.994,0.33998,18.263,100.0,0.0,19.65
1153.143,0.33998,18.266,100.0,0.0,19.65
1153.293,0.33998,18.266,100.0,0.0,19.66
1153.441,0.33998,18.269,100.0,0.0,19.66
1153.591,0.33998,18.272,100.0,0.0,19.68
1153.739,0.34004,18.278,100.0,0.0,19.68
1153.892,0.34004,18.278,100.0,0.0,19.73
1154.041,0.34004,18.281,100.0,0.0,19.73
1154.19,0.34004,18.284,100.0,0.0,19.73
1154.339,0.34004,18.284,100.0,0.0,19.73
1154.488,0.34004,18.291,100.0,0.0,19.69
1154.637,0.34004,18.294,100.0,0.0,19.69
1154.786,0.34004,18.297,100.0,0.0,19.7
1154.935,0.34004,18.297,100.0,0.0,19.7
1155.084,0.34004,18.3,100.0,0.0,19.67
1155.233,0.34004,18.306,100.0,0.0,19.67
1155.382,0.34004,18.309,100.0,0.0,19.65
1155.534,0.34004,18.309,100.0,0.0,19.65
1155.684,0.34004,18.312,100.0,0.0,19.66
1155.832,0.34546,18.319,100.0,0.0,19.66
1155.983,0.34546,18.319,100.0,0.0,19.68
1156.132,0.34546,18.322,100.0,0.0,19.68
1156.281,0.34532,18.325,100.0,0.0,19.65
1156.43,0.34532,18.328,100.0,0.0,19.65
1156.58,0.34532,18.328,100.0,0.0,19.63
1156.728,0.34532,18.334,100.0,0.0,19.63
1156.878,0.34532,18.337,100.0,0.0,19.65
1157.026,0.34532,18.341,100.0,0.0,19.65
1157.178,0.34532,18.341,100.0,0.0,19.66
1157.326,0.34532,18.347,100.0,0.0,19.66
1157.476,0.34532,18.35,100.0,0.0,19.64
1157.624,0.33977,18.35,100.0,0.0,19.64
1157.774,0.33977,18.353,100.0,0.0,19.62
1157.923,0.33977,18.356,100.0,0.0,19.62
1158.072,0.33977,18.362,100.0,0.0,19.56
1158.221,0.33977,18.362,100.0,0.0,19.56
1158.37,0.33977,18.366,100.0,0.0,19.59
1158.519,0.33977,18.369,100.0,0.0,19.59
1158.668,0.33977,18.375,100.0,0.0,19.58
1158.82,0.33977,18.375,100.0,0.0,19.58
1158.97,0.33977,18.378,100.0,0.0,19.6
1159.118,0.33977,18.381,100.0,0.0,19.6
1159.268,0.33977,18.381,100.0,0.0,19.59
1159.416,0.33977,18.384,100.0,0.0,19.59
1159.566,0.33977,18.391,100.0,0.0,19.54
1159.714,0.34086,18.394,100.0,0.0,19.54
1159.864,0.34086,18.394,100.0,0.0,19.49
1160.012,0.34086,18.397,100.0,0.0,19.49
1160.162,0.34264,18.403,100.0,0.0,19.46
1160.311,0.34264,18.406,100.0,0.0,19.46
1160.463,0.34264,18.406,100.0,0.0,19.46
1160.612,0.34264,18.409,100.0,0.0,19.46
1160.761,0.34264,18.413,100.0,0.0,19.51
1160.91,0.34264,18.413,100.0,0.0,19.51
1161.059,0.34264,18.419,100.0,0.0,19.43
1161.208,0.34264,18.422,100.0,0.0,19.43
1161.357,0.34264,18.425,100.0,0.0,19.44
1161.506,0.3428,18.425,100.0,0.0,19.44
1161.655,0.3428,18.431,100.0,0.0,19.49
1161.804,0.3428,18.434,100.0,0.0,19.49
1161.954,0.3428,18.437,100.0,0.0,19.49
1162.106,0.3428,18.437,100.0,0.0,19.49
1162.255,0.3428,18.441,100.0,0.0,19.49
1162.404,0.3428,18.447,100.0,0.0,19.49
1162.553,0.3428,18.447,100.0,0.0,19.49
1162.701,0.3428,18.45,100.0,0.0,19.49
1162.851,0.3428,18.453,100.0,0.0,19.53
1163.0,0.3428,18.459,100.0,0.0,19.53
1163.149,0.3428,18.459,100.0,0.0,19.45
1163.298,0.3428,18.462,100.0,0.0,19.45
1163.447,0.3428,18.466,100.0,0.0,19.45
1163.596,0.33406,18.469,100.0,0.0,19.5
1163.749,0.33406,18.469,100.0,0.0,19.5
1163.898,0.33406,18.475,100.0,0.0,19.38
1164.047,0.33517,18.478,100.0,0.0,19.38
1164.196,0.33517,18.478,100.0,0.0,19.4
1164.345,0.33517,18.481,100.0,0.0,19.4
1164.494,0.33517,18.487,100.0,0.0,19.45
1164.644,0.33517,18.491,100.0,0.0,19.45
1164.792,0.33517,18.491,100.0,0.0,19.46
1164.941,0.33517,18.494,100.0,0.0,19.46
1165.09,0.33517,18.497,100.0,0.0,19.43
1165.24,0.34381,18.503,100.0,0.0,19.43
1165.391,0.34381,18.503,100.0,0.0,19.4
1165.541,0.34381,18.506,100.0,0.0,19.4
1165.689,0.34381,18.509,100.0,0.0,19.42
1165.839,0.34381,18.509,100.0,0.0,19.42
1165.987,0.34381,18.516,100.0,0.0,19.5
1166.137,0.34381,18.519,100.0,0.0,19.5
1166.285,0.34381,18.522,100.0,0.0,19.5
1166.435,0.34381,18.522,100.0,0.0,19.5
1166.583,0.34381,18.525,100.0,0.0,19.58
1166.733,0.34381,18.531,100.0,0.0,19.58
1166.881,0.34381,18.534,100.0,0.0,19.64
1167.035,0.34381,18.534,100.0,0.0,19.64
1167.183,0.34381,18.538,100.0,0.0,19.58
1167.333,0.34381,18.544,100.0,0.0,19.58
1167.481,0.34147,18.544,100.0,0.0,19.57
1167.631,0.34147,18.547,100.0,0.0,19.57
1167.779,0.33693,18.55,100.0,0.0,19.56
1167.93,0.33693,18.553,100.0,0.0,19.56
1168.078,0.33693,18.553,100.0,0.0,19.63
1168.228,0.33693,18.559,100.0,0.0,19.63
1168.376,0.33693,18.562,100.0,0.0,19.61
1168.526,0.33693,18.566,100.0,0.0,19.61
1168.677,0.33693,18.566,100.0,0.0,19.59
1168.826,0.33693,18.572,100.0,0.0,19.59
1168.975,0.33693,18.575,100.0,0.0,19.61
1169.124,0.33524,18.575,100.0,0.0,19.61
1169.273,0.33524,18.578,100.0,0.0,19.6
1169.422,0.33524,18.581,100.0,0.0,19.6
1169.571,0.33524,18.587,100.0,0.0,19.58
1169.721,0.33524,18.587,100.0,0.0,19.58
1169.869,0.33524,18.591,100.0,0.0,19.57
1170.018,0.33524,18.594,100.0,0.0,19.57
1170.167,0.33524,18.6,100.0,0.0,19.6
1170.32,0.33524,18.6,100.0,0.0,19.6
1170.469,0.33524,18.603,100.0,0.0,19.62
1170.618,0.33524,18.606,100.0,0.0,19.62
1170.767,0.33524,18.606,100.0,0.0,19.6
1170.916,0.33524,18.609,100.0,0.0,19.6
1171.065,0.33524,18.616,100.0,0.0,19.59
1171.214,0.34078,18.619,100.0,0.0,19.59
1171.363,0.34078,18.619,100.0,0.0,19.65
1171.512,0.34078,18.622,100.0,0.0,19.65
1171.661,0.3434,18.628,100.0,0.0,19.66
1171.811,0.3434,18.631,100.0,0.0,19.66
1171.963,0.3434,18.631,100.0,0.0,19.56
1172.112,0.3434,18.634,100.0,0.0,19.56
1172.261,0.3434,18.638,100.0,0.0,19.52
1172.41,0.3434,18.638,100.0,0.0,19.52
1172.558,0.3434,18.644,100.0,0.0,19.44
1172.708,0.3434,18.647,100.0,0.0,19.44
1172.857,0.3434,18.65,100.0,0.0,19.52
1173.006,0.33515,18.65,100.0,0.0,19.52
1173.155,0.33515,18.656,100.0,0.0,19.48
1173.304,0.33515,18.659,100.0,0.0,19.48
1173.453,0.33515,18.663,100.0,0.0,19.52
1173.606,0.33515,18.663,100.0,0.0,19.52
1173.754,0.33515,18.666,100.0,0.0,19.56
1173.904,0.33515,18.672,100.0,0.0,19.56
1174.052,0.33515,18.672,100.0,0.0,19.55
1174.201,0.33515,18.675,100.0,0.0,19.55
1174.35,0.33515,18.678,100.0,0.0,19.5
1174.5,0.33515,18.684,100.0,0.0,19.5
1174.648,0.33515,18.684,100.0,0.0,19.54
1174.798,0.33515,18.687,100.0,0.0,19.54
1174.946,0.33515,18.691,100.0,0.0,19.53
1175.096,0.33568,18.694,100.0,0.0,19.53
1175.248,0.33568,18.694,100.0,0.0,19.49
1175.398,0.33568,18.7,100.0,0.0,19.49
1175.546,0.34082,18.703,100.0,0.0,19.57
1175.696,0.34082,18.703,100.0,0.0,19.57
1175.844,0.34082,18.706,100.0,0.0,19.56
1175.994,0.34082,18.712,100.0,0.0,19.56
1176.143,0.34082,18.716,100.0,0.0,19.62
1176.292,0.34082,18.716,100.0,0.0,19.62
1176.44,0.34082,18.719,100.0,0.0,19.61
1176.59,0.34082,18.722,100.0,0.0,19.61
1176.739,0.33673,18.728,100.0,0.0,19.63
1176.892,0.33673,18.728,100.0,0.0,19.63
1177.04,0.33673,18.731,100.0,0.0,19.57
1177.19,0.33673,18.734,100.0,0.0,19.57
1177.338,0.33673,18.734,100.0,0.0,19.64
1177.487,0.33673,18.741,100.0,0.0,19.64
1177.636,0.33673,18.744,100.0,0.0,19.58
1177.786,0.33673,18.747,100.0,0.0,19.58
1177.934,0.33673,18.747,100.0,0.0,19.53
1178.084,0.33673,18.75,100.0,0.0,19.53
1178.232,0.33673,18.756,100.0,0.0,19.6
1178.382,0.33673,18.759,100.0,0.0,19.6
1178.534,0.33673,18.759,100.0,0.0,19.58
1178.683,0.33673,18.763,100.0,0.0,19.58
1178.832,0.33673,18.769,100.0,0.0,19.53
1178.981,0.33416,18.769,100.0,0.0,19.53
1179.13,0.33416,18.772,100.0,0.0,19.49
1179.279,0.33416,18.775,100.0,0.0,19.49
1179.428,0.33472,18.778,100.0,0.0,19.57
1179.578,0.33472,18.778,100.0,0.0,19.57
1179.726,0.33472,18.784,100.0,0.0,19.56
1179.876,0.33472,18.788,100.0,0.0,19.56
1180.025,0.33472,18.791,100.0,0.0,19.55
1180.177,0.33472,18.791,100.0,0.0,19.55
1180.326,0.33472,18.797,100.0,0.0,19.54
1180.475,0.33472,18.8,100.0,0.0,19.54
1180.624,0.33273,18.8,100.0,0.0,19.61
1180.773,0.33273,18.803,100.0,0.0,19.61
1180.922,0.33273,18.806,100.0,0.0,19.67
1181.072,0.33273,18.812,100.0,0.0,19.67
1181.22,0.33273,18.812,100.0,0.0,19.61
1181.369,0.33273,18.816,100.0,0.0,19.61
1181.518,0.33273,18.819,100.0,0.0,19.61
1181.668,0.33273,18.825,100.0,0.0,19.59
1181.819,0.33273,18.825,100.0,0.0,19.59
1181.969,0.33273,18.828,100.0,0.0,19.61
1182.117,0.33273,18.831,100.0,0.0,19.61
1182.267,0.33273,18.831,100.0,0.0,19.56
1182.415,0.33273,18.834,100.0,0.0,19.56
1182.565,0.33273,18.841,100.0,0.0,19.59
1182.713,0.33549,18.844,100.0,0.0,19.59
1182.863,0.33549,18.844,100.0,0.0,19.61
1183.011,0.33549,18.847,101.0,0.0,19.61
1183.161,0.33686,18.853,100.0,0.0,19.63
1183.31,0.33686,18.856,100.0,0.0,19.63
1183.463,0.33686,18.856,100.0,0.0,19.69
1183.611,0.33686,18.859,100.0,0.0,19.69
1183.761,0.33686,18.862,100.0,0.0,19.66
1183.909,0.33686,18.862,100.0,0.0,19.66
1184.058,0.33686,18.869,100.0,0.0,19.64
1184.207,0.33686,18.872,100.0,0.0,19.64
1184.357,0.33686,18.875,100.0,0.0,19.62
1184.505,0.33247,18.875,100.0,0.0,19.62
1184.655,0.33247,18.881,100.0,0.0,19.64
1184.804,0.33247,18.884,100.0,0.0,19.64
1184.953,0.33247,18.888,100.0,0.0,19.62
1185.105,0.33247,18.888,100.0,0.0,19.62
1185.255,0.33247,18.891,100.0,0.0,19.64
1185.403,0.33247,18.897,100.0,0.0,19.64
1185.553,0.33247,18.897,100.0,0.0,19.65
1185.701,0.33247,18.9,100.0,0.0,19.65
1185.851,0.33247,18.903,100.0,0.0,19.7
1185.999,0.33247,18.909,100.0,0.0,19.7
1186.149,0.33247,18.909,100.0,0.0,19.67
1186.297,0.33247,18.913,100.0,0.0,19.67
1186.447,0.33247,18.916,100.0,0.0,19.69
1186.595,0.33537,18.919,100.0,0.0,19.69
1186.748,0.33537,18.919,100.0,0.0,19.73
1186.897,0.33537,18.925,100.0,0.0,19.73
1187.046,0.33811,18.928,100.0,0.0,19.7
1187.195,0.33811,18.928,100.0,0.0,19.7
1187.344,0.33811,18.931,100.0,0.0,19.74
1187.493,0.33811,18.937,100.0,0.0,19.74
1187.643,0.33811,18.941,100.0,0.0,19.67
1187.791,0.33811,18.941,100.0,0.0,19.67
1187.94,0.33811,18.944,100.0,0.0,19.64
1188.089,0.33811,18.947,100.0,0.0,19.64
1188.239,0.33811,18.953,100.0,0.0,19.66
1188.391,0.33292,18.953,100.0,0.0,19.66
1188.54,0.33292,18.956,100.0,0.0,19.67
1188.689,0.33292,18.959,100.0,0.0,19.67
1188.839,0.33292,18.959,100.0,0.0,19.65
1188.987,0.33292,18.966,100.0,0.0,19.65
1189.136,0.33292,18.969,100.0,0.0,19.59
1189.285,0.33292,18.972,100.0,0.0,19.59
1189.435,0.33292,18.972,100.0,0.0,19.61
1189.583,0.33292,18.975,100.0,0.0,19.61
1189.733,0.33292,18.981,100.0,0.0,19.52
1189.881,0.33292,18.984,100.0,0.0,19.52
1190.034,0.33292,18.984,100.0,0.0,19.55
1190.183,0.33292,18.987,100.0,0.0,19.55
1190.332,0.33292,18.994,100.0,0.0,19.47
1190.481,0.33716,18.994,100.0,0.0,19.47
1190.63,0.33716,18.997,100.0,0.0,19.51
1190.779,0.33716,19.0,100.0,0.0,19.51
1190.929,0.33698,19.003,100.0,0.0,19.55
1191.078,0.33698,19.003,100.0,0.0,19.55
1191.227,0.33698,19.009,100.0,0.0,19.58
1191.375,0.33698,19.013,100.0,0.0,19.58
1191.525,0.33698,19.016,100.0,0.0,19.6
1191.676,0.33698,19.016,100.0,0.0,19.6
1191.826,0.33698,19.022,100.0,0.0,19.63
1191.974,0.33698,19.025,100.0,0.0,19.63
1192.124,0.33397,19.025,100.0,0.0,19.64
1192.272,0.33397,19.028,100.0,0.0,19.64
1192.422,0.33397,19.031,100.0,0.0,19.66
1192.571,0.33397,19.038,100.0,0.0,19.66
1192.72,0.33397,19.038,100.0,0.0,19.6
1192.868,0.33397,19.041,100.0,0.0,19.6
1193.018,0.33397,19.044,100.0,0.0,19.58
1193.167,0.33397,19.05,100.0,0.0,19.58
1193.32,0.33397,19.05,100.0,0.0,19.5
1193.468,0.33397,19.053,100.0,0.0,19.5
1193.618,0.33397,19.056,100.0,0.0,19.5
1193.766,0.33397,19.056,100.0,0.0,19.5
1193.916,0.33397,19.059,100.0,0.0,19.46
1194.064,0.33397,19.066,100.0,0.0,19.46
1194.214,0.33397,19.069,100.0,0.0,19.5
1194.362,0.335,19.069,100.0,0.0,19.5
1194.512,0.335,19.072,100.0,0.0,19.5
1194.661,0.33391,19.078,100.0,0.0,19.5
1194.811,0.33391,19.081,100.0,0.0,19.43
1194.962,0.33391,19.081,100.0,0.0,19.43
1195.111,0.33391,19.084,100.0,0.0,19.36
1195.26,0.33391,19.087,100.0,0.0,19.36
1195.409,0.33391,19.087,100.0,0.0,19.35
1195.558,0.33391,19.094,100.0,0.0,19.35
1195.707,0.33391,19.097,100.0,0.0,19.44
1195.856,0.33391,19.1,100.0,0.0,19.44
1196.006,0.33635,19.1,100.0,0.0,19.45
1196.154,0.33635,19.106,100.0,0.0,19.45
1196.304,0.33635,19.109,100.0,0.0,19.5
1196.452,0.33635,19.112,100.0,0.0,19.5
1196.606,0.33635,19.112,100.0,0.0,19.57
1196.754,0.33635,19.116,100.0,0.0,19.57
1196.903,0.33635,19.122,100.0,0.0,19.56
1197.052,0.33635,19.122,100.0,0.0,19.56
1197.201,0.33635,19.125,100.0,0.0,19.59
1197.35,0.33635,19.128,100.0,0.0,19.59
1197.499,0.33635,19.134,100.0,0.0,19.58
1197.648,0.33635,19.134,100.0,0.0,19.58
1197.797,0.33635,19.138,100.0,0.0,19.49
1197.946,0.33635,19.141,100.0,0.0,19.49
1198.096,0.33373,19.144,100.0,0.0,19.49
1198.248,0.33373,19.144,100.0,0.0,19.49
1198.397,0.33373,19.15,100.0,0.0,19.53
1198.546,0.33609,19.153,100.0,0.0,19.53
1198.696,0.33609,19.153,100.0,0.0,19.56
1198.844,0.33609,19.156,100.0,0.0,19.56
1198.994,0.33609,19.163,100.0,0.0,19.55
1199.142,0.33609,19.166,100.0,0.0,19.55
1199.292,0.33609,19.166,100.0,0.0,19.58
1199.44,0.33609,19.169,100.0,0.0,19.58
1199.59,0.33609,19.172,100.0,0.0,19.58
1199.738,0.33609,19.178,100.0,0.0,19.57
1199.891,0.3333,19.178,100.0,0.0,19.57
1200.04,0.3333,19.181,100.0,0.0,19.6
1200.189,0.3333,19.184,100.0,0.0,19.6
1200.338,0.3333,19.184,100.0,0.0,19.62
1200.487,0.3333,19.191,100.0,0.0,19.62
1200.636,0.3333,19.194,100.0,0.0,19.6
1200.785,0.3333,19.197,100.0,0.0,19.6
1200.934,0.3333,19.197,100.0,0.0,19.62
1201.083,0.3333,19.2,100.0,0.0,19.62
1201.232,0.3333,19.206,100.0,0.0,19.61
1201.381,0.3333,19.209,100.0,0.0,19.61
1201.534,0.3333,19.209,100.0,0.0,19.63
1201.683,0.3333,19.212,100.0,0.0,19.63
1201.831,0.3333,19.219,100.0,0.0,19.61
1201.981,0.33552,19.219,100.0,0.0,19.61
1202.13,0.33552,19.222,100.0,0.0,19.63
1202.279,0.33552,19.225,100.0,0.0,19.63
1202.428,0.33785,19.228,100.0,0.0,19.61
1202.578,0.33785,19.228,100.0,0.0,19.61
1202.726,0.33785,19.234,100.0,0.0,19.63
1202.876,0.33785,19.237,100.0,0.0,19.63
1203.024,0.33785,19.241,100.0,0.0,19.61
1203.177,0.33785,19.241,100.0,0.0,19.61
1203.325,0.33785,19.247,100.0,0.0,19.63
1203.475,0.33785,19.25,100.0,0.0,19.63
1203.624,0.32887,19.25,100.0,0.0,19.65
1203.773,0.32887,19.253,100.0,0.0,19.65
1203.922,0.32887,19.256,100.0,0.0,19.63
1204.071,0.32887,19.263,100.0,0.0,19.63
1204.22,0.32887,19.263,100.0,0.0,19.61
1204.369,0.32887,19.266,100.0,0.0,19.61
1204.518,0.32887,19.269,100.0,0.0,19.63
1204.667,0.32887,19.275,100.0,0.0,19.63
1204.819,0.32887,19.275,100.0,0.0,19.65
1204.968,0.32887,19.278,100.0,0.0,19.65
1205.117,0.32887,19.281,100.0,0.0,19.66
1205.267,0.32887,19.281,100.0,0.0,19.66
1205.415,0.32887,19.284,100.0,0.0,19.64
1205.564,0.32887,19.291,100.0,0.0,19.64
1205.713,0.32887,19.294,100.0,0.0,19.62
1205.863,0.32721,19.294,100.0,0.0,19.62
1206.011,0.32721,19.297,100.0,0.0,19.6
1206.161,0.32721,19.303,100.0,0.0,19.6
1206.309,0.33402,19.306,100.0,0.0,19.62
1206.463,0.33402,19.306,100.0,0.0,19.62
1206.611,0.33402,19.309,100.0,0.0,19.6
1206.761,0.33402,19.312,100.0,0.0,19.6
1206.909,0.33402,19.312,100.0,0.0,19.66
1207.058,0.33402,19.319,100.0,0.0,19.66
1207.207,0.33402,19.322,100.0,0.0,19.68
1207.357,0.33402,19.325,100.0,0.0,19.68
1207.505,0.33436,19.325,100.0,0.0,19.65
1207.655,0.33436,19.331,100.0,0.0,19.65
1207.803,0.33436,19.334,100.0,0.0,19.59
1207.953,0.33436,19.337,100.0,0.0,19.59
1208.105,0.33436,19.337,100.0,0.0,19.61
1208.254,0.33436,19.341,100.0,0.0,19.61
1208.403,0.33436,19.347,100.0,0.0,19.52
1208.552,0.33436,19.347,100.0,0.0,19.52
1208.7,0.33436,19.35,100.0,0.0,19.52
1208.85,0.33436,19.353,100.0,0.0,19.52
1208.999,0.33436,19.359,100.0,0.0,19.48
1209.148,0.33436,19.359,100.0,0.0,19.48
1209.296,0.33436,19.362,100.0,0.0,19.56
1209.446,0.33436,19.366,100.0,0.0,19.56
1209.595,0.32284,19.369,100.0,0.0,19.55
1209.748,0.32284,19.369,100.0,0.0,19.55
1209.896,0.32284,19.375,100.0,0.0,19.58
1210.046,0.32939,19.378,100.0,0.0,19.58
1210.195,0.32939,19.378,100.0,0.0,19.6
1210.344,0.32939,19.381,100.0,0.0,19.6
1210.493,0.32939,19.388,100.0,0.0,19.55
1210.642,0.32939,19.391,100.0,0.0,19.55
1210.791,0.32939,19.391,100.0,0.0,19.58
1210.94,0.32988,19.394,100.0,0.0,19.58
1211.089,0.32988,19.397,100.0,0.0,19.61
1211.239,0.32988,19.403,100.0,0.0,19.61
1211.391,0.32988,19.403,100.0,0.0,19.55
1211.54,0.32988,19.406,100.0,0.0,19.55
1211.689,0.32988,19.409,100.0,0.0,19.54
1211.838,0.33158,19.409,100.0,0.0,19.54
1211.987,0.33158,19.416,100.0,0.0,19.58
1212.136,0.33158,19.419,100.0,0.0,19.58
1212.285,0.33158,19.422,100.0,0.0,19.6
1212.435,0.33158,19.422,100.0,0.0,19.6
1212.583,0.33158,19.425,100.0,0.0,19.62
1212.732,0.33158,19.431,100.0,0.0,19.62
1212.881,0.33158,19.434,100.0,0.0,19.64
1213.034,0.33158,19.434,100.0,0.0,19.64
1213.182,0.33158,19.437,100.0,0.0,19.66
1213.332,0.33158,19.444,100.0,0.0,19.66
1213.48,0.33158,19.444,100.0,0.0,19.64
1213.629,0.33158,19.447,100.0,0.0,19.64
1213.778,0.33158,19.45,100.0,0.0,19.61
1213.928,0.33158,19.453,100.0,0.0,19.61
1214.076,0.33158,19.453,100.0,0.0,19.64
1214.225,0.33158,19.459,100.0,0.0,19.64
1214.374,0.33158,19.462,100.0,0.0,19.58
1214.524,0.33158,19.466,100.0,0.0,19.58
1214.676,0.33158,19.466,100.0,0.0,19.6
1214.825,0.3297,19.472,100.0,0.0,19.6
1214.974,0.3297,19.475,100.0,0.0,19.55
1215.124,0.3297,19.475,100.0,0.0,19.55
1215.272,0.3297,19.478,100.0,0.0,19.58
1215.422,0.3297,19.481,100.0,0.0,19.58
1215.57,0.33186,19.487,100.0,0.0,19.64
1215.72,0.33186,19.487,100.0,0.0,19.64
1215.869,0.33186,19.491,100.0,0.0,19.66
1216.018,0.33186,19.494,100.0,0.0,19.66
1216.167,0.33186,19.5,100.0,0.0,19.67
1216.32,0.33186,19.5,100.0,0.0,19.67
1216.468,0.33186,19.503,100.0,0.0,19.68
1216.617,0.33186,19.506,100.0,0.0,19.68
1216.766,0.33186,19.506,100.0,0.0,19.66
1216.915,0.32927,19.509,100.0,0.0,19.66
1217.064,0.32927,19.516,100.0,0.0,19.63
1217.214,0.32927,19.519,100.0,0.0,19.63
1217.363,0.32927,19.519,100.0,0.0,19.61
1217.512,0.32927,19.522,100.0,0.0,19.61
1217.66,0.32927,19.528,100.0,0.0,19.67
1217.81,0.32927,19.531,100.0,0.0,19.67
1217.962,0.32927,19.531,100.0,0.0,19.61
1218.111,0.32927,19.534,100.0,0.0,19.61
1218.26,0.33003,19.538,100.0,0.0,19.61
1218.409,0.33003,19.538,100.0,0.0,19.59
1218.558,0.33003,19.544,100.0,0.0,19.59
1218.707,0.33003,19.547,100.0,0.0,19.58
1218.856,0.33003,19.55,100.0,0.0,19.58
1219.006,0.32667,19.55,100.0,0.0,19.57
1219.154,0.32667,19.556,100.0,0.0,19.57
1219.304,0.32667,19.559,100.0,0.0,19.59
1219.452,0.32667,19.562,100.0,0.0,19.59
1219.605,0.32667,19.562,100.0,0.0,19.62
1219.753,0.32667,19.566,100.0,0.0,19.62
1219.903,0.32667,19.572,100.0,0.0,19.56
1220.052,0.32667,19.572,100.0,0.0,19.56
1220.201,0.32667,19.575,100.0,0.0,19.59
1220.349,0.32645,19.578,100.0,0.0,19.59
1220.499,0.32645,19.584,100.0,0.0,19.61
1220.648,0.32645,19.584,100.0,0.0,19.61
1220.797,0.32645,19.587,100.0,0.0,19.63
1220.946,0.32645,19.591,100.0,0.0,19.63
1221.096,0.32645,19.594,100.0,0.0,19.61
1221.247,0.33199,19.594,100.0,0.0,19.61
1221.397,0.33199,19.6,100.0,0.0,19.56
1221.545,0.33199,19.603,100.0,0.0,19.56
1221.695,0.33199,19.603,100.0,0.0,19.55
1221.843,0.33199,19.606,100.0,0.0,19.55
1221.993,0.33199,19.612,100.0,0.0,19.54
1222.141,0.33199,19.616,100.0,0.0,19.54
1222.291,0.33199,19.616,100.0,0.0,19.61
1222.439,0.33146,19.619,100.0,0.0,19.61
1222.589,0.33146,19.622,100.0,0.0,19.56
1222.738,0.33146,19.628,100.0,0.0,19.56
1222.891,0.33146,19.628,100.0,0.0,19.62
1223.039,0.33146,19.631,100.0,0.0,19.62
1223.189,0.33146,19.634,100.0,0.0,19.68
1223.337,0.33146,19.634,100.0,0.0,19.68
1223.486,0.33146,19.641,100.0,0.0,19.73
1223.635,0.33146,19.644,100.0,0.0,19.73
1223.785,0.33146,19.647,100.0,0.0,19.73
1223.933,0.33146,19.647,100.0,0.0,19.73
1224.082,0.33146,19.65,100.0,0.0,19.73
1224.231,0.32562,19.656,100.0,0.0,19.73
1224.381,0.32562,19.659,100.0,0.0,19.7
1224.533,0.32562,19.659,100.0,0.0,19.7
1224.682,0.32562,19.663,100.0,0.0,19.71
1224.831,0.32562,19.669,100.0,0.0,19.71
1224.981,0.32752,19.669,100.0,0.0,19.71
1225.129,0.32752,19.672,100.0,0.0,19.71
1225.279,0.32752,19.675,100.0,0.0,19.68
1225.427,0.32752,19.678,100.0,0.0,19.68
1225.577,0.32752,19.678,100.0,0.0,19.65
1225.725,0.32752,19.684,100.0,0.0,19.65
1225.875,0.32739,19.687,100.0,0.0,19.56
1226.024,0.32739,19.691,100.0,0.0,19.56
1226.176,0.32739,19.691,100.0,0.0,19.55
1226.324,0.32739,19.697,100.0,0.0,19.55
1226.474,0.32739,19.7,100.0,0.0,19.54
1226.623,0.32739,19.7,100.0,0.0,19.54
1226.772,0.32739,19.703,100.0,0.0,19.53
1226.92,0.32739,19.706,100.0,0.0,19.53
1227.07,0.32739,19.712,100.0,0.0,19.57
1227.219,0.32739,19.712,100.0,0.0,19.57
1227.368,0.32739,19.716,100.0,0.0,19.59
1227.517,0.32739,19.719,100.0,0.0,19.59
1227.666,0.32739,19.725,100.0,0.0,19.62
1227.819,0.32739,19.725,100.0,0.0,19.62
1227.968,0.33078,19.728,100.0,0.0,19.64
1228.117,0.33078,19.731,100.0,0.0,19.64
1228.267,0.33078,19.731,100.0,0.0,19.58
1228.415,0.33078,19.734,100.0,0.0,19.58
1228.564,0.33078,19.741,100.0,0.0,19.57
1228.713,0.33078,19.744,100.0,0.0,19.57
1228.863,0.33078,19.744,100.0,0.0,19.56
1229.011,0.33078,19.747,100.0,0.0,19.56
1229.16,0.33078,19.753,100.0,0.0,19.62
1229.309,0.3252,19.756,100.0,0.0,19.62
1229.462,0.3252,19.756,100.0,0.0,19.64
1229.61,0.3252,19.759,100.0,0.0,19.64
1229.76,0.3252,19.763,100.0,0.0,19.73
1229.909,0.3252,19.763,100.0,0.0,19.73
1230.058,0.3252,19.769,100.0,0.0,19.66
1230.206,0.3252,19.772,100.0,0.0,19.66
1230.356,0.3252,19.775,100.0,0.0,19.71
1230.505,0.3252,19.775,100.0,0.0,19.71
1230.654,0.3252,19.781,100.0,0.0,19.61
1230.803,0.3252,19.784,100.0,0.0,19.61
1230.952,0.3252,19.788,100.0,0.0,19.51
1231.104,0.3252,19.788,100.0,0.0,19.51
1231.253,0.3252,19.791,100.0,0.0,19.51
1231.402,0.3252,19.797,100.0,0.0,19.51
1231.552,0.3252,19.797,100.0,0.0,19.51
1231.7,0.3252,19.8,100.0,0.0,19.51
1231.85,0.3252,19.803,100.0,0.0,19.55
1231.998,0.3252,19.809,100.0,0.0,19.55
1232.148,0.3252,19.809,100.0,0.0,19.54
1232.296,0.32538,19.812,100.0,0.0,19.54
1232.446,0.32538,19.816,100.0,0.0,19.57
1232.595,0.32538,19.819,100.0,0.0,19.57
1232.748,0.32538,19.819,100.0,0.0,19.6
1232.896,0.32538,19.825,100.0,0.0,19.6
1233.046,0.32538,19.828,100.0,0.0,19.58
1233.194,0.32977,19.828,100.0,0.0,19.58
1233.344,0.32977,19.831,100.0,0.0,19.61
1233.492,0.32977,19.837,100.0,0.0,19.61
1233.642,0.32977,19.841,100.0,0.0,19.59
1233.791,0.32977,19.841,100.0,0.0,19.59
1233.94,0.32977,19.844,100.0,0.0,19.58
1234.088,0.32977,19.847,100.0,0.0,19.58
1234.238,0.32977,19.853,100.0,0.0,19.53
1234.39,0.32305,19.853,100.0,0.0,19.53
1234.539,0.32305,19.856,100.0,0.0,19.49
1234.688,0.32305,19.859,100.0,0.0,19.49
1234.838,0.32562,19.859,100.0,0.0,19.53
1234.986,0.32562,19.866,100.0,0.0,19.53
1235.136,0.32562,19.869,100.0,0.0,19.52
1235.284,0.3248,19.872,100.0,0.0,19.52
1235.434,0.3248,19.872,100.0,0.0,19.59
1235.582,0.3248,19.875,100.0,0.0,19.59
1235.732,0.3248,19.881,100.0,0.0,19.62
1235.881,0.3248,19.884,100.0,0.0,19.62
1236.033,0.3248,19.884,101.0,0.0,19.64
1236.182,0.3248,19.888,100.0,0.0,19.64
1236.331,0.3248,19.894,100.0,0.0,19.65
1236.48,0.32393,19.894,100.0,0.0,19.65
1236.629,0.32393,19.897,100.0,0.0,19.65
1236.778,0.32393,19.9,100.0,0.0,19.59
1236.928,0.32393,19.903,100.0,0.0,19.59
1237.076,0.32393,19.903,100.0,0.0,19.54
1237.225,0.32393,19.909,100.0,0.0,19.54
1237.374,0.327,19.913,100.0,0.0,19.54
1237.524,0.327,19.916,100.0,0.0,19.54
1237.676,0.327,19.916,100.0,0.0,19.53
1237.825,0.327,19.922,100.0,0.0,19.53
1237.974,0.327,19.925,100.0,0.0,19.56
1238.123,0.327,19.925,100.0,0.0,19.56
1238.272,0.32818,19.928,100.0,0.0,19.55
1238.421,0.32818,19.931,100.0,0.0,19.55
1238.57,0.32818,19.937,100.0,0.0,19.47
1238.72,0.3272,19.937,100.0,0.0,19.47
1238.868,0.3272,19.941,100.0,0.0,19.48
1239.018,0.3272,19.944,100.0,0.0,19.48
1239.167,0.3272,19.95,100.0,0.0,19.55
1239.319,0.3272,19.95,100.0,0.0,19.55
1239.467,0.31947,19.953,100.0,0.0,19.62
1239.617,0.31947,19.956,100.0,0.0,19.62
1239.766,0.31947,19.956,100.0,0.0,19.6
1239.915,0.32655,19.959,100.0,0.0,19.6
1240.064,0.32655,19.966,100.0,0.0,19.62
1240.213,0.32655,19.969,100.0,0.0,19.62
1240.362,0.32655,19.969,100.0,0.0,19.61
1240.511,0.32655,19.972,100.0,0.0,19.61
1240.66,0.32655,19.978,100.0,0.0,19.55
1240.809,0.32655,19.981,100.0,0.0,19.55
1240.961,0.32655,19.981,100.0,0.0,19.54
1241.111,0.32655,19.984,100.0,0.0,19.54
1241.259,0.32655,19.987,100.0,0.0,19.65
1241.409,0.32655,19.987,100.0,0.0,19.65
1241.557,0.32655,19.994,100.0,0.0,19.67
1241.707,0.32655,19.997,100.0,0.0,19.67
1241.855,0.32655,20.0,100.0,0.0,19.72
1242.005,0.32655,20.0,100.0,0.0,19.72
1242.153,0.32655,20.006,100.0,0.0,19.68
1242.303,0.32655,20.009,100.0,0.0,19.68
1242.451,0.32471,20.013,100.0,0.0,19.62
1242.605,0.32471,20.013,100.0,0.0,19.62
1242.753,0.32471,20.016,100.0,0.0,19.64
1242.903,0.32732,20.022,100.0,0.0,19.64
1243.052,0.32732,20.022,100.0,0.0,19.62
1243.201,0.32732,20.025,100.0,0.0,19.62
1243.35,0.32732,20.028,100.0,0.0,19.64
1243.499,0.32732,20.034,100.0,0.0,19.64
1243.648,0.32732,20.034,100.0,0.0,19.65
1243.797,0.32732,20.038,100.0,0.0,19.65
1243.946,0.32732,20.041,100.0,0.0,19.67
1244.095,0.32732,20.044,100.0,0.0,19.67
1244.247,0.32732,20.044,100.0,0.0,19.64
1244.396,0.32732,20.05,100.0,0.0,19.64
1244.545,0.32732,20.053,100.0,0.0,19.7
1244.694,0.32732,20.053,100.0,0.0,19.7
1244.843,0.32732,20.056,100.0,0.0,19.74
1244.992,0.32732,20.062,100.0,0.0,19.74
1245.141,0.32732,20.066,100.0,0.0,19.67
1245.291,0.32732,20.066,100.0,0.0,19.67
1245.439,0.32732,20.069,100.0,0.0,19.64
1245.588,0.32732,20.072,100.0,0.0,19.64
1245.737,0.32732,20.078,100.0,0.0,19.7
1245.891,0.32732,20.078,100.0,0.0,19.7
1246.039,0.32732,20.081,100.0,0.0,19.63
1246.188,0.32732,20.084,100.0,0.0,19.63
1246.337,0.32226,20.084,100.0,0.0,19.61
1246.486,0.32226,20.091,100.0,0.0,19.61
1246.635,0.32226,20.094,100.0,0.0,19.59
1246.785,0.31996,20.097,100.0,0.0,19.59
1246.934,0.31996,20.097,100.0,0.0,19.58
1247.083,0.31996,20.1,100.0,0.0,19.58
1247.231,0.31996,20.106,100.0,0.0,19.61
1247.381,0.31996,20.109,100.0,0.0,19.61
1247.533,0.31996,20.109,100.0,0.0,19.59
1247.682,0.31996,20.112,100.0,0.0,19.59
1247.83,0.31996,20.119,100.0,0.0,19.58
1247.98,0.31996,20.119,100.0,0.0,19.58
1248.128,0.31996,20.122,100.0,0.0,19.56
1248.278,0.31996,20.125,100.0,0.0,19.56
1248.426,0.31996,20.128,100.0,0.0,19.52
1248.576,0.31996,20.128,100.0,0.0,19.52
1248.724,0.31996,20.134,100.0,0.0,19.51
1248.874,0.31996,20.138,100.0,0.0,19.51
1249.023,0.31996,20.141,100.0,0.0,19.51
1249.176,0.31996,20.141,100.0,0.0,19.51
1249.324,0.31996,20.147,100.0,0.0,19.51
1249.474,0.31996,20.15,100.0,0.0,19.51
1249.623,0.31996,20.15,100.0,0.0,19.55
1249.772,0.31993,20.153,100.0,0.0,19.55
1249.921,0.31993,20.156,100.0,0.0,19.58
1250.07,0.31993,20.163,100.0,0.0,19.58
1250.219,0.32303,20.163,100.0,0.0,19.57
1250.368,0.32303,20.166,100.0,0.0,19.57
1250.517,0.32303,20.169,100.0,0.0,19.56
1250.667,0.3213,20.175,100.0,0.0,19.56
1250.819,0.3213,20.175,100.0,0.0,19.55
1250.968,0.3213,20.178,100.0,0.0,19.55
1251.116,0.32321,20.181,100.0,0.0,19.54
1251.266,0.32321,20.181,100.0,0.0,19.54
1251.415,0.32321,20.184,100.0,0.0,19.5
1251.564,0.32321,20.191,100.0,0.0,19.5
1251.713,0.32321,20.194,100.0,0.0,19.53
1251.862,0.32321,20.194,100.0,0.0,19.53
1252.011,0.32321,20.197,100.0,0.0,19.53
1252.16,0.32321,20.203,100.0,0.0,19.53
1252.309,0.32321,20.206,100.0,0.0,19.53
1252.462,0.32321,20.206,100.0,0.0,19.53
1252.61,0.32321,20.209,100.0,0.0,19.48
1252.759,0.32321,20.212,100.0,0.0,19.48
1252.908,0.32321,20.212,100.0,0.0,19.49
1253.057,0.32321,20.219,100.0,0.0,19.49
1253.206,0.32321,20.222,100.0,0.0,19.53
1253.356,0.32321,20.225,100.0,0.0,19.53
1253.504,0.32321,20.225,100.0,0.0,19.56
1253.653,0.32774,20.231,100.0,0.0,19.56
1253.802,0.32774,20.234,100.0,0.0,19.59
1253.952,0.32774,20.237,100.0,0.0,19.59
1254.104,0.32597,20.237,100.0,0.0,19.57
1254.254,0.32597,20.241,100.0,0.0,19.57
1254.402,0.31829,20.247,100.0,0.0,19.56
1254.552,0.31829,20.247,100.0,0.0,19.56
1254.7,0.31829,20.25,100.0,0.0,19.63
1254.85,0.31876,20.253,100.0,0.0,19.63
1254.999,0.31876,20.259,100.0,0.0,19.57
1255.149,0.31876,20.259,100.0,0.0,19.57
1255.297,0.31876,20.263,100.0,0.0,19.57
1255.446,0.31876,20.266,100.0,0.0,19.56
1255.595,0.31876,20.269,100.0,0.0,19.56
1255.748,0.31876,20.269,100.0,0.0,19.55
1255.896,0.31876,20.275,100.0,0.0,19.55
1256.045,0.31876,20.278,100.0,0.0,19.54
1256.194,0.31876,20.278,100.0,0.0,19.54
1256.343,0.31876,20.281,100.0,0.0,19.54
1256.492,0.31876,20.288,100.0,0.0,19.54
1256.642,0.31876,20.291,100.0,0.0,19.49
1256.79,0.31876,20.291,100.0,0.0,19.49
1256.939,0.31876,20.294,100.0,0.0,19.53
1257.088,0.31876,20.297,100.0,0.0,19.53
1257.238,0.31876,20.303,100.0,0.0,19.53
1257.39,0.31986,20.303,100.0,0.0,19.53
1257.539,0.31986,20.306,100.0,0.0,19.52
1257.688,0.31986,20.309,100.0,0.0,19.52
1257.837,0.31888,20.309,100.0,0.0,19.48
1257.986,0.31888,20.316,100.0,0.0,19.48
1258.136,0.31888,20.319,100.0,0.0,19.52
1258.284,0.32275,20.322,100.0,0.0,19.52
1258.434,0.32275,20.322,100.0,0.0,19.56
1258.582,0.32275,20.325,100.0,0.0,19.56
1258.732,0.32031,20.331,100.0,0.0,19.55
1258.881,0.32031,20.334,100.0,0.0,19.55
1259.033,0.32031,20.334,100.0,0.0,19.58
1259.181,0.32031,20.337,100.0,0.0,19.58
1259.331,0.32031,20.344,100.0,0.0,19.53
1259.48,0.32031,20.344,100.0,0.0,19.53
1259.629,0.32031,20.347,100.0,0.0,19.56
1259.778,0.32031,20.35,100.0,0.0,19.56
1259.927,0.32031,20.353,100.0,0.0,19.63
1260.076,0.32031,20.353,100.0,0.0,19.63
1260.225,0.32031,20.359,100.0,0.0,19.65
1260.374,0.32031,20.362,100.0,0.0,19.65
1260.523,0.32031,20.366,100.0,0.0,19.62
1260.675,0.32031,20.366,100.0,0.0,19.62
1260.825,0.32031,20.372,100.0,0.0,19.64
1260.973,0.32031,20.375,100.0,0.0,19.64
1261.123,0.32031,20.375,100.0,0.0,19.62
1261.271,0.32063,20.378,100.0,0.0,19.62
1261.421,0.32063,20.381,100.0,0.0,19.57
1261.57,0.32063,20.388,100.0,0.0,19.57
1261.719,0.3162,20.388,100.0,0.0,19.52
1261.868,0.3162,20.391,100.0,0.0,19.52
1262.017,0.3162,20.394,100.0,0.0,19.44
1262.166,0.32033,20.4,100.0,0.0,19.44
1262.319,0.32033,20.4,100.0,0.0,19.45
1262.467,0.32033,20.403,100.0,0.0,19.45
1262.617,0.3204,20.406,100.0,0.0,19.42
1262.766,0.3204,20.406,100.0,0.0,19.42
1262.915,0.3204,20.409,100.0,0.0,19.43
1263.063,0.3204,20.416,100.0,0.0,19.43
1263.213,0.3204,20.419,100.0,0.0,19.44
1263.362,0.3204,20.419,100.0,0.0,19.44
1263.511,0.3204,20.422,100.0,0.0,19.49
1263.66,0.3204,20.428,100.0,0.0,19.49
1263.809,0.3204,20.431,100.0,0.0,19.49
1263.961,0.3204,20.431,100.0,0.0,19.49
1264.111,0.3204,20.434,100.0,0.0,19.49
1264.259,0.3204,20.437,100.0,0.0,19.49
1264.409,0.3204,20.437,100.0,0.0,19.49
1264.557,0.3204,20.444,100.0,0.0,19.49
1264.707,0.3204,20.447,100.0,0.0,19.57
1264.855,0.3204,20.45,100.0,0.0,19.57
1265.005,0.3204,20.45,100.0,0.0,19.6
1265.153,0.31381,20.456,100.0,0.0,19.6
1265.303,0.31381,20.459,100.0,0.0,19.58
1265.452,0.31381,20.462,100.0,0.0,19.58
1265.604,0.31578,20.462,100.0,0.0,19.57
1265.753,0.31578,20.466,100.0,0.0,19.57
1265.903,0.31319,20.472,100.0,0.0,19.6
1266.059,0.31319,20.472,100.0,0.0,19.6
1266.207,0.31319,20.475,100.0,0.0,19.58
1266.357,0.31793,20.478,100.0,0.0,19.58
1266.506,0.31793,20.484,100.0,0.0,19.53
1266.655,0.31793,20.484,100.0,0.0,19.53
1266.804,0.31793,20.487,100.0,0.0,19.45
1266.953,0.31793,20.491,100.0,0.0,19.45
1267.102,0.31793,20.494,100.0,0.0,19.5
1267.252,0.31793,20.494,100.0,0.0,19.5
1267.4,0.31793,20.5,100.0,0.0,19.53
1267.549,0.31793,20.503,100.0,0.0,19.53
1267.698,0.31793,20.503,100.0,0.0,19.57
1267.847,0.31793,20.506,100.0,0.0,19.57
1267.996,0.31793,20.513,100.0,0.0,19.59
1268.145,0.31793,20.516,100.0,0.0,19.59
1268.294,0.31793,20.516,100.0,0.0,19.62
1268.442,0.31793,20.519,100.0,0.0,19.62
1268.592,0.31793,20.522,100.0,0.0,19.6
1268.741,0.31793,20.528,100.0,0.0,19.6
1268.891,0.32204,20.528,100.0,0.0,19.59
1269.045,0.32204,20.531,100.0,0.0,19.59
1269.194,0.32204,20.534,100.0,0.0,19.61
1269.343,0.31307,20.534,100.0,0.0,19.61
1269.492,0.31307,20.541,100.0,0.0,19.59
1269.642,0.31307,20.544,100.0,0.0,19.59
1269.79,0.31583,20.547,100.0,0.0,19.58
1269.94,0.31583,20.547,100.0,0.0,19.58
1270.088,0.31583,20.55,100.0,0.0,19.57
1270.238,0.31529,20.556,100.0,0.0,19.57
1270.387,0.31529,20.559,100.0,0.0,19.56
1270.537,0.31529,20.559,100.0,0.0,19.56
1270.685,0.31529,20.562,100.0,0.0,19.55
1270.834,0.31529,20.569,100.0,0.0,19.55
1270.983,0.31529,20.569,100.0,0.0,19.54
1271.132,0.31529,20.572,100.0,0.0,19.54
1271.281,0.31529,20.575,100.0,0.0,19.54
1271.429,0.31529,20.578,100.0,0.0,19.54
1271.579,0.31529,20.578,100.0,0.0,19.49
1271.727,0.31529,20.584,100.0,0.0,19.49
1271.877,0.31529,20.587,100.0,0.0,19.42
1272.026,0.31529,20.591,100.0,0.0,19.42
1272.176,0.31529,20.591,100.0,0.0,19.36
1272.324,0.31529,20.597,100.0,0.0,19.36
1272.474,0.31529,20.6,100.0,0.0,19.41
1272.623,0.31529,20.6,100.0,0.0,19.41
1272.772,0.31533,20.603,100.0,0.0,19.47
1272.921,0.31533,20.606,100.0,0.0,19.47
1273.07,0.31533,20.612,100.0,0.0,19.51
1273.219,0.31767,20.612,100.0,0.0,19.51
1273.368,0.31767,20.616,100.0,0.0,19.51
1273.517,0.31767,20.619,100.0,0.0,19.51
1273.667,0.31839,20.625,100.0,0.0,19.54
1273.818,0.31839,20.625,100.0,0.0,19.54
1273.967,0.31839,20.628,100.0,0.0,19.54
1274.116,0.32304,20.631,100.0,0.0,19.57
1274.266,0.32304,20.631,100.0,0.0,19.57
1274.414,0.32304,20.634,100.0,0.0,19.49
1274.564,0.32304,20.641,100.0,0.0,19.49
1274.712,0.32304,20.644,100.0,0.0,19.53
1274.862,0.32304,20.644,100.0,0.0,19.53
1275.01,0.32304,20.647,100.0,0.0,19.52
1275.16,0.32304,20.653,100.0,0.0,19.52
1275.308,0.32304,20.656,100.0,0.0,19.52
1275.462,0.32304,20.656,100.0,0.0,19.52
1275.61,0.32304,20.659,100.0,0.0,19.55
1275.759,0.32304,20.663,100.0,0.0,19.55
1275.908,0.32304,20.663,100.0,0.0,19.62
1276.057,0.32304,20.669,100.0,0.0,19.62
1276.206,0.32304,20.672,100.0,0.0,19.64
1276.356,0.32304,20.675,100.0,0.0,19.64
1276.504,0.32304,20.675,100.0,0.0,19.66
1276.653,0.31572,20.681,100.0,0.0,19.66
1276.802,0.31572,20.684,100.0,0.0,19.67
1276.952,0.31572,20.687,100.0,0.0,19.67
1277.105,0.31804,20.687,100.0,0.0,19.65
1277.254,0.31804,20.691,100.0,0.0,19.65
1277.402,0.31804,20.697,100.0,0.0,19.66
1277.552,0.31336,20.697,100.0,0.0,19.66
1277.7,0.31336,20.7,100.0,0.0,19.71
1277.85,0.31838,20.703,100.0,0.0,19.71
1278.005,0.31838,20.709,100.0,0.0,19.72
1278.154,0.31838,20.709,100.0,0.0,19.72
1278.303,0.31838,20.712,100.0,0.0,19.72
1278.452,0.31838,20.716,100.0,0.0,19.72
1278.601,0.31838,20.719,100.0,0.0,19.69
1278.75,0.31838,20.719,100.0,0.0,19.69
1278.899,0.31838,20.725,100.0,0.0,19.7
1279.048,0.31838,20.728,100.0,0.0,19.7
1279.197,0.31838,20.728,100.0,0.0,19.67
1279.346,0.31838,20.731,100.0,0.0,19.67
1279.495,0.31838,20.737,100.0,0.0,19.72
1279.644,0.31838,20.741,100.0,0.0,19.72
1279.793,0.31838,20.741,100.0,0.0,19.76
1279.942,0.31838,20.744,100.0,0.0,19.76
1280.09,0.31838,20.747,100.0,0.0,19.72
1280.24,0.31838,20.753,100.0,0.0,19.72
1280.391,0.31838,20.753,100.0,0.0,19.69
1280.539,0.31538,20.756,100.0,0.0,19.69
1280.689,0.31538,20.759,100.0,0.0,19.73
1280.837,0.31724,20.759,100.0,0.0,19.73
1280.991,0.31724,20.766,100.0,0.0,19.66
1281.14,0.31724,20.769,100.0,0.0,19.66
1281.29,0.3144,20.772,100.0,0.0,19.71
1281.439,0.3144,20.772,100.0,0.0,19.71
1281.588,0.3144,20.775,100.0,0.0,19.68
1281.736,0.30947,20.781,100.0,0.0,19.68
1281.886,0.30947,20.784,100.0,0.0,19.62
1282.035,0.30947,20.784,100.0,0.0,19.62
1282.184,0.30947,20.788,100.0,0.0,19.56
1282.333,0.30947,20.794,100.0,0.0,19.56
1282.482,0.30947,20.794,100.0,0.0,19.51
1282.631,0.30947,20.797,100.0,0.0,19.51
1282.78,0.30947,20.8,100.0,0.0,19.59
1282.929,0.30947,20.803,100.0,0.0,19.59
1283.077,0.30947,20.803,100.0,0.0,19.57
1283.227,0.30947,20.809,100.0,0.0,19.57
1283.375,0.30947,20.812,100.0,0.0,19.56
1283.525,0.30947,20.816,100.0,0.0,19.56
1283.676,0.30947,20.816,100.0,0.0,19.55
1283.824,0.30947,20.822,100.0,0.0,19.55
1283.973,0.30947,20.825,100.0,0.0,19.58
1284.123,0.30947,20.825,100.0,0.0,19.58
1284.271,0.32208,20.828,100.0,0.0,19.57
1284.421,0.32208,20.831,100.0,0.0,19.57
1284.57,0.32208,20.837,100.0,0.0,19.52
1284.719,0.3159,20.837,100.0,0.0,19.52
1284.868,0.3159,20.841,100.0,0.0,19.56
1285.017,0.3159,20.844,100.0,0.0,19.56
1285.166,0.31728,20.85,100.0,0.0,19.59
1285.319,0.31728,20.85,100.0,0.0,19.59
1285.468,0.31728,20.853,100.0,0.0,19.57
1285.617,0.31427,20.856,100.0,0.0,19.57
1285.767,0.31427,20.856,100.0,0.0,19.49
1285.915,0.31427,20.859,100.0,0.0,19.49
1286.063,0.31427,20.866,100.0,0.0,19.49
1286.213,0.31427,20.869,100.0,0.0,19.49
1286.362,0.31427,20.869,100.0,0.0,19.42
1286.511,0.31427,20.872,100.0,0.0,19.42
1286.659,0.31427,20.878,100.0,0.0,19.39
1286.809,0.31427,20.881,100.0,0.0,19.39
1286.962,0.31427,20.881,100.0,0.0,19.41
1287.11,0.31427,20.884,100.0,0.0,19.41
1287.26,0.31427,20.888,100.0,0.0,19.46
1287.408,0.31427,20.888,100.0,0.0,19.46
1287.556,0.31427,20.894,100.0,0.0,19.46
1287.706,0.31427,20.897,100.0,0.0,19.46
1287.855,0.31427,20.9,100.0,0.0,19.51
1288.004,0.31427,20.9,100.0,0.0,19.51
1288.153,0.31497,20.906,100.0,0.0,19.54
1288.302,0.31497,20.909,100.0,0.0,19.54
1288.451,0.31497,20.913,100.0,0.0,19.54
1288.604,0.31631,20.913,100.0,0.0,19.54
1288.754,0.31631,20.916,100.0,0.0,19.53
1288.902,0.31631,20.922,100.0,0.0,19.53
1289.052,0.31552,20.922,100.0,0.0,19.56
1289.201,0.31552,20.925,100.0,0.0,19.56
1289.349,0.31552,20.928,100.0,0.0,19.59
1289.499,0.31652,20.934,100.0,0.0,19.59
1289.649,0.31652,20.934,100.0,0.0,19.54
1289.797,0.31652,20.937,100.0,0.0,19.54
1289.946,0.31652,20.941,100.0,0.0,19.53
1290.095,0.31652,20.944,100.0,0.0,19.53
1290.248,0.31652,20.944,100.0,0.0,19.57
1290.396,0.31652,20.95,100.0,0.0,19.57
1290.546,0.31652,20.953,100.0,0.0,19.56
1290.694,0.31652,20.953,100.0,0.0,19.56
1290.844,0.31652,20.956,100.0,0.0,19.59
1290.992,0.31652,20.962,100.0,0.0,19.59
1291.141,0.31652,20.966,100.0,0.0,19.65
1291.29,0.31652,20.966,100.0,0.0,19.65
1291.439,0.31652,20.969,100.0,0.0,19.66
1291.588,0.31652,20.972,100.0,0.0,19.66
1291.737,0.31652,20.978,100.0,0.0,19.68
1291.89,0.31652,20.978,100.0,0.0,19.68
1292.039,0.31241,20.981,100.0,0.0,19.69
1292.188,0.31241,20.984,100.0,0.0,19.69
1292.338,0.31241,20.984,100.0,0.0,19.69
1292.486,0.31075,20.991,100.0,0.0,19.62
1292.636,0.31075,20.994,100.0,0.0,19.62
1292.784,0.31084,20.997,100.0,0.0,19.68
1292.938,0.31084,20.997,100.0,0.0,19.68
1293.086,0.31084,21.0,100.0,0.0,19.69
1293.236,0.31659,21.006,100.0,0.0,19.69
1293.385,0.31659,21.009,100.0,0.0,19.7
1293.534,0.31659,21.009,100.0,0.0,19.7
1293.683,0.31659,21.013,100.0,0.0,19.71
1293.832,0.31659,21.019,100.0,0.0,19.71
1293.981,0.31659,21.019,100.0,0.0,19.64
1294.13,0.31659,21.022,100.0,0.0,19.64
1294.279,0.31659,21.025,100.0,0.0,19.65
1294.428,0.31659,21.028,100.0,0.0,19.65
1294.577,0.31659,21.028,100.0,0.0,19.67
1294.725,0.31659,21.034,100.0,0.0,19.67
1294.875,0.31659,21.038,100.0,0.0,19.68
1295.023,0.31659,21.041,100.0,0.0,19.68
1295.176,0.31659,21.041,100.0,0.0,19.69
1295.325,0.31659,21.047,100.0,0.0,19.69
1295.474,0.31659,21.05,100.0,0.0,19.7
1295.623,0.31659,21.05,100.0,0.0,19.7
1295.772,0.30706,21.053,100.0,0.0,19.67
1295.925,0.30706,21.056,100.0,0.0,19.67
1296.073,0.30706,21.062,100.0,0.0,19.64
1296.223,0.31177,21.062,100.0,0.0,19.64
1296.371,0.31177,21.066,100.0,0.0,19.62
1296.521,0.31177,21.069,100.0,0.0,19.62
1296.67,0.31365,21.075,100.0,0.0,19.68
1296.82,0.31365,21.075,100.0,0.0,19.68
1296.968,0.31365,21.078,100.0,0.0,19.65
1297.117,0.309,21.081,100.0,0.0,19.65
1297.266,0.309,21.081,100.0,0.0,19.67
1297.415,0.309,21.084,100.0,0.0,19.67
1297.564,0.309,21.091,100.0,0.0,19.68
1297.714,0.309,21.094,100.0,0.0,19.68
1297.862,0.309,21.094,100.0,0.0,19.62
1298.012,0.309,21.097,100.0,0.0,19.62
1298.16,0.309,21.103,100.0,0.0,19.64
1298.309,0.309,21.106,100.0,0.0,19.64
1298.462,0.309,21.106,100.0,0.0,19.62
1298.611,0.309,21.109,100.0,0.0,19.62
1298.759,0.309,21.112,100.0,0.0,19.56
1298.909,0.309,21.112,100.0,0.0,19.56
1299.057,0.309,21.119,100.0,0.0,19.55
1299.207,0.309,21.122,100.0,0.0,19.55
1299.355,0.309,21.125,100.0,0.0,19.58
1299.505,0.309,21.125,100.0,0.0,19.58
1299.653,0.31323,21.131,100.0,0.0,19.64
1299.802,0.31323,21.134,100.0,0.0,19.64
1299.952,0.31323,21.138,100.0,0.0,19.66
1300.105,0.31092,21.138,100.0,0.0,19.66
1300.253,0.31092,21.141,100.0,0.0,19.67
1300.403,0.31092,21.147,100.0,0.0,19.67
1300.551,0.31303,21.147,100.0,0.0,19.68
1300.701,0.31303,21.15,100.0,0.0,19.68
1300.849,0.31303,21.153,100.0,0.0,19.69
1300.999,0.30847,21.159,100.0,0.0,19.69
1301.148,0.30847,21.159,100.0,0.0,19.67
1301.297,0.30847,21.163,100.0,0.0,19.67
1301.446,0.30847,21.166,100.0,0.0,19.72
1301.596,0.30847,21.169,100.0,0.0,19.72
1301.747,0.30847,21.169,100.0,0.0,19.61
1301.896,0.30847,21.175,100.0,0.0,19.61
1302.045,0.30847,21.178,100.0,0.0,19.63
1302.195,0.30847,21.178,100.0,0.0,19.63
1302.343,0.30847,21.181,100.0,0.0,19.65
1302.492,0.30847,21.187,100.0,0.0,19.65
1302.641,0.30847,21.191,100.0,0.0,19.66
1302.791,0.30847,21.191,100.0,0.0,19.66
1302.939,0.30847,21.194,100.0,0.0,19.68
1303.087,0.30847,21.197,100.0,0.0,19.68
1303.237,0.30847,21.203,100.0,0.0,19.65
1303.391,0.30847,21.203,100.0,0.0,19.65
1303.539,0.30822,21.206,100.0,0.0,19.63
1303.689,0.30822,21.209,100.0,0.0,19.63
1303.837,0.30822,21.209,100.0,0.0,19.61
1303.987,0.30833,21.216,100.0,0.0,19.61
1304.136,0.30833,21.219,100.0,0.0,19.63
1304.285,0.30833,21.222,100.0,0.0,19.63
1304.434,0.31361,21.222,100.0,0.0,19.65
1304.583,0.31361,21.225,100.0,0.0,19.65
1304.732,0.31302,21.231,100.0,0.0,19.51
1304.884,0.31302,21.234,100.0,0.0,19.51
1305.033,0.31302,21.234,100.0,0.0,19.55
1305.182,0.31302,21.237,100.0,0.0,19.55
1305.331,0.31302,21.244,100.0,0.0,19.58
1305.48,0.31302,21.244,100.0,0.0,19.58
1305.628,0.31302,21.247,100.0,0.0,19.57
1305.778,0.31302,21.25,100.0,0.0,19.57
1305.927,0.31302,21.253,100.0,0.0,19.63
1306.076,0.31302,21.253,100.0,0.0,19.63
1306.224,0.31302,21.259,100.0,0.0,19.61
1306.373,0.31302,21.263,100.0,0.0,19.61
1306.523,0.31302,21.266,100.0,0.0,19.6
1306.676,0.31302,21.266,100.0,0.0,19.6
1306.824,0.31302,21.272,100.0,0.0,19.66
1306.974,0.31302,21.275,100.0,0.0,19.66
1307.123,0.31302,21.275,100.0,0.0,19.63
1307.272,0.31302,21.278,100.0,0.0,19.63
1307.42,0.31001,21.281,100.0,0.0,19.69
1307.57,0.31001,21.288,100.0,0.0,19.69
1307.719,0.30852,21.288,100.0,0.0,19.62
1307.87,0.30852,21.291,100.0,0.0,19.62
1308.019,0.30852,21.294,100.0,0.0,19.64
1308.168,0.30749,21.3,100.0,0.0,19.64
1308.319,0.30749,21.3,100.0,0.0,19.66
1308.468,0.30749,21.303,100.0,0.0,19.66
1308.617,0.30659,21.306,100.0,0.0,19.71
1308.766,0.30659,21.306,100.0,0.0,19.71
1308.915,0.30659,21.309,100.0,0.0,19.68
1309.064,0.30659,21.316,100.0,0.0,19.68
1309.213,0.30659,21.319,100.0,0.0,19.61
1309.363,0.30659,21.319,100.0,0.0,19.61
1309.511,0.30659,21.322,100.0,0.0,19.6
1309.66,0.30659,21.328,100.0,0.0,19.6
1309.809,0.30659,21.331,100.0,0.0,19.66
1309.962,0.30659,21.331,100.0,0.0,19.66
1310.11,0.30659,21.334,100.0,0.0,19.71
1310.26,0.30659,21.337,100.0,0.0,19.71
1310.408,0.30659,21.337,100.0,0.0,19.68
1310.557,0.30659,21.344,100.0,0.0,19.68
1310.706,0.30659,21.347,100.0,0.0,19.68
1310.856,0.30659,21.35,100.0,0.0,19.69
1311.004,0.30659,21.35,100.0,0.0,19.69
1311.153,0.30925,21.356,100.0,0.0,19.66
1311.302,0.30925,21.359,100.0,0.0,19.66
1311.452,0.30925,21.362,100.0,0.0,19.64
1311.604,0.30834,21.362,100.0,0.0,19.64
1311.754,0.30834,21.366,100.0,0.0,19.65
1311.902,0.30834,21.372,100.0,0.0,19.65
1312.052,0.30453,21.372,100.0,0.0,19.59
1312.201,0.30453,21.375,100.0,0.0,19.59
1312.35,0.30453,21.378,100.0,0.0,19.58
1312.499,0.3081,21.384,100.0,0.0,19.58
1312.649,0.3081,21.384,100.0,0.0,19.6
1312.797,0.3081,21.388,100.0,0.0,19.6
1312.947,0.3081,21.391,100.0,0.0,19.55
1313.095,0.3081,21.394,100.0,0.0,19.55
1313.247,0.3081,21.394,100.0,0.0,19.58
1313.395,0.3081,21.4,100.0,0.0,19.58
1313.545,0.3081,21.403,100.0,0.0,19.57
1313.694,0.3081,21.403,100.0,0.0,19.57
1313.843,0.3081,21.406,100.0,0.0,19.52
1313.992,0.3081,21.413,100.0,0.0,19.52
1314.141,0.3081,21.416,100.0,0.0,19.44
1314.29,0.3081,21.416,100.0,0.0,19.44
1314.439,0.3081,21.419,100.0,0.0,19.38
1314.588,0.3081,21.422,100.0,0.0,19.38
1314.737,0.3081,21.428,100.0,0.0,19.39
1314.89,0.3081,21.428,100.0,0.0,19.39
1315.039,0.31314,21.431,100.0,0.0,19.41
1315.188,0.31314,21.434,100.0,0.0,19.41
1315.338,0.31314,21.434,100.0,0.0,19.46
1315.486,0.30542,21.441,100.0,0.0,19.46
1315.636,0.30542,21.444,100.0,0.0,19.5
1315.784,0.30542,21.447,100.0,0.0,19.5
1315.934,0.30823,21.447,100.0,0.0,19.5
1316.082,0.30823,21.45,100.0,0.0,19.5
1316.232,0.30823,21.456,100.0,0.0,19.58
1316.381,0.30669,21.459,100.0,0.0,19.58
1316.533,0.30669,21.459,100.0,0.0,19.57
1316.681,0.30669,21.462,100.0,0.0,19.57
1316.831,0.30669,21.469,100.0,0.0,19.56
1316.98,0.30669,21.469,100.0,0.0,19.56
1317.129,0.30669,21.472,100.0,0.0,19.55
1317.278,0.30669,21.475,100.0,0.0,19.55
1317.427,0.30669,21.478,100.0,0.0,19.54
1317.576,0.30669,21.478,100.0,0.0,19.54
1317.725,0.30669,21.484,100.0,0.0,19.5
1317.874,0.30669,21.487,100.0,0.0,19.5
1318.023,0.30669,21.491,100.0,0.0,19.54
1318.175,0.30669,21.491,100.0,0.0,19.54
1318.325,0.30669,21.497,100.0,0.0,19.45
1318.473,0.30669,21.5,100.0,0.0,19.45
1318.623,0.30669,21.5,100.0,0.0,19.46
1318.771,0.30669,21.503,100.0,0.0,19.46
1318.921,0.30951,21.506,100.0,0.0,19.43
1319.07,0.30951,21.513,100.0,0.0,19.43
1319.219,0.30951,21.513,100.0,0.0,19.48
1319.367,0.3082,21.516,100.0,0.0,19.48
1319.517,0.3082,21.519,100.0,0.0,19.52
1319.666,0.31101,21.525,100.0,0.0,19.52
1319.819,0.31101,21.525,100.0,0.0,19.52
1319.967,0.31101,21.528,100.0,0.0,19.52
1320.117,0.30856,21.531,100.0,0.0,19.51
1320.266,0.30856,21.531,100.0,0.0,19.51
1320.415,0.30856,21.534,100.0,0.0,19.59
1320.563,0.30856,21.541,100.0,0.0,19.59
1320.713,0.30856,21.544,100.0,0.0,19.54
1320.862,0.30856,21.544,100.0,0.0,19.54
1321.011,0.30856,21.547,100.0,0.0,19.49
1321.159,0.30856,21.553,100.0,0.0,19.49
1321.309,0.30856,21.556,100.0,0.0,19.57
1321.461,0.30856,21.556,101.0,0.0,19.57
1321.611,0.30856,21.559,100.0,0.0,19.52
1321.759,0.30856,21.562,100.0,0.0,19.52
1321.909,0.30856,21.562,100.0,0.0,19.56
1322.057,0.30856,21.569,100.0,0.0,19.56
1322.207,0.30856,21.572,100.0,0.0,19.58
1322.355,0.30856,21.575,100.0,0.0,19.58
1322.505,0.30856,21.575,100.0,0.0,19.61
1322.653,0.30317,21.581,100.0,0.0,19.61
1322.803,0.30317,21.584,100.0,0.0,19.63
1322.952,0.30317,21.587,100.0,0.0,19.63
1323.104,0.30326,21.587,100.0,0.0,19.61
1323.253,0.30326,21.591,100.0,0.0,19.61
1323.403,0.30326,21.597,100.0,0.0,19.56
1323.551,0.30321,21.597,100.0,0.0,19.56
1323.701,0.30321,21.6,100.0,0.0,19.55
1323.849,0.30321,21.603,100.0,0.0,19.55
1323.999,0.30453,21.609,100.0,0.0,19.5
1324.148,0.30453,21.609,100.0,0.0,19.5
1324.297,0.30453,21.612,100.0,0.0,19.47
1324.446,0.30453,21.616,100.0,0.0,19.47
1324.595,0.30453,21.619,100.0,0.0,19.51
1324.747,0.30453,21.619,100.0,0.0,19.51
1324.896,0.30453,21.625,100.0,0.0,19.54
1325.045,0.30453,21.628,100.0,0.0,19.54
1325.194,0.30453,21.628,100.0,0.0,19.58
1325.343,0.30453,21.631,100.0,0.0,19.58
1325.492,0.30453,21.638,100.0,0.0,19.64
1325.641,0.30453,21.641,101.0,0.0,19.64
1325.79,0.30453,21.641,100.0,0.0,19.69
1325.939,0.30453,21.644,100.0,0.0,19.69
1326.088,0.30453,21.647,100.0,0.0,19.74
1326.237,0.30453,21.653,100.0,0.0,19.74
1326.39,0.30453,21.653,100.0,0.0,19.78
1326.538,0.3008,21.656,100.0,0.0,19.78
1326.688,0.3008,21.659,100.0,0.0,19.81
1326.837,0.3008,21.659,100.0,0.0,19.81
1326.986,0.30102,21.666,100.0,0.0,19.73
1327.135,0.30102,21.669,100.0,0.0,19.73
1327.284,0.30102,21.672,100.0,0.0,19.81
1327.433,0.30169,21.672,100.0,0.0,19.81
1327.583,0.30169,21.675,100.0,0.0,19.83
1327.731,0.30169,21.681,100.0,0.0,19.83
1327.881,0.29797,21.684,100.0,0.0,19.78
1328.032,0.29797,21.684,100.0,0.0,19.78
1328.182,0.29797,21.687,100.0,0.0,19.74
1328.33,0.29797,21.694,100.0,0.0,19.74
1328.48,0.29797,21.694,100.0,0.0,19.74
1328.628,0.29797,21.697,100.0,0.0,19.74
1328.778,0.29797,21.7,100.0,0.0,19.78
1328.926,0.29797,21.703,100.0,0.0,19.78
1329.076,0.29797,21.703,100.0,0.0,19.78
1329.224,0.29797,21.709,100.0,0.0,19.74
1329.374,0.29797,21.712,100.0,0.0,19.74
1329.522,0.29797,21.716,100.0,0.0,19.74
1329.676,0.29797,21.716,100.0,0.0,19.74
1329.824,0.29797,21.722,100.0,0.0,19.7
1329.974,0.29797,21.725,100.0,0.0,19.7
1330.122,0.29797,21.725,100.0,0.0,19.71
1330.272,0.29797,21.728,100.0,0.0,19.71
1330.42,0.30515,21.731,100.0,0.0,19.75
1330.57,0.30515,21.737,100.0,0.0,19.75
1330.719,0.30515,21.737,100.0,0.0,19.75
1330.868,0.30157,21.741,100.0,0.0,19.75
1331.017,0.30157,21.744,100.0,0.0,19.79
1331.167,0.30157,21.75,100.0,0.0,19.79
1331.318,0.29764,21.75,100.0,0.0,19.78
1331.467,0.29764,21.753,100.0,0.0,19.78
1331.616,0.30175,21.756,100.0,0.0,19.74
1331.766,0.30175,21.756,100.0,0.0,19.74
1331.914,0.30175,21.759,100.0,0.0,19.78
1332.064,0.30175,21.766,100.0,0.0,19.78
1332.212,0.30175,21.769,100.0,0.0,19.78
1332.362,0.30175,21.769,100.0,0.0,19.78
1332.51,0.30175,21.772,100.0,0.0,19.73
1332.66,0.30175,21.778,100.0,0.0,19.73
1332.809,0.30175,21.781,100.0,0.0,19.74
1332.961,0.30175,21.781,100.0,0.0,19.74
1333.11,0.30175,21.784,100.0,0.0,19.7
1333.259,0.30175,21.788,100.0,0.0,19.7
1333.408,0.30175,21.788,100.0,0.0,19.67
1333.557,0.30175,21.794,100.0,0.0,19.67
1333.706,0.30175,21.797,100.0,0.0,19.68
1333.855,0.30175,21.8,100.0,0.0,19.68
1334.004,0.30175,21.8,100.0,0.0,19.69
1334.153,0.30175,21.806,100.0,0.0,19.69
1334.302,0.30427,21.809,100.0,0.0,19.7
1334.452,0.30427,21.812,100.0,0.0,19.7
1334.604,0.29943,21.812,100.0,0.0,19.71
1334.754,0.29943,21.816,100.0,0.0,19.71
1334.902,0.29943,21.822,100.0,0.0,19.68
1335.052,0.30075,21.822,100.0,0.0,19.68
1335.2,0.30075,21.825,100.0,0.0,19.65
1335.35,0.30075,21.828,100.0,0.0,19.65
1335.499,0.30149,21.834,100.0,0.0,19.63
1335.649,0.30149,21.834,100.0,0.0,19.63
1335.797,0.30149,21.837,100.0,0.0,19.57
1335.946,0.30149,21.841,100.0,0.0,19.57
1336.095,0.30149,21.844,100.0,0.0,19.6
1336.247,0.30149,21.844,100.0,0.0,19.6
1336.395,0.30149,21.85,100.0,0.0,19.62
1336.545,0.30149,21.853,100.0,0.0,19.62
1336.693,0.30149,21.853,100.0,0.0,19.68
1336.843,0.30149,21.856,100.0,0.0,19.68
1336.991,0.30149,21.862,100.0,0.0,19.69
1337.141,0.30149,21.866,100.0,0.0,19.69
1337.29,0.30149,21.866,100.0,0.0,19.7
1337.439,0.30149,21.869,100.0,0.0,19.7
1337.587,0.30149,21.872,100.0,0.0,19.71
1337.737,0.30149,21.878,100.0,0.0,19.71
1337.89,0.30149,21.878,100.0,0.0,19.75
1338.039,0.29698,21.881,100.0,0.0,19.75
1338.188,0.29698,21.884,100.0,0.0,19.79
1338.337,0.29698,21.884,100.0,0.0,19.79
1338.485,0.29917,21.891,100.0,0.0,19.74
1338.635,0.29917,21.894,100.0,0.0,19.74
1338.784,0.29917,21.897,100.0,0.0,19.67
1338.934,0.29936,21.897,100.0,0.0,19.67
1339.082,0.29936,21.9,100.0,0.0,19.72
1339.232,0.29936,21.906,100.0,0.0,19.72
1339.38,0.29821,21.909,100.0,0.0,19.72
1339.533,0.29821,21.909,100.0,0.0,19.72
1339.681,0.29821,21.913,100.0,0.0,19.65
1339.83,0.29821,21.919,100.0,0.0,19.65
1339.979,0.29821,21.919,100.0,0.0,19.67
1340.128,0.29821,21.922,100.0,0.0,19.67
1340.277,0.29821,21.925,100.0,0.0,19.68
1340.426,0.29821,21.928,100.0,0.0,19.68
1340.575,0.29821,21.928,100.0,0.0,19.69
1340.724,0.29821,21.934,100.0,0.0,19.69
1340.873,0.29821,21.937,100.0,0.0,19.7
1341.023,0.29821,21.941,100.0,0.0,19.7
1341.175,0.29821,21.941,100.0,0.0,19.71
1341.324,0.29821,21.947,100.0,0.0,19.71
1341.473,0.29821,21.95,100.0,0.0,19.68
1341.623,0.29821,21.95,100.0,0.0,19.68
1341.771,0.29821,21.953,100.0,0.0,19.65
1341.92,0.29668,21.956,100.0,0.0,19.65
1342.069,0.29668,21.962,100.0,0.0,19.63
1342.219,0.29668,21.962,100.0,0.0,19.63
1342.367,0.30039,21.966,100.0,0.0,19.65
1342.517,0.30039,21.969,100.0,0.0,19.65
1342.666,0.30039,21.975,100.0,0.0,19.66
1342.819,0.30215,21.975,100.0,0.0,19.66
1342.967,0.30215,21.978,100.0,0.0,19.64
1343.117,0.30215,21.981,100.0,0.0,19.64
1343.265,0.2993,21.981,100.0,0.0,19.65
1343.415,0.2993,21.984,100.0,0.0,19.65
1343.563,0.2993,21.991,100.0,0.0,19.67
1343.713,0.2993,21.994,100.0,0.0,19.67
1343.862,0.2993,21.994,100.0,0.0,19.68
1344.011,0.2993,21.997,100.0,0.0,19.68
1344.16,0.2993,22.003,100.0,0.0,19.65
1344.309,0.2993,22.006,100.0,0.0,19.65
1344.461,0.2993,22.006,100.0,0.0,19.63
1344.61,0.2993,22.009,100.0,0.0,19.63
1344.758,0.2993,22.013,100.0,0.0,19.69
1344.908,0.2993,22.013,100.0,0.0,19.69
1345.056,0.2993,22.019,100.0,0.0,19.66
1345.206,0.2993,22.022,100.0,0.0,19.66
1345.355,0.2993,22.025,100.0,0.0,19.63
1345.504,0.2993,22.025,100.0,0.0,19.63
1345.652,0.2993,22.031,100.0,0.0,19.65
1345.802,0.30074,22.034,100.0,0.0,19.65
1345.951,0.30074,22.038,100.0,0.0,19.7
1346.104,0.30074,22.038,100.0,0.0,19.7
1346.252,0.30018,22.041,100.0,0.0,19.71
1346.402,0.30018,22.047,100.0,0.0,19.71
1346.551,0.29649,22.047,100.0,0.0,19.68
1346.7,0.29649,22.05,100.0,0.0,19.68
1346.849,0.29649,22.053,100.0,0.0,19.73
1346.999,0.29551,22.059,100.0,0.0,19.73
1347.148,0.29551,22.059,100.0,0.0,19.77
1347.297,0.29551,22.062,100.0,0.0,19.77
1347.445,0.29551,22.066,100.0,0.0,19.77
1347.595,0.29551,22.069,100.0,0.0,19.8
1347.747,0.29551,22.069,100.0,0.0,19.8
1347.896,0.29551,22.075,100.0,0.0,19.8
1348.044,0.29551,22.078,100.0,0.0,19.8
1348.194,0.29551,22.078,100.0,0.0,19.71
1348.342,0.29551,22.081,100.0,0.0,19.71
1348.492,0.29551,22.087,100.0,0.0,19.64
1348.641,0.29551,22.091,100.0,0.0,19.64
1348.79,0.29551,22.091,100.0,0.0,19.66
1348.938,0.29551,22.094,100.0,0.0,19.66
1349.088,0.29551,22.097,100.0,0.0,19.67
1349.237,0.29551,22.103,100.0,0.0,19.67
1349.39,0.29551,22.103,100.0,0.0,19.65
1349.538,0.29809,22.106,100.0,0.0,19.65
1349.688,0.29809,22.109,100.0,0.0,19.66
1349.836,0.29809,22.109,100.0,0.0,19.66
1349.986,0.29414,22.116,100.0,0.0,19.64
1350.135,0.29414,22.119,100.0,0.0,19.64
1350.284,0.29414,22.122,100.0,0.0,19.69
1350.433,0.30077,22.122,100.0,0.0,19.69
1350.582,0.30077,22.125,100.0,0.0,19.7
1350.731,0.30077,22.131,100.0,0.0,19.7
1350.881,0.30201,22.134,100.0,0.0,19.71
1351.032,0.30201,22.134,100.0,0.0,19.71
1351.181,0.30201,22.138,100.0,0.0,19.75
1351.33,0.30201,22.144,100.0,0.0,19.75
1351.48,0.30201,22.144,100.0,0.0,19.75
1351.628,0.30201,22.147,100.0,0.0,19.75
1351.777,0.30201,22.15,100.0,0.0,19.75
1351.926,0.30201,22.153,100.0,0.0,19.75
1352.076,0.30201,22.153,100.0,0.0,19.79
1352.224,0.30201,22.159,100.0,0.0,19.79
1352.374,0.30201,22.163,100.0,0.0,19.75
1352.522,0.30201,22.166,100.0,0.0,19.75
1352.675,0.30201,22.166,100.0,0.0,19.71
1352.823,0.30201,22.172,100.0,0.0,19.71
1352.973,0.30201,22.175,100.0,0.0,19.68
1353.122,0.30201,22.175,100.0,0.0,19.68
1353.271,0.30201,22.178,100.0,0.0,19.76
1353.419,0.30201,22.181,100.0,0.0,19.76
1353.569,0.30201,22.187,100.0,0.0,19.69
1353.718,0.30201,22.187,100.0,0.0,19.69
1353.867,0.30201,22.191,100.0,0.0,19.73
1354.016,0.30201,22.194,100.0,0.0,19.73
1354.165,0.30201,22.2,100.0,0.0,19.74
1354.318,0.29854,22.2,100.0,0.0,19.74
1354.467,0.29854,22.203,100.0,0.0,19.78
1354.616,0.29854,22.206,100.0,0.0,19.78
1354.766,0.29956,22.206,100.0,0.0,19.77
1354.914,0.29956,22.209,100.0,0.0,19.77
1355.064,0.29956,22.216,100.0,0.0,19.73
1355.212,0.29956,22.219,100.0,0.0,19.73
1355.362,0.29956,22.219,100.0,0.0,19.73
1355.51,0.29956,22.222,100.0,0.0,19.73
1355.66,0.29956,22.228,100.0,0.0,19.77
1355.808,0.29956,22.231,100.0,0.0,19.77
1355.961,0.29956,22.231,100.0,0.0,19.77
1356.11,0.29956,22.234,100.0,0.0,19.77
1356.259,0.29956,22.237,100.0,0.0,19.65
1356.408,0.29674,22.237,100.0,0.0,19.65
1356.557,0.29674,22.244,100.0,0.0,19.63
1356.706,0.29674,22.247,100.0,0.0,19.63
1356.856,0.29558,22.25,100.0,0.0,19.65
1357.004,0.29558,22.25,100.0,0.0,19.65
1357.154,0.29558,22.256,100.0,0.0,19.63
1357.302,0.29558,22.259,100.0,0.0,19.63
1357.452,0.29558,22.263,100.0,0.0,19.61
1357.603,0.29558,22.263,100.0,0.0,19.61
1357.753,0.29558,22.266,100.0,0.0,19.63
1357.901,0.29558,22.272,100.0,0.0,19.63
1358.051,0.29558,22.272,100.0,0.0,19.61
1358.199,0.29637,22.275,100.0,0.0,19.61
1358.349,0.29637,22.278,100.0,0.0,19.63
1358.498,0.29707,22.284,100.0,0.0,19.63
1358.648,0.29707,22.284,100.0,0.0,19.65
1358.796,0.29707,22.288,100.0,0.0,19.65
1358.945,0.29707,22.291,100.0,0.0,19.66
1359.094,0.29707,22.294,100.0,0.0,19.66
1359.247,0.29707,22.294,100.0,0.0,19.71
1359.395,0.29854,22.3,100.0,0.0,19.71
1359.545,0.29854,22.303,100.0,0.0,19.72
1359.694,0.29854,22.303,100.0,0.0,19.72
1359.843,0.29854,22.306,100.0,0.0,19.69
1359.991,0.29854,22.312,100.0,0.0,19.69
1360.141,0.29854,22.316,100.0,0.0,19.73
1360.29,0.29854,22.316,100.0,0.0,19.73
1360.439,0.29854,22.319,100.0,0.0,19.7
1360.588,0.29854,22.322,100.0,0.0,19.7
1360.737,0.29916,22.328,100.0,0.0,19.71
1360.889,0.29916,22.328,100.0,0.0,19.71
1361.039,0.29916,22.331,100.0,0.0,19.71
1361.187,0.29916,22.334,100.0,0.0,19.71
1361.337,0.29916,22.334,100.0,0.0,19.79
1361.485,0.29916,22.341,100.0,0.0,19.79
1361.635,0.29916,22.344,100.0,0.0,19.75
1361.783,0.29916,22.347,100.0,0.0,19.75
1361.933,0.29932,22.347,100.0,0.0,19.67
1362.081,0.29932,22.35,100.0,0.0,19.67
1362.231,0.29932,22.356,100.0,0.0,19.72
1362.38,0.29932,22.359,100.0,0.0,19.72
1362.532,0.29932,22.359,100.0,0.0,19.69
1362.681,0.29932,22.362,100.0,0.0,19.69
1362.83,0.29763,22.369,100.0,0.0,19.74
1362.979,0.29763,22.369,100.0,0.0,19.74
1363.128,0.29763,22.372,100.0,0.0,19.7
1363.277,0.29494,22.375,100.0,0.0,19.7
1363.427,0.29494,22.378,100.0,0.0,19.67
1363.576,0.29494,22.378,100.0,0.0,19.67
1363.725,0.29808,22.384,100.0,0.0,19.68
1363.874,0.29808,22.388,100.0,0.0,19.68
1364.023,0.29808,22.391,100.0,0.0,19.62
1364.175,0.29808,22.391,100.0,0.0,19.62
1364.324,0.29808,22.397,100.0,0.0,19.6
1364.473,0.29808,22.4,100.0,0.0,19.6
1364.622,0.29808,22.4,100.0,0.0,19.59
1364.771,0.29808,22.403,100.0,0.0,19.59
1364.92,0.29716,22.406,100.0,0.0,19.57
1365.069,0.29716,22.413,100.0,0.0,19.57
1365.219,0.29716,22.413,100.0,0.0,19.6
1365.367,0.29716,22.416,100.0,0.0,19.6
1365.517,0.29716,22.419,100.0,0.0,19.66
1365.665,0.29716,22.425,100.0,0.0,19.66
1365.818,0.30089,22.425,100.0,0.0,19.67
1365.967,0.30089,22.428,100.0,0.0,19.67
1366.116,0.30089,22.431,100.0,0.0,19.67
1366.265,0.30089,22.431,100.0,0.0,19.61
1366.414,0.30089,22.434,100.0,0.0,19.61
1366.563,0.30089,22.441,100.0,0.0,19.67
1366.712,0.29666,22.444,100.0,0.0,19.67
1366.861,0.29666,22.444,100.0,0.0,19.64
1367.01,0.29666,22.447,100.0,0.0,19.64
1367.159,0.29407,22.453,100.0,0.0,19.66
1367.309,0.29407,22.456,100.0,0.0,19.66
1367.461,0.29625,22.456,100.0,0.0,19.64
1367.61,0.29625,22.459,100.0,0.0,19.64
1367.759,0.29625,22.462,100.0,0.0,19.65
1367.908,0.29625,22.462,100.0,0.0,19.65
1368.057,0.29625,22.469,100.0,0.0,19.67
1368.206,0.29625,22.472,100.0,0.0,19.67
1368.355,0.29625,22.475,100.0,0.0,19.68
1368.504,0.29625,22.475,100.0,0.0,19.68
1368.653,0.29625,22.481,100.0,0.0,19.65
1368.802,0.29625,22.484,100.0,0.0,19.65
1368.951,0.29625,22.487,100.0,0.0,19.55
1369.104,0.29625,22.487,100.0,0.0,19.55
1369.252,0.29625,22.491,100.0,0.0,19.58
1369.402,0.29625,22.497,100.0,0.0,19.58
1369.551,0.29625,22.497,100.0,0.0,19.57
1369.7,0.29625,22.5,100.0,0.0,19.57
1369.848,0.29625,22.503,100.0,0.0,19.6
1369.998,0.29625,22.509,100.0,0.0,19.6
1370.147,0.29625,22.509,100.0,0.0,19.62
1370.296,0.29625,22.513,100.0,0.0,19.62
1370.444,0.29713,22.516,100.0,0.0,19.6
1370.594,0.29713,22.519,100.0,0.0,19.6
1370.746,0.29713,22.519,100.0,0.0,19.62
1370.895,0.29921,22.525,100.0,0.0,19.62
1371.044,0.29921,22.528,100.0,0.0,19.64
1371.194,0.29921,22.528,100.0,0.0,19.64
1371.342,0.29921,22.531,100.0,0.0,19.62
1371.492,0.29921,22.538,100.0,0.0,19.62
1371.64,0.29921,22.541,100.0,0.0,19.64
1371.79,0.29409,22.541,100.0,0.0,19.64
1371.938,0.29409,22.544,100.0,0.0,19.66
1372.088,0.29409,22.547,100.0,0.0,19.66
1372.237,0.29409,22.553,100.0,0.0,19.63
1372.39,0.29409,22.553,100.0,0.0,19.63
1372.538,0.29409,22.556,100.0,0.0,19.61
1372.687,0.29409,22.559,100.0,0.0,19.61
1372.836,0.29409,22.559,100.0,0.0,19.63
1372.985,0.29409,22.566,100.0,0.0,19.63
1373.134,0.29409,22.569,100.0,0.0,19.58
1373.284,0.29409,22.572,100.0,0.0,19.58
1373.432,0.29409,22.572,100.0,0.0,19.57
1373.581,0.29409,22.575,100.0,0.0,19.57
1373.73,0.29409,22.581,100.0,0.0,19.56
1373.88,0.29409,22.584,100.0,0.0,19.56
1374.032,0.29409,22.584,100.0,0.0,19.62
1374.181,0.29409,22.587,100.0,0.0,19.62
1374.33,0.29409,22.594,100.0,0.0,19.64
1374.48,0.29409,22.594,100.0,0.0,19.64
1374.628,0.29409,22.597,100.0,0.0,19.66
1374.777,0.29409,22.6,100.0,0.0,19.66
1374.926,0.29409,22.603,100.0,0.0,19.63
1375.076,0.29409,22.603,100.0,0.0,19.63
1375.224,0.29362,22.609,100.0,0.0,19.61
1375.374,0.29362,22.612,100.0,0.0,19.61
1375.522,0.29362,22.616,100.0,0.0,19.6
1375.675,0.29362,22.616,100.0,0.0,19.6
1375.823,0.29362,22.622,100.0,0.0,19.58
1375.973,0.29362,22.625,100.0,0.0,19.58
1376.122,0.29362,22.625,100.0,0.0,19.57
1376.271,0.29362,22.628,100.0,0.0,19.57
1376.419,0.29362,22.631,100.0,0.0,19.6
1376.569,0.29362,22.638,100.0,0.0,19.6
1376.718,0.29362,22.638,100.0,0.0,19.62
1376.867,0.29362,22.641,100.0,0.0,19.62
1377.016,0.29362,22.644,100.0,0.0,19.6
1377.165,0.29362,22.65,100.0,0.0,19.6
1377.318,0.29004,22.65,100.0,0.0,19.62
1377.467,0.29004,22.653,100.0,0.0,19.62
1377.616,0.29004,22.656,100.0,0.0,19.68
1377.765,0.29004,22.656,100.0,0.0,19.68
1377.914,0.29004,22.659,100.0,0.0,19.65
1378.063,0.29004,22.666,100.0,0.0,19.65
1378.212,0.29479,22.669,100.0,0.0,19.63
1378.362,0.29479,22.669,100.0,0.0,19.63
1378.51,0.29479,22.672,100.0,0.0,19.61
1378.66,0.28876,22.678,100.0,0.0,19.61
1378.809,0.28876,22.681,100.0,0.0,19.63
1378.961,0.28876,22.681,100.0,0.0,19.63
1379.109,0.29641,22.684,100.0,0.0,19.61
1379.259,0.29641,22.687,100.0,0.0,19.61
1379.407,0.29641,22.687,100.0,0.0,19.56
1379.557,0.29641,22.694,100.0,0.0,19.56
1379.705,0.29641,22.697,100.0,0.0,19.59
1379.855,0.29641,22.7,100.0,0.0,19.59
1380.004,0.29641,22.7,100.0,0.0,19.57
1380.153,0.29641,22.706,100.0,0.0,19.57
1380.301,0.29641,22.709,100.0,0.0,19.64
1380.451,0.29641,22.712,100.0,0.0,19.64
1380.603,0.29641,22.712,100.0,0.0,19.62
1380.752,0.29169,22.716,100.0,0.0,19.62
1380.901,0.29169,22.722,100.0,0.0,19.64
1381.051,0.29169,22.722,100.0,0.0,19.64
1381.199,0.29433,22.725,100.0,0.0,19.65
1381.349,0.29433,22.728,100.0,0.0,19.65
1381.498,0.29433,22.734,100.0,0.0,19.59
1381.647,0.29626,22.734,100.0,0.0,19.59
1381.796,0.29626,22.737,100.0,0.0,19.58
1381.946,0.29626,22.741,100.0,0.0,19.58
1382.094,0.29626,22.744,100.0,0.0,19.64
1382.247,0.29626,22.744,100.0,0.0,19.64
1382.395,0.28835,22.75,100.0,0.0,19.66
1382.545,0.28835,22.753,100.0,0.0,19.66
1382.694,0.28835,22.753,100.0,0.0,19.67
1382.843,0.29058,22.756,100.0,0.0,19.67
1382.992,0.29058,22.763,100.0,0.0,19.68
1383.141,0.29058,22.766,100.0,0.0,19.68
1383.29,0.28991,22.766,100.0,0.0,19.73
1383.439,0.28991,22.769,100.0,0.0,19.73
1383.588,0.28991,22.772,100.0,0.0,19.77
1383.738,0.28991,22.778,100.0,0.0,19.77
1383.889,0.28991,22.778,100.0,0.0,19.73
1384.038,0.28991,22.781,100.0,0.0,19.73
1384.187,0.28991,22.784,100.0,0.0,19.77
1384.336,0.28991,22.784,100.0,0.0,19.77
1384.484,0.28991,22.791,100.0,0.0,19.77
1384.634,0.28991,22.794,100.0,0.0,19.73
1384.783,0.28991,22.797,100.0,0.0,19.73
1384.932,0.28991,22.797,100.0,0.0,19.81
1385.08,0.29216,22.8,100.0,0.0,19.81
1385.23,0.29216,22.806,100.0,0.0,19.84
1385.379,0.29488,22.809,100.0,0.0,19.84
1385.532,0.29488,22.809,100.0,0.0,19.86
1385.681,0.29488,22.812,100.0,0.0,19.86
1385.83,0.2948,22.819,100.0,0.0,19.88
1385.979,0.2948,22.819,100.0,0.0,19.88
1386.128,0.2948,22.822,100.0,0.0,19.86
1386.277,0.2948,22.825,100.0,0.0,19.86
1386.427,0.2948,22.828,100.0,0.0,19.77
1386.575,0.2948,22.828,100.0,0.0,19.77
1386.724,0.29261,22.834,100.0,0.0,19.73
1386.873,0.29261,22.837,100.0,0.0,19.73
1387.023,0.29261,22.841,100.0,0.0,19.66
1387.175,0.29698,22.841,100.0,0.0,19.66
1387.324,0.29698,22.847,100.0,0.0,19.67
1387.473,0.29698,22.85,100.0,0.0,19.67
1387.623,0.29069,22.85,100.0,0.0,19.72
1387.771,0.29069,22.853,100.0,0.0,19.72
1387.921,0.29069,22.856,100.0,0.0,19.65
1388.069,0.29069,22.862,100.0,0.0,19.65
1388.219,0.29069,22.862,100.0,0.0,19.59
1388.367,0.29069,22.866,100.0,0.0,19.59
1388.517,0.29069,22.869,100.0,0.0,19.58
1388.665,0.29069,22.875,100.0,0.0,19.58
1388.818,0.29069,22.875,100.0,0.0,19.57
1388.966,0.29069,22.878,100.0,0.0,19.57
1389.116,0.29069,22.881,100.0,0.0,19.59
1389.264,0.29598,22.881,100.0,0.0,19.59
1389.414,0.29598,22.884,100.0,0.0,19.65
1389.563,0.29598,22.891,100.0,0.0,19.65
1389.712,0.2912,22.894,100.0,0.0,19.67
1389.861,0.2912,22.894,100.0,0.0,19.67
1390.01,0.2912,22.897,100.0,0.0,19.61
1390.159,0.29364,22.903,100.0,0.0,19.61
1390.309,0.29364,22.906,100.0,0.0,19.55
1390.461,0.29364,22.906,100.0,0.0,19.55
1390.61,0.29364,22.909,100.0,0.0,19.58
1390.758,0.29364,22.913,100.0,0.0,19.58
1390.908,0.28652,22.913,100.0,0.0,19.57
1391.064,0.28652,22.919,100.0,0.0,19.57
1391.214,0.28652,22.922,100.0,0.0,19.56
1391.362,0.29142,22.925,100.0,0.0,19.56
1391.512,0.29142,22.925,100.0,0.0,19.55
1391.661,0.29142,22.931,100.0,0.0,19.55
1391.81,0.29543,22.934,100.0,0.0,19.54
1391.959,0.29543,22.937,100.0,0.0,19.54
1392.109,0.29543,22.937,100.0,0.0,19.57
1392.257,0.29543,22.941,100.0,0.0,19.57
1392.407,0.29543,22.947,100.0,0.0,19.64
1392.555,0.29543,22.947,100.0,0.0,19.64
1392.704,0.29543,22.95,100.0,0.0,19.62
1392.853,0.29543,22.953,100.0,0.0,19.62
1393.003,0.29543,22.959,100.0,0.0,19.6
1393.151,0.29543,22.959,100.0,0.0,19.6
1393.301,0.29543,22.962,100.0,0.0,19.58
1393.449,0.29543,22.966,100.0,0.0,19.58
1393.599,0.29378,22.969,100.0,0.0,19.61
1393.748,0.29378,22.969,100.0,0.0,19.61
1393.897,0.29138,22.975,100.0,0.0,19.59
1394.051,0.29138,22.978,100.0,0.0,19.59
1394.201,0.29138,22.978,100.0,0.0,19.62
1394.349,0.29225,22.981,100.0,0.0,19.62
1394.499,0.29225,22.987,100.0,0.0,19.67
1394.648,0.29225,22.991,100.0,0.0,19.67
1394.797,0.29225,22.991,100.0,0.0,19.72
1394.945,0.29225,22.994,100.0,0.0,19.72
1395.095,0.29225,22.997,100.0,0.0,19.73
1395.244,0.2855,23.003,100.0,0.0,19.73
1395.394,0.2855,23.003,100.0,0.0,19.73
1395.542,0.2855,23.006,100.0,0.0,19.73
1395.691,0.29372,23.009,100.0,0.0,19.7
1395.84,0.29372,23.009,100.0,0.0,19.7
1395.989,0.29372,23.016,100.0,0.0,19.7
1396.138,0.29122,23.019,100.0,0.0,19.7
1396.288,0.29122,23.022,100.0,0.0,19.67
1396.437,0.29122,23.022,100.0,0.0,19.67
1396.586,0.29122,23.025,100.0,0.0,19.68
1396.735,0.29122,23.031,100.0,0.0,19.68
1396.884,0.29122,23.034,100.0,0.0,19.69
1397.033,0.29122,23.034,100.0,0.0,19.69
1397.182,0.29122,23.038,100.0,0.0,19.7
1397.331,0.29122,23.044,100.0,0.0,19.7
1397.48,0.29122,23.044,100.0,0.0,19.67
1397.628,0.29122,23.047,100.0,0.0,19.67
1397.778,0.28778,23.05,100.0,0.0,19.68
1397.927,0.28778,23.053,100.0,0.0,19.68
1398.077,0.28778,23.053,100.0,0.0,19.69
1398.225,0.28924,23.059,100.0,0.0,19.69
1398.375,0.28924,23.062,100.0,0.0,19.63
1398.523,0.28924,23.066,100.0,0.0,19.63
1398.675,0.28624,23.066,100.0,0.0,19.65
1398.824,0.28624,23.072,100.0,0.0,19.65
1398.973,0.28624,23.075,100.0,0.0,19.66
1399.122,0.28624,23.075,100.0,0.0,19.66
1399.271,0.28624,23.078,100.0,0.0,19.67
1399.42,0.28624,23.081,100.0,0.0,19.67
1399.57,0.29075,23.087,100.0,0.0,19.65
1399.719,0.29075,23.087,100.0,0.0,19.65
1399.868,0.2885,23.091,100.0,0.0,19.63
1400.024,0.2885,23.094,100.0,0.0,19.63
1400.174,0.2885,23.1,100.0,0.0,19.57
1400.322,0.28906,23.1,100.0,0.0,19.57
1400.472,0.28906,23.103,100.0,0.0,19.56
1400.62,0.28906,23.106,100.0,0.0,19.56
1400.77,0.28906,23.106,100.0,0.0,19.55
1400.918,0.28906,23.109,100.0,0.0,19.55
1401.068,0.28906,23.116,100.0,0.0,19.51
1401.217,0.28906,23.119,100.0,0.0,19.51
1401.366,0.28906,23.119,100.0,0.0,19.58
1401.514,0.28906,23.122,100.0,0.0,19.58
1401.664,0.28906,23.128,100.0,0.0,19.53
1401.813,0.28906,23.131,100.0,0.0,19.53
1401.962,0.28906,23.131,100.0,0.0,19.49
1402.11,0.29382,23.134,100.0,0.0,19.49
1402.26,0.29382,23.138,100.0,0.0,19.53
1402.409,0.29382,23.138,100.0,0.0,19.53
1402.558,0.29039,23.144,100.0,0.0,19.56
1402.707,0.29039,23.147,100.0,0.0,19.56
1402.857,0.28704,23.15,100.0,0.0,19.51
1403.011,0.28704,23.15,100.0,0.0,19.51
1403.16,0.28704,23.156,100.0,0.0,19.59
1403.308,0.28704,23.159,100.0,0.0,19.59
1403.458,0.28704,23.163,100.0,0.0,19.59
1403.607,0.28704,23.163,100.0,0.0,19.57
1403.756,0.28404,23.166,100.0,0.0,19.57
1403.905,0.28404,23.172,100.0,0.0,19.53
1404.054,0.28404,23.172,100.0,0.0,19.53
1404.203,0.28554,23.175,100.0,0.0,19.48
1404.353,0.28554,23.178,100.0,0.0,19.48
1404.501,0.28554,23.184,100.0,0.0,19.49
1404.651,0.28581,23.184,100.0,0.0,19.49
1404.799,0.28581,23.187,100.0,0.0,19.56
1404.949,0.28581,23.191,100.0,0.0,19.56
1405.098,0.28581,23.194,100.0,0.0,19.59
1405.247,0.28581,23.194,100.0,0.0,19.59
1405.395,0.28581,23.2,100.0,0.0,19.58
1405.545,0.28581,23.203,100.0,0.0,19.58
1405.694,0.28581,23.203,100.0,0.0,19.57
1405.843,0.28581,23.206,100.0,0.0,19.57
1405.991,0.28581,23.212,100.0,0.0,19.67
1406.141,0.28581,23.216,100.0,0.0,19.67
1406.29,0.28836,23.216,100.0,0.0,19.72
1406.439,0.28836,23.219,100.0,0.0,19.72
1406.588,0.28836,23.222,100.0,0.0,19.69
1406.738,0.28933,23.228,100.0,0.0,19.69
1406.889,0.28933,23.228,100.0,0.0,19.66
1407.038,0.28933,23.231,100.0,0.0,19.66
1407.187,0.29006,23.234,100.0,0.0,19.63
1407.337,0.29006,23.234,100.0,0.0,19.63
1407.485,0.29006,23.241,100.0,0.0,19.61
1407.635,0.29006,23.244,100.0,0.0,19.61
1407.783,0.29006,23.247,100.0,0.0,19.6
1407.933,0.29006,23.247,100.0,0.0,19.6
1408.081,0.28539,23.25,100.0,0.0,19.62
1408.231,0.28539,23.256,100.0,0.0,19.62
1408.38,0.28539,23.259,100.0,0.0,19.6
1408.533,0.28348,23.259,100.0,0.0,19.6
1408.681,0.28348,23.263,100.0,0.0,19.62
1408.831,0.28694,23.269,100.0,0.0,19.62
1408.984,0.28694,23.269,100.0,0.0,19.61
1409.133,0.28694,23.272,100.0,0.0,19.61
1409.281,0.28694,23.275,100.0,0.0,19.63
1409.431,0.28694,23.278,100.0,0.0,19.63
1409.58,0.28694,23.278,100.0,0.0,19.57
1409.729,0.28694,23.284,100.0,0.0,19.57
1409.877,0.28694,23.288,100.0,0.0,19.6
1410.027,0.28694,23.291,100.0,0.0,19.6
1410.176,0.28694,23.291,100.0,0.0,19.66
1410.325,0.28694,23.297,100.0,0.0,19.66
1410.474,0.28694,23.3,100.0,0.0,19.67
1410.623,0.28452,23.3,100.0,0.0,19.67
1410.772,0.28452,23.303,100.0,0.0,19.65
1410.921,0.28452,23.306,100.0,0.0,19.65
1411.07,0.28584,23.312,100.0,0.0,19.66
1411.22,0.28584,23.312,100.0,0.0,19.66
1411.368,0.28584,23.316,100.0,0.0,19.64
1411.518,0.28767,23.319,100.0,0.0,19.64
1411.667,0.28767,23.325,100.0,0.0,19.65
1411.818,0.28767,23.325,100.0,0.0,19.65
1411.966,0.28767,23.328,100.0,0.0,19.59
1412.116,0.28767,23.331,100.0,0.0,19.59
1412.265,0.28394,23.331,100.0,0.0,19.62
1412.414,0.28394,23.334,100.0,0.0,19.62
1412.563,0.28394,23.341,100.0,0.0,19.52
1412.713,0.28506,23.344,100.0,0.0,19.52
1412.861,0.28506,23.344,100.0,0.0,19.56
1413.011,0.28506,23.347,100.0,0.0,19.56
1413.159,0.28111,23.353,100.0,0.0,19.62
1413.309,0.28111,23.356,100.0,0.0,19.62
1413.461,0.28111,23.356,100.0,0.0,19.72
1413.61,0.28111,23.359,100.0,0.0,19.72
1413.759,0.28111,23.362,100.0,0.0,19.69
1413.908,0.28111,23.362,100.0,0.0,19.69
1414.056,0.28111,23.369,100.0,0.0,19.66
1414.206,0.28111,23.372,100.0,0.0,19.66
1414.355,0.28111,23.375,100.0,0.0,19.67
1414.504,0.28111,23.375,100.0,0.0,19.67
1414.653,0.28111,23.381,100.0,0.0,19.65
1414.802,0.2868,23.384,100.0,0.0,19.65
1414.957,0.2868,23.388,100.0,0.0,19.7
1415.106,0.2868,23.388,100.0,0.0,19.7
1415.254,0.28269,23.391,100.0,0.0,19.74
1415.404,0.28269,23.397,100.0,0.0,19.74
1415.553,0.28269,23.397,100.0,0.0,19.71
1415.702,0.2864,23.4,100.0,0.0,19.71
1415.851,0.2864,23.403,100.0,0.0,19.71
1416.001,0.2864,23.409,100.0,0.0,19.71
1416.149,0.2864,23.409,100.0,0.0,19.72
1416.299,0.2864,23.413,100.0,0.0,19.72
1416.447,0.2864,23.416,100.0,0.0,19.69
1416.597,0.28906,23.419,100.0,0.0,19.69
1416.746,0.28906,23.419,100.0,0.0,19.7
1416.896,0.28906,23.425,100.0,0.0,19.7
1417.044,0.2854,23.428,100.0,0.0,19.7
1417.194,0.2854,23.428,100.0,0.0,19.7
1417.342,0.2854,23.431,100.0,0.0,19.75
1417.492,0.28614,23.437,100.0,0.0,19.75
1417.641,0.28614,23.441,100.0,0.0,19.71
1417.791,0.28614,23.441,100.0,0.0,19.71
1417.939,0.28614,23.444,100.0,0.0,19.72
1418.088,0.28614,23.447,100.0,0.0,19.72
1418.237,0.28614,23.453,100.0,0.0,19.68
1418.389,0.28614,23.453,100.0,0.0,19.68
1418.538,0.28614,23.456,100.0,0.0,19.62
1418.687,0.28614,23.459,100.0,0.0,19.62
1418.836,0.28614,23.459,100.0,0.0,19.6
1418.985,0.28614,23.466,100.0,0.0,19.6
1419.134,0.2855,23.469,100.0,0.0,19.59
1419.284,0.2855,23.472,100.0,0.0,19.59
1419.432,0.2855,23.472,100.0,0.0,19.54
1419.581,0.28361,23.475,100.0,0.0,19.54
1419.73,0.28361,23.481,100.0,0.0,19.57
1419.88,0.28361,23.484,100.0,0.0,19.57
1420.032,0.28487,23.484,100.0,0.0,19.56
1420.181,0.28487,23.487,100.0,0.0,19.56
1420.33,0.28487,23.494,100.0,0.0,19.55
1420.48,0.28487,23.494,100.0,0.0,19.55
1420.628,0.28487,23.497,100.0,0.0,19.62
1420.778,0.28342,23.5,100.0,0.0,19.62
1420.93,0.28342,23.503,100.0,0.0,19.64
1421.079,0.28342,23.503,100.0,0.0,19.64
1421.227,0.28042,23.509,100.0,0.0,19.62
1421.377,0.28042,23.513,100.0,0.0,19.62
1421.526,0.28042,23.516,100.0,0.0,19.62
1421.676,0.28839,23.516,100.0,0.0,19.64
1421.824,0.28839,23.522,100.0,0.0,19.64
1421.974,0.28839,23.525,100.0,0.0,19.62
1422.122,0.28839,23.525,100.0,0.0,19.62
1422.272,0.28839,23.528,100.0,0.0,19.64
1422.42,0.28839,23.531,100.0,0.0,19.64
1422.57,0.28839,23.538,100.0,0.0,19.62
1422.719,0.28839,23.538,100.0,0.0,19.62
1422.868,0.28839,23.541,100.0,0.0,19.56
1423.016,0.28839,23.544,100.0,0.0,19.56
1423.166,0.28839,23.55,100.0,0.0,19.63
1423.318,0.28839,23.55,100.0,0.0,19.63
1423.467,0.28258,23.553,100.0,0.0,19.68
1423.616,0.28258,23.556,100.0,0.0,19.68
1423.765,0.28259,23.556,100.0,0.0,19.69
1423.916,0.28259,23.559,100.0,0.0,19.69
1424.065,0.28259,23.566,100.0,0.0,19.74
1424.214,0.28045,23.569,100.0,0.0,19.74
1424.364,0.28045,23.569,100.0,0.0,19.67
1424.512,0.28045,23.572,100.0,0.0,19.67
1424.662,0.28045,23.578,100.0,0.0,19.72
1424.81,0.28045,23.581,100.0,0.0,19.72
1424.961,0.28045,23.581,100.0,0.0,19.76
1425.109,0.28042,23.584,100.0,0.0,19.76
1425.259,0.28042,23.587,100.0,0.0,19.79
1425.408,0.28042,23.587,100.0,0.0,19.79
1425.557,0.28284,23.594,100.0,0.0,19.83
1425.706,0.28284,23.597,100.0,0.0,19.83
1425.856,0.28284,23.6,100.0,0.0,19.81
1426.004,0.28611,23.6,100.0,0.0,19.81
1426.154,0.28611,23.606,100.0,0.0,19.84
1426.302,0.28611,23.609,100.0,0.0,19.84
1426.452,0.28611,23.612,100.0,0.0,19.83
1426.604,0.28611,23.612,100.0,0.0,19.83
1426.753,0.28611,23.616,100.0,0.0,19.93
1426.901,0.28611,23.622,100.0,0.0,19.93
1427.051,0.28611,23.622,100.0,0.0,19.9
1427.199,0.28611,23.625,100.0,0.0,19.9
1427.349,0.28611,23.628,100.0,0.0,19.84
1427.498,0.28611,23.634,100.0,0.0,19.84
1427.647,0.28114,23.634,100.0,0.0,19.75
1427.796,0.28114,23.638,100.0,0.0,19.75
1427.945,0.28114,23.641,100.0,0.0,19.79
1428.094,0.28803,23.644,100.0,0.0,19.79
1428.247,0.28803,23.644,100.0,0.0,19.82
1428.395,0.28803,23.65,100.0,0.0,19.82
1428.544,0.2779,23.653,100.0,0.0,19.77
1428.693,0.2779,23.653,100.0,0.0,19.77
1428.843,0.2779,23.656,100.0,0.0,19.81
1428.991,0.2779,23.663,100.0,0.0,19.81
1429.141,0.2779,23.666,100.0,0.0,19.87
1429.29,0.2779,23.666,100.0,0.0,19.87
1429.439,0.28307,23.669,100.0,0.0,19.86
1429.588,0.28307,23.672,100.0,0.0,19.86
1429.737,0.28172,23.678,100.0,0.0,19.8
1429.889,0.28172,23.678,100.0,0.0,19.8
1430.038,0.28172,23.681,100.0,0.0,19.79
1430.187,0.28365,23.684,100.0,0.0,19.79
1430.337,0.28365,23.684,100.0,0.0,19.75
1430.485,0.28365,23.691,100.0,0.0,19.75
1430.635,0.28365,23.694,100.0,0.0,19.79
1430.783,0.28365,23.697,100.0,0.0,19.79
1430.933,0.28365,23.697,100.0,0.0,19.74
1431.081,0.28365,23.7,100.0,0.0,19.74
1431.231,0.28365,23.706,100.0,0.0,19.71
1431.38,0.28365,23.709,100.0,0.0,19.71
1431.532,0.28365,23.709,100.0,0.0,19.75
1431.68,0.28365,23.712,100.0,0.0,19.75
1431.83,0.28365,23.719,100.0,0.0,19.75
1431.979,0.28007,23.719,100.0,0.0,19.75
1432.128,0.28007,23.722,100.0,0.0,19.75
1432.277,0.28007,23.725,100.0,0.0,19.75
1432.426,0.28358,23.728,100.0,0.0,19.71
1432.575,0.28358,23.728,100.0,0.0,19.71
1432.725,0.28442,23.734,100.0,0.0,19.68
1432.876,0.28442,23.737,100.0,0.0,19.68
1433.025,0.28442,23.741,100.0,0.0,19.73
1433.175,0.28442,23.741,100.0,0.0,19.73
1433.324,0.28442,23.747,100.0,0.0,19.73
1433.473,0.28442,23.75,100.0,0.0,19.73
1433.622,0.27885,23.75,100.0,0.0,19.7
1433.771,0.27885,23.753,100.0,0.0,19.7
1433.92,0.27885,23.756,100.0,0.0,19.67
1434.069,0.28189,23.763,100.0,0.0,19.67
1434.219,0.28189,23.763,100.0,0.0,19.64
1434.367,0.28189,23.766,100.0,0.0,19.64
1434.517,0.27908,23.769,100.0,0.0,19.55
1434.666,0.27908,23.775,100.0,0.0,19.55
1434.818,0.27908,23.775,100.0,0.0,19.5
1434.967,0.27908,23.778,100.0,0.0,19.5
1435.116,0.27908,23.781,100.0,0.0,19.54
1435.265,0.27908,23.781,100.0,0.0,19.54
1435.414,0.27908,23.784,100.0,0.0,19.53
1435.563,0.27908,23.791,100.0,0.0,19.53
1435.712,0.27908,23.794,100.0,0.0,19.57
1435.861,0.27908,23.794,100.0,0.0,19.57
1436.01,0.27908,23.797,100.0,0.0,19.52
1436.159,0.28071,23.803,100.0,0.0,19.52
1436.309,0.28071,23.806,100.0,0.0,19.55
1436.46,0.28071,23.806,100.0,0.0,19.55
1436.61,0.28228,23.809,100.0,0.0,19.55
1436.759,0.28228,23.812,100.0,0.0,19.55
1436.908,0.28228,23.812,100.0,0.0,19.5
1437.056,0.27851,23.819,100.0,0.0,19.5
1437.206,0.27851,23.822,100.0,0.0,19.54
1437.355,0.27851,23.825,100.0,0.0,19.54
1437.505,0.27851,23.825,100.0,0.0,19.53
1437.653,0.27851,23.831,100.0,0.0,19.53
1437.802,0.27851,23.834,100.0,0.0,19.49
1437.951,0.28175,23.837,100.0,0.0,19.49
1438.104,0.28175,23.837,100.0,0.0,19.49
1438.252,0.28175,23.841,100.0,0.0,19.49
1438.402,0.27709,23.847,100.0,0.0,19.53
1438.551,0.27709,23.847,100.0,0.0,19.53
1438.7,0.27939,23.85,100.0,0.0,19.6
1438.849,0.27939,23.853,100.0,0.0,19.6
1438.999,0.27939,23.859,100.0,0.0,19.66
1439.147,0.27939,23.859,100.0,0.0,19.66
1439.296,0.27939,23.862,100.0,0.0,19.64
1439.445,0.27939,23.866,100.0,0.0,19.64
1439.595,0.27939,23.869,100.0,0.0,19.64
1439.747,0.27939,23.869,100.0,0.0,19.58
1439.896,0.27939,23.875,100.0,0.0,19.58
1440.044,0.27939,23.878,100.0,0.0,19.57
1440.194,0.27939,23.878,100.0,0.0,19.57
1440.342,0.27939,23.881,100.0,0.0,19.63
1440.492,0.27786,23.888,100.0,0.0,19.63
1440.641,0.27786,23.891,100.0,0.0,19.57
1440.791,0.27786,23.891,100.0,0.0,19.57
1440.939,0.27757,23.894,100.0,0.0,19.56
1441.089,0.27757,23.897,100.0,0.0,19.56
1441.237,0.27757,23.903,100.0,0.0,19.59
1441.39,0.28202,23.903,100.0,0.0,19.59
1441.538,0.28202,23.906,100.0,0.0,19.58
1441.688,0.28202,23.909,100.0,0.0,19.58
1441.837,0.28202,23.909,100.0,0.0,19.6
1441.986,0.28202,23.916,100.0,0.0,19.6
1442.134,0.28028,23.919,100.0,0.0,19.66
1442.284,0.28028,23.922,100.0,0.0,19.66
1442.433,0.28028,23.922,100.0,0.0,19.68
1442.582,0.28753,23.925,100.0,0.0,19.68
1442.731,0.28753,23.931,100.0,0.0,19.61
1442.881,0.28753,23.934,100.0,0.0,19.61
1443.032,0.28611,23.934,100.0,0.0,19.6
1443.182,0.28611,23.937,100.0,0.0,19.6
1443.331,0.28611,23.944,100.0,0.0,19.58
1443.48,0.28611,23.944,100.0,0.0,19.58
1443.628,0.28611,23.947,100.0,0.0,19.57
1443.778,0.28611,23.95,100.0,0.0,19.57
1443.927,0.28611,23.953,100.0,0.0,19.67
1444.076,0.28611,23.953,100.0,0.0,19.67
1444.224,0.28611,23.959,100.0,0.0,19.65
1444.374,0.28611,23.962,100.0,0.0,19.65
1444.523,0.28611,23.966,100.0,0.0,19.66
1444.676,0.27593,23.966,100.0,0.0,19.66
1444.824,0.27593,23.972,100.0,0.0,19.71
1444.974,0.27593,23.975,100.0,0.0,19.71
1445.122,0.27704,23.975,100.0,0.0,19.76
1445.272,0.27704,23.978,100.0,0.0,19.76
1445.42,0.27704,23.981,100.0,0.0,19.83
1445.57,0.28404,23.987,100.0,0.0,19.83
1445.719,0.28404,23.987,100.0,0.0,19.85
1445.868,0.28404,23.991,100.0,0.0,19.85
1446.017,0.28404,23.994,100.0,0.0,19.76
1446.166,0.28404,24.0,100.0,0.0,19.76
1446.318,0.28404,24.0,100.0,0.0,19.76
1446.467,0.27953,24.003,100.0,0.0,19.76
1446.616,0.27953,24.006,100.0,0.0,19.8
1446.766,0.27953,24.006,100.0,0.0,19.8
1446.914,0.28127,24.009,100.0,0.0,19.83
1447.064,0.28127,24.016,100.0,0.0,19.83
1447.213,0.28127,24.019,100.0,0.0,19.78
1447.362,0.2781,24.019,100.0,0.0,19.78
1447.511,0.2781,24.022,100.0,0.0,19.77
1447.66,0.2781,24.028,100.0,0.0,19.77
1447.809,0.2781,24.031,100.0,0.0,19.81
1447.962,0.2781,24.031,100.0,0.0,19.81
1448.11,0.2781,24.034,100.0,0.0,19.76
1448.259,0.2781,24.038,100.0,0.0,19.76
1448.408,0.2781,24.038,100.0,0.0,19.69
1448.557,0.2781,24.044,100.0,0.0,19.69
1448.706,0.2781,24.047,100.0,0.0,19.66
1448.855,0.2781,24.05,100.0,0.0,19.66
1449.004,0.27339,24.05,100.0,0.0,19.63
1449.154,0.27339,24.056,100.0,0.0,19.63
1449.302,0.27339,24.059,100.0,0.0,19.61
1449.452,0.27511,24.062,100.0,0.0,19.61
1449.604,0.27511,24.062,100.0,0.0,19.63
1449.753,0.27511,24.066,100.0,0.0,19.63
1449.901,0.2745,24.072,100.0,0.0,19.61
1450.051,0.2745,24.072,100.0,0.0,19.61
1450.2,0.2745,24.075,100.0,0.0,19.63
1450.349,0.2745,24.078,100.0,0.0,19.63
1450.498,0.2745,24.084,100.0,0.0,19.58
1450.647,0.27867,24.084,100.0,0.0,19.58
1450.796,0.27867,24.087,100.0,0.0,19.68
1450.946,0.27867,24.091,100.0,0.0,19.68
1451.094,0.27992,24.094,100.0,0.0,19.69
1451.247,0.27992,24.094,100.0,0.0,19.69
1451.395,0.27992,24.1,100.0,0.0,19.66
1451.545,0.2807,24.103,100.0,0.0,19.66
1451.694,0.2807,24.103,100.0,0.0,19.71
1451.843,0.2807,24.106,100.0,0.0,19.71
1451.992,0.2807,24.112,100.0,0.0,19.68
1452.141,0.2807,24.116,100.0,0.0,19.68
1452.29,0.2807,24.116,100.0,0.0,19.69
1452.439,0.2807,24.119,100.0,0.0,19.69
1452.588,0.2807,24.122,100.0,0.0,19.7
1452.737,0.2807,24.128,100.0,0.0,19.7
1452.89,0.2807,24.128,100.0,0.0,19.74
1453.039,0.2807,24.131,100.0,0.0,19.74
1453.187,0.2807,24.134,100.0,0.0,19.67
1453.337,0.27793,24.134,100.0,0.0,19.67
1453.486,0.27793,24.141,100.0,0.0,19.64
1453.635,0.27809,24.144,100.0,0.0,19.64
1453.784,0.27809,24.147,100.0,0.0,19.74
1453.934,0.27809,24.147,100.0,0.0,19.74
1454.082,0.27573,24.15,100.0,0.0,19.74
1454.232,0.27573,24.156,100.0,0.0,19.74
1454.381,0.27573,24.159,100.0,0.0,19.63
1454.533,0.27573,24.159,100.0,0.0,19.63
1454.681,0.27573,24.163,100.0,0.0,19.61
1454.83,0.27573,24.169,100.0,0.0,19.61
1454.979,0.27556,24.169,100.0,0.0,19.55
1455.129,0.27556,24.172,100.0,0.0,19.55
1455.277,0.27556,24.175,100.0,0.0,19.62
1455.427,0.27582,24.178,100.0,0.0,19.62
1455.576,0.27582,24.178,100.0,0.0,19.6
1455.725,0.27582,24.184,100.0,0.0,19.6
1455.874,0.27653,24.187,100.0,0.0,19.59
1456.024,0.27653,24.191,100.0,0.0,19.59
1456.175,0.27653,24.191,100.0,0.0,19.57
1456.324,0.27653,24.197,100.0,0.0,19.57
1456.473,0.27653,24.2,100.0,0.0,19.56
1456.623,0.27653,24.2,100.0,0.0,19.56
1456.771,0.27653,24.203,100.0,0.0,19.63
1456.92,0.27653,24.206,100.0,0.0,19.63
1457.069,0.27653,24.212,100.0,0.0,19.65
1457.219,0.27653,24.212,100.0,0.0,19.65
1457.367,0.27653,24.216,100.0,0.0,19.62
1457.517,0.28113,24.219,100.0,0.0,19.62
1457.665,0.28113,24.225,100.0,0.0,19.61
1457.818,0.28113,24.225,100.0,0.0,19.61
1457.966,0.28184,24.228,100.0,0.0,19.67
1458.116,0.28184,24.231,100.0,0.0,19.67
1458.265,0.28184,24.231,100.0,0.0,19.6
1458.414,0.27344,24.234,100.0,0.0,19.6
1458.563,0.27344,24.241,100.0,0.0,19.6
1458.713,0.27344,24.244,100.0,0.0,19.63
1458.861,0.27344,24.244,100.0,0.0,19.63
1459.011,0.27344,24.247,100.0,0.0,19.64
1459.159,0.27344,24.253,100.0,0.0,19.64
1459.309,0.27565,24.256,100.0,0.0,19.7
1459.461,0.27565,24.256,100.0,0.0,19.7
1459.61,0.27653,24.259,100.0,0.0,19.78
1459.759,0.27653,24.263,100.0,0.0,19.78
1459.909,0.27653,24.263,100.0,0.0,19.74
1460.057,0.27643,24.269,100.0,0.0,19.74
1460.207,0.27643,24.272,100.0,0.0,19.7
1460.355,0.27643,24.275,100.0,0.0,19.7
1460.505,0.27643,24.275,100.0,0.0,19.71
1460.653,0.27643,24.281,100.0,0.0,19.71
1460.803,0.27643,24.284,100.0,0.0,19.72
1460.951,0.27643,24.288,100.0,0.0,19.72
1461.104,0.27643,24.288,100.0,0.0,19.76
1461.252,0.27643,24.291,100.0,0.0,19.76
1461.402,0.27643,24.297,100.0,0.0,19.76
1461.551,0.27643,24.297,100.0,0.0,19.76
1461.7,0.27643,24.3,100.0,0.0,19.76
1461.848,0.27567,24.303,100.0,0.0,19.76
1461.998,0.27567,24.309,100.0,0.0,19.72
1462.147,0.27567,24.309,100.0,0.0,19.72
1462.296,0.27,24.312,100.0,0.0,19.72
1462.445,0.27,24.316,100.0,0.0,19.72
1462.595,0.2753,24.319,100.0,0.0,19.69
1462.746,0.2753,24.319,100.0,0.0,19.69
1462.895,0.2753,24.325,100.0,0.0,19.74
1463.044,0.2753,24.328,100.0,0.0,19.74
1463.194,0.2753,24.328,100.0,0.0,19.7
1463.342,0.2753,24.331,100.0,0.0,19.7
1463.492,0.27455,24.337,100.0,0.0,19.67
1463.641,0.27455,24.341,100.0,0.0,19.67
1463.79,0.27455,24.341,100.0,0.0,19.72
1463.938,0.27405,24.344,100.0,0.0,19.72
1464.088,0.27405,24.347,100.0,0.0,19.76
1464.237,0.27405,24.353,100.0,0.0,19.76
1464.39,0.27422,24.353,100.0,0.0,19.76
1464.538,0.27422,24.356,100.0,0.0,19.76
1464.688,0.27422,24.359,100.0,0.0,19.76
1464.837,0.27422,24.359,100.0,0.0,19.76
1464.986,0.27422,24.366,100.0,0.0,19.79
1465.134,0.27422,24.369,100.0,0.0,19.79
1465.284,0.27422,24.372,100.0,0.0,19.75
1465.433,0.27422,24.372,100.0,0.0,19.75
1465.582,0.27422,24.375,100.0,0.0,19.75
1465.73,0.27422,24.381,100.0,0.0,19.75
1465.88,0.27422,24.384,100.0,0.0,19.75
1466.033,0.27522,24.384,100.0,0.0,19.75
1466.182,0.27522,24.388,100.0,0.0,19.75
1466.33,0.27522,24.394,100.0,0.0,19.75
1466.48,0.27648,24.394,100.0,0.0,19.79
1466.629,0.27648,24.397,100.0,0.0,19.79
1466.778,0.27648,24.4,100.0,0.0,19.86
1466.927,0.27648,24.403,100.0,0.0,19.86
1467.077,0.27648,24.403,100.0,0.0,19.88
1467.225,0.27648,24.409,100.0,0.0,19.88
1467.374,0.27453,24.413,100.0,0.0,19.82
1467.523,0.27453,24.416,100.0,0.0,19.82
1467.675,0.27453,24.416,100.0,0.0,19.77
1467.825,0.27389,24.422,100.0,0.0,19.77
1467.973,0.27389,24.425,100.0,0.0,19.73
1468.122,0.27389,24.425,101.0,0.0,19.73
1468.271,0.27806,24.428,100.0,0.0,19.77
1468.42,0.27806,24.431,100.0,0.0,19.77
1468.57,0.27764,24.437,100.0,0.0,19.77
1468.719,0.27764,24.437,100.0,0.0,19.77
1468.868,0.27764,24.441,100.0,0.0,19.73
1469.017,0.27153,24.444,100.0,0.0,19.73
1469.167,0.27153,24.45,100.0,0.0,19.73
1469.319,0.27153,24.45,100.0,0.0,19.73
1469.467,0.27153,24.453,100.0,0.0,19.7
1469.617,0.27153,24.456,100.0,0.0,19.7
1469.765,0.27153,24.456,100.0,0.0,19.63
1469.913,0.27153,24.459,100.0,0.0,19.63
1470.063,0.27153,24.466,100.0,0.0,19.61
1470.212,0.27153,24.469,100.0,0.0,19.61
1470.361,0.27153,24.469,100.0,0.0,19.67
1470.51,0.27153,24.472,100.0,0.0,19.67
1470.659,0.27153,24.478,100.0,0.0,19.72
1470.808,0.27153,24.481,100.0,0.0,19.72
1470.961,0.27153,24.481,100.0,0.0,19.65
1471.109,0.27153,24.484,100.0,0.0,19.65
1471.259,0.27153,24.487,100.0,0.0,19.63
1471.407,0.27153,24.487,100.0,0.0,19.63
1471.556,0.26966,24.494,100.0,0.0,19.72
1471.705,0.26966,24.497,100.0,0.0,19.72
1471.855,0.26966,24.5,100.0,0.0,19.65
1472.004,0.27546,24.5,100.0,0.0,19.65
1472.153,0.27546,24.506,100.0,0.0,19.63
1472.302,0.27546,24.509,100.0,0.0,19.63
1472.451,0.27094,24.513,100.0,0.0,19.61
1472.604,0.27094,24.513,100.0,0.0,19.61
1472.753,0.27094,24.516,100.0,0.0,19.59
1472.901,0.27094,24.522,100.0,0.0,19.59
1473.051,0.27094,24.522,100.0,0.0,19.62
1473.199,0.27094,24.525,100.0,0.0,19.62
1473.349,0.27094,24.528,100.0,0.0,19.64
1473.497,0.27094,24.534,100.0,0.0,19.64
1473.647,0.27094,24.534,100.0,0.0,19.69
1473.795,0.27094,24.538,100.0,0.0,19.69
1473.945,0.27094,24.541,100.0,0.0,19.62
1474.093,0.27094,24.544,100.0,0.0,19.62
1474.247,0.27094,24.544,100.0,0.0,19.64
1474.396,0.27094,24.55,100.0,0.0,19.64
1474.545,0.27094,24.553,100.0,0.0,19.62
1474.693,0.27094,24.553,100.0,0.0,19.62
1474.842,0.27094,24.556,100.0,0.0,19.57
1474.991,0.27094,24.562,100.0,0.0,19.57
1475.141,0.27094,24.566,100.0,0.0,19.56
1475.289,0.27094,24.566,100.0,0.0,19.56
1475.439,0.27094,24.569,100.0,0.0,19.51
1475.587,0.27094,24.572,100.0,0.0,19.51
1475.737,0.27094,24.578,100.0,0.0,19.62
1475.89,0.27094,24.578,100.0,0.0,19.62
1476.038,0.27094,24.581,100.0,0.0,19.68
1476.188,0.27094,24.584,100.0,0.0,19.68
1476.336,0.27094,24.584,100.0,0.0,19.61
1476.484,0.27094,24.591,100.0,0.0,19.61
1476.634,0.27094,24.594,100.0,0.0,19.71
1476.783,0.27094,24.597,100.0,0.0,19.71
1476.932,0.27094,24.597,100.0,0.0,19.71
1477.081,0.27094,24.6,100.0,0.0,19.68
1477.23,0.27094,24.606,100.0,0.0,19.68
1477.379,0.27094,24.609,100.0,0.0,19.69
1477.532,0.26998,24.609,100.0,0.0,19.69
1477.682,0.26998,24.612,100.0,0.0,19.7
1477.83,0.26998,24.619,100.0,0.0,19.7
1477.98,0.26998,24.619,100.0,0.0,19.74
1478.128,0.26998,24.622,100.0,0.0,19.74
1478.277,0.26998,24.625,100.0,0.0,19.71
1478.427,0.26998,24.628,100.0,0.0,19.71
1478.575,0.26998,24.628,100.0,0.0,19.64
1478.724,0.26998,24.634,100.0,0.0,19.64
1478.873,0.26998,24.638,100.0,0.0,19.58
1479.023,0.26998,24.641,100.0,0.0,19.58
1479.176,0.26998,24.641,100.0,0.0,19.61
1479.324,0.26998,24.647,100.0,0.0,19.61
1479.474,0.26998,24.65,100.0,0.0,19.59
1479.622,0.26998,24.65,100.0,0.0,19.59
1479.77,0.26998,24.653,100.0,0.0,19.58
1479.92,0.26998,24.656,100.0,0.0,19.58
1480.069,0.26998,24.663,100.0,0.0,19.56
1480.218,0.26998,24.663,100.0,0.0,19.56
1480.367,0.26998,24.666,100.0,0.0,19.56
1480.516,0.26998,24.669,100.0,0.0,19.56
1480.665,0.26998,24.675,100.0,0.0,19.58
1480.818,0.26998,24.675,100.0,0.0,19.58
1480.967,0.26998,24.678,100.0,0.0,19.57
1481.116,0.26998,24.681,100.0,0.0,19.57
1481.265,0.26998,24.681,100.0,0.0,19.56
1481.413,0.26998,24.684,100.0,0.0,19.56
1481.562,0.26998,24.691,100.0,0.0,19.55
1481.712,0.26998,24.694,100.0,0.0,19.55
1481.86,0.27044,24.694,100.0,0.0,19.54
1482.01,0.27044,24.697,100.0,0.0,19.54
1482.159,0.27044,24.703,100.0,0.0,19.5
1482.308,0.27044,24.706,100.0,0.0,19.5
1482.461,0.27044,24.706,100.0,0.0,19.5
1482.61,0.27044,24.709,100.0,0.0,19.5
1482.759,0.27044,24.712,100.0,0.0,19.54
1482.908,0.27044,24.712,100.0,0.0,19.54
1483.057,0.27044,24.719,100.0,0.0,19.57
1483.206,0.27044,24.722,100.0,0.0,19.57
1483.354,0.27044,24.725,100.0,0.0,19.6
1483.504,0.27044,24.725,100.0,0.0,19.6
1483.652,0.27044,24.731,100.0,0.0,19.62
1483.802,0.27044,24.734,100.0,0.0,19.62
1483.95,0.27044,24.737,100.0,0.0,19.6
1484.103,0.27044,24.737,100.0,0.0,19.6
1484.253,0.27044,24.741,100.0,0.0,19.62
1484.401,0.2728,24.747,100.0,0.0,19.62
1484.551,0.2728,24.747,100.0,0.0,19.53
1484.699,0.2728,24.75,100.0,0.0,19.53
1484.849,0.26674,24.753,100.0,0.0,19.56
1484.998,0.26674,24.759,100.0,0.0,19.56
1485.148,0.26674,24.759,100.0,0.0,19.63
1485.296,0.26674,24.763,100.0,0.0,19.63
1485.444,0.26674,24.766,100.0,0.0,19.65
1485.594,0.26674,24.769,100.0,0.0,19.65
1485.747,0.26934,24.769,100.0,0.0,19.62
1485.895,0.26934,24.775,100.0,0.0,19.62
1486.045,0.26934,24.778,100.0,0.0,19.68
1486.194,0.26934,24.778,100.0,0.0,19.68
1486.343,0.26934,24.781,100.0,0.0,19.65
1486.491,0.26934,24.788,100.0,0.0,19.65
1486.641,0.26934,24.791,100.0,0.0,19.63
1486.79,0.26934,24.791,100.0,0.0,19.63
1486.938,0.26934,24.794,100.0,0.0,19.69
1487.088,0.26934,24.797,100.0,0.0,19.69
1487.236,0.26934,24.803,100.0,0.0,19.73
1487.389,0.27433,24.803,100.0,0.0,19.73
1487.539,0.27433,24.806,100.0,0.0,19.74
1487.687,0.27433,24.809,100.0,0.0,19.74
1487.837,0.26892,24.809,100.0,0.0,19.74
1487.986,0.26892,24.816,100.0,0.0,19.74
1488.135,0.26892,24.819,100.0,0.0,19.74
1488.284,0.26991,24.822,100.0,0.0,19.74
1488.434,0.26991,24.822,100.0,0.0,19.74
1488.582,0.26991,24.825,100.0,0.0,19.74
1488.732,0.27105,24.831,100.0,0.0,19.74
1488.881,0.27105,24.834,100.0,0.0,19.74
1489.032,0.27105,24.834,100.0,0.0,19.74
1489.181,0.27096,24.837,100.0,0.0,19.74
1489.33,0.27096,24.844,100.0,0.0,19.71
1489.479,0.27096,24.844,100.0,0.0,19.71
1489.628,0.27096,24.847,100.0,0.0,19.6
1489.777,0.27096,24.85,100.0,0.0,19.6
1489.927,0.26451,24.853,100.0,0.0,19.66
1490.076,0.26451,24.853,100.0,0.0,19.66
1490.225,0.26451,24.859,100.0,0.0,19.64
1490.373,0.26451,24.862,100.0,0.0,19.64
1490.522,0.26451,24.866,100.0,0.0,19.69
1490.675,0.26451,24.866,100.0,0.0,19.69
1490.824,0.26451,24.872,100.0,0.0,19.74
1490.973,0.26451,24.875,100.0,0.0,19.74
1491.122,0.26451,24.875,100.0,0.0,19.7
1491.27,0.26451,24.878,100.0,0.0,19.7
1491.42,0.26451,24.881,100.0,0.0,19.67
1491.569,0.26451,24.888,100.0,0.0,19.67
1491.717,0.26451,24.888,100.0,0.0,19.68
1491.867,0.26451,24.891,100.0,0.0,19.68
1492.015,0.26451,24.894,100.0,0.0,19.69
1492.165,0.2648,24.9,100.0,0.0,19.69
1492.318,0.2648,24.9,100.0,0.0,19.63
1492.467,0.26618,24.903,100.0,0.0,19.63
1492.616,0.26618,24.906,100.0,0.0,19.61
1492.765,0.26618,24.906,100.0,0.0,19.61
1492.914,0.26858,24.909,100.0,0.0,19.59
1493.063,0.26858,24.916,100.0,0.0,19.59
1493.213,0.26858,24.919,100.0,0.0,19.62
1493.362,0.26785,24.919,100.0,0.0,19.62
1493.511,0.26785,24.922,100.0,0.0,19.71
1493.66,0.26785,24.928,100.0,0.0,19.71
1493.809,0.26785,24.931,100.0,0.0,19.72
1493.96,0.26785,24.931,100.0,0.0,19.72
1494.109,0.26785,24.934,100.0,0.0,19.8
1494.258,0.26785,24.937,100.0,0.0,19.8
1494.408,0.26785,24.937,100.0,0.0,19.75
1494.556,0.26785,24.944,100.0,0.0,19.75
1494.706,0.26785,24.947,100.0,0.0,19.75
1494.854,0.26785,24.95,100.0,0.0,19.75
1495.004,0.26785,24.95,100.0,0.0,19.75
1495.152,0.26785,24.956,100.0,0.0,19.75
1495.301,0.26785,24.959,100.0,0.0,19.75
1495.45,0.26785,24.962,100.0,0.0,19.79
1495.604,0.26785,24.962,100.0,0.0,19.79
1495.752,0.26785,24.966,100.0,0.0,19.75
1495.902,0.26785,24.972,100.0,0.0,19.75
1496.05,0.26785,24.972,100.0,0.0,19.75
1496.199,0.26785,24.975,100.0,0.0,19.75
1496.348,0.26642,24.978,100.0,0.0,19.71
1496.498,0.26642,24.984,100.0,0.0,19.71
1496.647,0.26642,24.984,100.0,0.0,19.68
1496.796,0.26574,24.987,100.0,0.0,19.68
1496.945,0.26574,24.991,100.0,0.0,19.65
1497.093,0.26574,24.994,100.0,0.0,19.65
1497.246,0.26958,24.994,100.0,0.0,19.63
1497.395,0.26958,25.0,100.0,0.0,19.63
1497.544,0.26958,25.003,100.0,0.0,19.68
1497.694,0.2684,25.003,100.0,0.0,19.68
1497.842,0.2684,25.006,100.0,0.0,19.62
1497.992,0.2684,25.013,100.0,0.0,19.62
1498.14,0.2684,25.016,100.0,0.0,19.64
1498.29,0.2684,25.016,100.0,0.0,19.64
1498.438,0.2684,25.019,100.0,0.0,19.66
1498.588,0.2684,25.022,100.0,0.0,19.66
1498.736,0.2684,25.028,100.0,0.0,19.67
1498.889,0.2684,25.028,100.0,0.0,19.67
1499.037,0.2684,25.031,100.0,0.0,19.61
1499.187,0.2684,25.034,100.0,0.0,19.61
1499.336,0.2684,25.034,100.0,0.0,19.67
1499.485,0.2684,25.041,100.0,0.0,19.67
1499.634,0.2684,25.044,100.0,0.0,19.68
1499.783,0.2684,25.047,100.0,0.0,19.68
1499.932,0.2684,25.047,100.0,0.0,19.69
1500.081,0.2684,25.05,100.0,0.0,19.69
1500.23,0.2684,25.056,100.0,0.0,19.7
1500.378,0.2684,25.059,100.0,0.0,19.7
1500.532,0.2684,25.059,100.0,0.0,19.74
1500.681,0.26503,25.062,100.0,0.0,19.74
1500.83,0.26503,25.069,100.0,0.0,19.82
1500.98,0.26503,25.069,100.0,0.0,19.82
1501.128,0.26137,25.072,100.0,0.0,19.81
1501.278,0.26137,25.075,100.0,0.0,19.81
1501.426,0.26478,25.078,100.0,0.0,19.8
1501.576,0.26478,25.078,100.0,0.0,19.8
1501.724,0.26478,25.084,100.0,0.0,19.72
1501.874,0.26203,25.087,100.0,0.0,19.72
1502.023,0.26203,25.091,100.0,0.0,19.76
1502.175,0.26203,25.091,100.0,0.0,19.76
1502.323,0.26203,25.097,100.0,0.0,19.76
1502.473,0.26203,25.1,100.0,0.0,19.76
1502.621,0.26203,25.1,100.0,0.0,19.72
1502.77,0.26203,25.103,100.0,0.0,19.72
1502.919,0.26203,25.106,100.0,0.0,19.65
1503.069,0.26203,25.112,100.0,0.0,19.65
1503.217,0.26203,25.112,100.0,0.0,19.63
1503.365,0.26203,25.116,100.0,0.0,19.63
1503.515,0.26203,25.119,100.0,0.0,19.61
1503.665,0.26203,25.125,100.0,0.0,19.61
1503.817,0.26203,25.125,100.0,0.0,19.59
1503.966,0.26203,25.128,100.0,0.0,19.59
1504.115,0.26203,25.131,100.0,0.0,19.58
1504.265,0.26203,25.131,100.0,0.0,19.58
1504.413,0.26203,25.134,100.0,0.0,19.64
1504.563,0.26203,25.141,100.0,0.0,19.64
1504.711,0.26203,25.144,100.0,0.0,19.7
1504.861,0.26642,25.144,100.0,0.0,19.7
1505.009,0.26642,25.147,100.0,0.0,19.74
1505.159,0.26642,25.153,100.0,0.0,19.74
1505.308,0.26262,25.156,100.0,0.0,19.74
1505.461,0.26262,25.156,100.0,0.0,19.74
1505.609,0.26262,25.159,100.0,0.0,19.74
1505.759,0.26688,25.163,100.0,0.0,19.74
1505.908,0.26688,25.163,100.0,0.0,19.67
1506.057,0.26688,25.169,100.0,0.0,19.67
1506.205,0.26113,25.172,100.0,0.0,19.64
1506.355,0.26113,25.175,100.0,0.0,19.64
1506.504,0.26113,25.175,100.0,0.0,19.66
1506.653,0.26113,25.181,100.0,0.0,19.66
1506.802,0.26113,25.184,100.0,0.0,19.67
1506.951,0.26113,25.187,100.0,0.0,19.67
1507.103,0.26113,25.187,100.0,0.0,19.65
1507.252,0.26113,25.191,100.0,0.0,19.65
1507.401,0.26113,25.197,100.0,0.0,19.66
1507.55,0.26113,25.197,100.0,0.0,19.66
1507.698,0.26113,25.2,100.0,0.0,19.68
1507.848,0.26113,25.203,100.0,0.0,19.68
1507.997,0.26113,25.209,100.0,0.0,19.72
1508.146,0.26113,25.209,100.0,0.0,19.72
1508.294,0.26113,25.212,100.0,0.0,19.73
1508.444,0.26113,25.216,100.0,0.0,19.73
1508.593,0.26113,25.219,100.0,0.0,19.66
1508.746,0.26113,25.219,100.0,0.0,19.66
1508.894,0.26113,25.225,100.0,0.0,19.63
1509.044,0.26113,25.228,100.0,0.0,19.63
1509.193,0.26858,25.228,100.0,0.0,19.69
1509.342,0.26858,25.231,100.0,0.0,19.69
1509.491,0.26858,25.237,100.0,0.0,19.62
1509.641,0.26468,25.241,100.0,0.0,19.62
1509.789,0.26468,25.241,100.0,0.0,19.64
1509.939,0.26468,25.244,100.0,0.0,19.64
1510.087,0.26187,25.247,100.0,0.0,19.73
1510.237,0.26187,25.253,100.0,0.0,19.73
1510.388,0.25956,25.253,100.0,0.0,19.62
